clip_id,syllable,filename,freq_rank,heard,status
v00001,a,v00001.mp3,945,ê,mismatch
v00002,ai,v00002.mp3,461,ai,ok
v00003,am,v00003.mp3,2655,ám,tone_mismatch
v00004,an,v00004.mp3,81,anh,mismatch
v00005,ang,v00005.mp3,4587,anh,mismatch
v00006,anh,v00006.mp3,45,anh,ok
v00007,ao,v00007.mp3,2035,ao,ok
v00008,au,v00008.mp3,3979,au,ok
v00009,ay,v00009.mp3,6570,ấy,mismatch
v00010,ba,v00010.mp3,425,ba,ok
v00011,bai,v00011.mp3,3126,buai,mismatch
v00012,bam,v00012.mp3,5748,từbom,mismatch
v00013,ban,v00013.mp3,202,banh,mismatch
v00014,bang,v00014.mp3,1529,ban,mismatch
v00015,banh,v00015.mp3,3745,bân,mismatch
v00016,bao,v00016.mp3,379,bao,ok
v00017,bau,v00017.mp3,5728,từbao,mismatch
v00018,bay,v00018.mp3,483,bay,ok
v00019,be,v00019.mp3,2037,bè,tone_mismatch
v00020,ben,v00020.mp3,2278,bên,mismatch
v00021,beng,v00021.mp3,4041,từbên,mismatch
v00022,beo,v00022.mp3,4167,bêu,mismatch
v00023,bi,v00023.mp3,1678,b,mismatch
v00024,bia,v00024.mp3,1288,bi,mismatch
v00025,bim,v00025.mp3,3430,biêm,mismatch
v00026,bin,v00026.mp3,2981,pin,mismatch
v00027,binh,v00027.mp3,1182,bình,tone_mismatch
v00028,biêm,v00028.mp3,6075,biêm,ok
v00029,biên,v00029.mp3,592,bình,mismatch
v00030,biêng,v00030.mp3,5908,bình,mismatch
v00031,biêu,v00031.mp3,5625,từbill,mismatch
v00032,biếc,v00032.mp3,4272,biết,mismatch
v00033,biếm,v00033.mp3,3944,biến,mismatch
v00034,biến,v00034.mp3,438,tựbiến,mismatch
v00035,biếng,v00035.mp3,2935,biến,mismatch
v00036,biếp,v00036.mp3,6816,điếp,mismatch
v00037,biết,v00037.mp3,76,biết,ok
v00038,biếu,v00038.mp3,2485,biếu,ok
v00039,biềm,v00039.mp3,6138,từpin,mismatch
v00040,biền,v00040.mp3,4138,bình,mismatch
v00041,biều,v00041.mp3,5352,unkbưu,mismatch
v00042,biểm,v00042.mp3,6324,biển,mismatch
v00043,biển,v00043.mp3,386,từbiển,mismatch
v00044,biểu,v00044.mp3,383,biểu,ok
v00045,biễn,v00045.mp3,5505,từbiển,mismatch
v00046,biễu,v00046.mp3,6050,biểu,tone_mismatch
v00047,biệc,v00047.mp3,6491,từbiệt,mismatch
v00048,biện,v00048.mp3,881,biển,tone_mismatch
v00049,biệt,v00049.mp3,292,từbiệt,mismatch
v00050,bo,v00050.mp3,2866,từbo,mismatch
v00051,boa,v00051.mp3,4456,tửboa,mismatch
v00052,boe,v00052.mp3,5473,bố,mismatch
v00053,boi,v00053.mp3,5520,bơi,mismatch
v00054,bom,v00054.mp3,1574,bơm,mismatch
v00055,bon,v00055.mp3,2994,bông,mismatch
v00056,bong,v00056.mp3,2436,từbông,mismatch
v00057,boong,v00057.mp3,4177,bóng,mismatch
v00058,boăn,v00058.mp3,7033,bằng,mismatch
v00059,bu,v00059.mp3,3791,bu,ok
v00060,bua,v00060.mp3,4194,từbua,mismatch
v00061,bui,v00061.mp3,2309,từbụi,mismatch
v00062,bum,v00062.mp3,5314,bơm,mismatch
v00063,bun,v00063.mp3,4302,từbông,mismatch
v00064,bung,v00064.mp3,2554,từbung,mismatch
v00065,buy,v00065.mp3,5087,bay,mismatch
v00066,buôi,v00066.mp3,6700,bôi,mismatch
v00067,buôn,v00067.mp3,1061,từbuôn,mismatch
v00068,buông,v00068.mp3,2059,từbuôn,mismatch
v00069,buýt,v00069.mp3,1620,biết,mismatch
v00070,buốc,v00070.mp3,7032,bước,mismatch
v00071,buối,v00071.mp3,6350,từbúi,mismatch
v00072,buốt,v00072.mp3,3255,bút,mismatch
v00073,buồm,v00073.mp3,3272,từbồn,mismatch
v00074,buồn,v00074.mp3,1036,từbuồn,mismatch
v00075,buồng,v00075.mp3,2041,buồn,mismatch
v00076,buổi,v00076.mp3,612,từbúi,mismatch
v00077,buỗi,v00077.mp3,6660,từbuổi,mismatch
v00078,buộc,v00078.mp3,877,từbuộc,mismatch
v00079,buội,v00079.mp3,6815,từbụi,mismatch
v00080,buột,v00080.mp3,4758,từbột,mismatch
v00081,by,v00081.mp3,3244,bay,mismatch
v00082,bà,v00082.mp3,155,ba,tone_mismatch
v00083,bài,v00083.mp3,398,bài,ok
v00084,bàn,v00084.mp3,441,từban,mismatch
v00085,bàng,v00085.mp3,1750,từban,mismatch
v00086,bành,v00086.mp3,3454,từbệnh,mismatch
v00087,bào,v00087.mp3,1033,bao,tone_mismatch
v00088,bàu,v00088.mp3,3208,tờbáo,mismatch
v00089,bày,v00089.mp3,827,bay,tone_mismatch
v00090,bá,v00090.mp3,1283,bác,mismatch
v00091,bác,v00091.mp3,456,từbác,mismatch
v00092,bách,v00092.mp3,1607,từbất,mismatch
v00093,bái,v00093.mp3,1881,bấy,mismatch
v00094,bám,v00094.mp3,1572,từbán,mismatch
v00095,bán,v00095.mp3,232,bán,ok
v00096,báng,v00096.mp3,4197,từbán,mismatch
v00097,bánh,v00097.mp3,837,bấn,mismatch
v00098,báo,v00098.mp3,142,từbáo,mismatch
v00099,báp,v00099.mp3,6352,từbác,mismatch
v00100,bát,v00100.mp3,1526,từbất,mismatch
v00101,báu,v00101.mp3,2267,báu,ok
v00102,báy,v00102.mp3,5521,bấy,mismatch
v00103,bân,v00103.mp3,4590,vâng,mismatch
v00104,bâng,v00104.mp3,4439,từbưng,mismatch
v00105,bâu,v00105.mp3,5287,bầu,tone_mismatch
v00106,bây,v00106.mp3,1076,bay,mismatch
v00107,bã,v00107.mp3,2450,từbã,mismatch
v00108,bãi,v00108.mp3,1054,bãi,ok
v00109,bão,v00109.mp3,1178,từbảo,mismatch
v00110,bè,v00110.mp3,898,bên,mismatch
v00111,bèm,v00111.mp3,6701,ben,mismatch
v00112,bèn,v00112.mp3,3640,bên,mismatch
v00113,bèo,v00113.mp3,2872,bèo,ok
v00114,bé,v00114.mp3,388,từbé,mismatch
v00115,béc,v00115.mp3,5909,từbếp,mismatch
v00116,bén,v00116.mp3,2545,từbến,mismatch
v00117,béng,v00117.mp3,6088,bến,mismatch
v00118,béo,v00118.mp3,1263,từbếu,mismatch
v00119,bép,v00119.mp3,5727,bếp,mismatch
v00120,bét,v00120.mp3,3760,từbếp,mismatch
v00121,bê,v00121.mp3,1575,từbê,mismatch
v00122,bên,v00122.mp3,258,từbên,mismatch
v00123,bênh,v00123.mp3,2612,từbên,mismatch
v00124,bêu,v00124.mp3,3661,từbưu,mismatch
v00125,bì,v00125.mp3,1872,bỉ,tone_mismatch
v00126,bìa,v00126.mp3,2437,từbia,mismatch
v00127,bìm,v00127.mp3,4807,từpin,mismatch
v00128,bìn,v00128.mp3,6212,mình,mismatch
v00129,bình,v00129.mp3,140,từmình,mismatch
v00130,bìu,v00130.mp3,4205,bù,mismatch
v00131,bí,v00131.mp3,611,bí,ok
v00132,bía,v00132.mp3,5146,biết,mismatch
v00133,bích,v00133.mp3,1543,từbích,mismatch
v00134,bím,v00134.mp3,5465,biến,mismatch
v00135,bính,v00135.mp3,2287,bính,ok
v00136,bíp,v00136.mp3,5714,từbiết,mismatch
v00137,bít,v00137.mp3,3350,từbiết,mismatch
v00138,bíu,v00138.mp3,5959,bướp,mismatch
v00139,bò,v00139.mp3,1130,từbo,mismatch
v00140,bòn,v00140.mp3,4123,từbọn,mismatch
v00141,bòng,v00141.mp3,4902,từbóng,mismatch
v00142,bó,v00142.mp3,1360,từbỏ,mismatch
v00143,bóc,v00143.mp3,2232,pog,mismatch
v00144,bói,v00144.mp3,3483,bói,ok
v00145,bón,v00145.mp3,1820,từbóng,mismatch
v00146,bóng,v00146.mp3,926,bóng,ok
v00147,bóp,v00147.mp3,2248,từbất,mismatch
v00148,bót,v00148.mp3,6376,từbót,mismatch
v00149,bô,v00149.mp3,3371,bộ,tone_mismatch
v00150,bôi,v00150.mp3,2192,bôi,ok
v00151,bôm,v00151.mp3,5769,bơm,mismatch
v00152,bôn,v00152.mp3,3757,từbôn,mismatch
v00153,bông,v00153.mp3,1528,từbông,mismatch
v00154,bõ,v00154.mp3,4597,bỏ,tone_mismatch
v00155,bõm,v00155.mp3,4428,bởm,mismatch
v00156,bù,v00156.mp3,1410,từbồ,mismatch
v00157,bùa,v00157.mp3,3341,tửbùa,mismatch
v00158,bùi,v00158.mp3,1136,tửbùi,mismatch
v00159,bùm,v00159.mp3,5455,từbụng,mismatch
v00160,bùn,v00160.mp3,2180,từbùn,mismatch
v00161,bùng,v00161.mp3,1781,từbụng,mismatch
v00162,bú,v00162.mp3,2255,bố,mismatch
v00163,búa,v00163.mp3,2643,búa,ok
v00164,búc,v00164.mp3,5009,từbúc,mismatch
v00165,búi,v00165.mp3,3789,từbúi,mismatch
v00166,bún,v00166.mp3,1900,từbúng,mismatch
v00167,búng,v00167.mp3,4355,từbốn,mismatch
v00168,búp,v00168.mp3,2848,túc,mismatch
v00169,bút,v00169.mp3,1817,từbút,mismatch
v00170,băm,v00170.mp3,2891,băm,ok
v00171,băn,v00171.mp3,1862,bằng,mismatch
v00172,băng,v00172.mp3,1075,băng,ok
v00173,bĩ,v00173.mp3,4941,từbí,mismatch
v00174,bĩnh,v00174.mp3,4337,từbĩnh,mismatch
v00175,bĩu,v00175.mp3,5101,từbướu,mismatch
v00176,bơ,v00176.mp3,2263,từbơ,mismatch
v00177,bơi,v00177.mp3,1488,tửbơi,mismatch
v00178,bơm,v00178.mp3,1725,bơm,ok
v00179,bơn,v00179.mp3,5129,vâng,mismatch
v00180,bư,v00180.mp3,6611,hờbơi,mismatch
v00181,bưa,v00181.mp3,6771,mưa,mismatch
v00182,bưng,v00182.mp3,3156,từbưng,mismatch
v00183,bưu,v00183.mp3,1998,từbu,mismatch
v00184,bươi,v00184.mp3,6569,bơi,mismatch
v00185,bươm,v00185.mp3,4971,từbướm,mismatch
v00186,bươn,v00186.mp3,3509,từbương,mismatch
v00187,bương,v00187.mp3,6211,từbương,mismatch
v00188,bươu,v00188.mp3,4800,bu,mismatch
v00189,bước,v00189.mp3,660,bức,mismatch
v00190,bướm,v00190.mp3,3435,bướm,ok
v00191,bướng,v00191.mp3,3736,từbướng,mismatch
v00192,bướu,v00192.mp3,2304,mứ,mismatch
v00193,bường,v00193.mp3,5577,bờ,mismatch
v00194,bưởi,v00194.mp3,2036,từbúi,mismatch
v00195,bưởng,v00195.mp3,6323,tưởng,mismatch
v00196,bạ,v00196.mp3,2382,từbã,mismatch
v00197,bạc,v00197.mp3,888,bạc,ok
v00198,bạch,v00198.mp3,1053,bật,mismatch
v00199,bại,v00199.mp3,1536,bảy,mismatch
v00200,bạn,v00200.mp3,110,bạn,ok
v00201,bạng,v00201.mp3,5276,từbản,mismatch
v00202,bạnh,v00202.mp3,6236,từbẩn,mismatch
v00203,bạo,v00203.mp3,1470,bảo,tone_mismatch
v00204,bạt,v00204.mp3,2294,bạc,mismatch
v00205,bả,v00205.mp3,3527,bàá,mismatch
v00206,bải,v00206.mp3,5561,bảy,mismatch
v00207,bảm,v00207.mp3,6110,từbám,mismatch
v00208,bản,v00208.mp3,180,bảng,mismatch
v00209,bảng,v00209.mp3,1244,bạn,mismatch
v00210,bảnh,v00210.mp3,3539,từbẩn,mismatch
v00211,bảo,v00211.mp3,147,bảo,ok
v00212,bảy,v00212.mp3,1668,từbảy,mismatch
v00213,bấc,v00213.mp3,5055,mất,mismatch
v00214,bấm,v00214.mp3,2153,bấm,ok
v00215,bấn,v00215.mp3,4537,từbẩn,mismatch
v00216,bấp,v00216.mp3,3304,bất,mismatch
v00217,bất,v00217.mp3,297,từbất,mismatch
v00218,bấu,v00218.mp3,4262,bấu,ok
v00219,bấy,v00219.mp3,2114,đấy,mismatch
v00220,bầm,v00220.mp3,2784,từbầm,mismatch
v00221,bần,v00221.mp3,3336,bưng,mismatch
v00222,bầu,v00222.mp3,799,từbầu,mismatch
v00223,bầy,v00223.mp3,3373,từbảy,mismatch
v00224,bẩm,v00224.mp3,2284,tắm,mismatch
v00225,bẩn,v00225.mp3,1810,từbẩn,mismatch
v00226,bẩu,v00226.mp3,6235,từbẩu,mismatch
v00227,bẩy,v00227.mp3,3342,bảy,mismatch
v00228,bẫm,v00228.mp3,4319,bẩm,tone_mismatch
v00229,bẫng,v00229.mp3,5849,bẩn,mismatch
v00230,bẫy,v00230.mp3,2242,từbẩy,mismatch
v00231,bậc,v00231.mp3,1153,bậc,ok
v00232,bận,v00232.mp3,1524,bận,ok
v00233,bập,v00233.mp3,3951,từbọc,mismatch
v00234,bật,v00234.mp3,1117,bậc,mismatch
v00235,bậu,v00235.mp3,5075,bầu,tone_mismatch
v00236,bậy,v00236.mp3,3107,bẩy,tone_mismatch
v00237,bắc,v00237.mp3,509,bắc,ok
v00238,bắn,v00238.mp3,1392,từbắn,mismatch
v00239,bắng,v00239.mp3,6032,từbấn,mismatch
v00240,bắp,v00240.mp3,1956,bất,mismatch
v00241,bắt,v00241.mp3,270,bắc,mismatch
v00242,bằm,v00242.mp3,4326,tửbom,mismatch
v00243,bằn,v00243.mp3,5865,bằng,mismatch
v00244,bằng,v00244.mp3,217,băng,tone_mismatch
v00245,bẳn,v00245.mp3,4915,từbẩn,mismatch
v00246,bẳng,v00246.mp3,5885,bắn,mismatch
v00247,bẵm,v00247.mp3,4656,bẩm,mismatch
v00248,bẵng,v00248.mp3,4247,bẩn,mismatch
v00249,bặc,v00249.mp3,5945,bạn,mismatch
v00250,bặm,v00250.mp3,3434,từbẩm,mismatch
v00251,bặt,v00251.mp3,3900,bậc,mismatch
v00252,bẹ,v00252.mp3,4071,bé,tone_mismatch
v00253,bẹn,v00253.mp3,4054,bệnh,mismatch
v00254,bẹo,v00254.mp3,6234,béo,tone_mismatch
v00255,bẹp,v00255.mp3,3289,bẹp,ok
v00256,bẹt,v00256.mp3,5157,bẻ,mismatch
v00257,bẻ,v00257.mp3,2715,từbé,mismatch
v00258,bẻo,v00258.mp3,6817,béo,tone_mismatch
v00259,bẽ,v00259.mp3,4139,từbé,mismatch
v00260,bẽn,v00260.mp3,4661,từbiển,mismatch
v00261,bẽo,v00261.mp3,4918,béo,tone_mismatch
v00262,bế,v00262.mp3,1787,bế,ok
v00263,bến,v00263.mp3,971,bến,ok
v00264,bếnh,v00264.mp3,6351,từbến,mismatch
v00265,bếp,v00265.mp3,1363,từbếp,mismatch
v00266,bết,v00266.mp3,3758,từbếp,mismatch
v00267,bề,v00267.mp3,1694,bê,tone_mismatch
v00268,bền,v00268.mp3,1270,bên,tone_mismatch
v00269,bềnh,v00269.mp3,3739,bệnh,tone_mismatch
v00270,bể,v00270.mp3,1814,từbể,mismatch
v00271,bển,v00271.mp3,6377,từbến,mismatch
v00272,bệ,v00272.mp3,3089,về,mismatch
v00273,bệch,v00273.mp3,5219,bật,mismatch
v00274,bện,v00274.mp3,4865,từbệnh,mismatch
v00275,bệnh,v00275.mp3,120,bẩn,mismatch
v00276,bệt,v00276.mp3,3696,từbể,mismatch
v00277,bỉ,v00277.mp3,2229,từbỉ,mismatch
v00278,bỉa,v00278.mp3,6947,bĩa,tone_mismatch
v00279,bỉm,v00279.mp3,3198,điểm,mismatch
v00280,bỉnh,v00280.mp3,3048,bĩnh,tone_mismatch
v00281,bỉu,v00281.mp3,4483,từbửu,mismatch
v00282,bị,v00282.mp3,38,từbỉ,mismatch
v00283,bịa,v00283.mp3,3234,từbỉ,mismatch
v00284,bịch,v00284.mp3,2939,từbình,mismatch
v00285,bịn,v00285.mp3,5074,cựbình,mismatch
v00286,bịnh,v00286.mp3,5381,mình,mismatch
v00287,bịp,v00287.mp3,4176,một,mismatch
v00288,bịt,v00288.mp3,2468,từbình,mismatch
v00289,bịu,v00289.mp3,3885,bộ,mismatch
v00290,bọ,v00290.mp3,2764,bỏ,tone_mismatch
v00291,bọc,v00291.mp3,1928,từbọc,mismatch
v00292,bọn,v00292.mp3,1610,từbọn,mismatch
v00293,bọng,v00293.mp3,4158,bổng,mismatch
v00294,bọt,v00294.mp3,2675,từbọc,mismatch
v00295,bỏ,v00295.mp3,389,bỏ,ok
v00296,bỏi,v00296.mp3,6087,từbởi,mismatch
v00297,bỏng,v00297.mp3,1520,bống,mismatch
v00298,bố,v00298.mp3,340,một,mismatch
v00299,bốc,v00299.mp3,1435,tốt,mismatch
v00300,bối,v00300.mp3,1310,bối,ok
v00301,bốn,v00301.mp3,1297,từbốn,mismatch
v00302,bống,v00302.mp3,4009,bống,ok
v00303,bốp,v00303.mp3,4940,từbúp,mismatch
v00304,bốt,v00304.mp3,3685,bố,mismatch
v00305,bồ,v00305.mp3,1870,từbồ,mismatch
v00306,bồi,v00306.mp3,1037,bôi,tone_mismatch
v00307,bồn,v00307.mp3,2054,từbôm,mismatch
v00308,bồng,v00308.mp3,2595,từbông,mismatch
v00309,bổ,v00309.mp3,735,từbổ,mismatch
v00310,bổi,v00310.mp3,5186,từbối,mismatch
v00311,bổn,v00311.mp3,3419,từbổn,mismatch
v00312,bổng,v00312.mp3,1389,từbóng,mismatch
v00313,bỗ,v00313.mp3,6049,bố,tone_mismatch
v00314,bỗng,v00314.mp3,1882,bống,tone_mismatch
v00315,bộ,v00315.mp3,51,từbộ,mismatch
v00316,bộc,v00316.mp3,2102,bộc,ok
v00317,bội,v00317.mp3,1843,bối,tone_mismatch
v00318,bộn,v00318.mp3,3196,bổng,mismatch
v00319,bộng,v00319.mp3,5927,cừbỗng,mismatch
v00320,bộp,v00320.mp3,5982,bộ,mismatch
v00321,bột,v00321.mp3,1340,một,mismatch
v00322,bớ,v00322.mp3,5275,bớt,mismatch
v00323,bới,v00323.mp3,2377,từbấy,mismatch
v00324,bớp,v00324.mp3,4700,mất,mismatch
v00325,bớt,v00325.mp3,1521,từbức,mismatch
v00326,bờ,v00326.mp3,1088,từbờ,mismatch
v00327,bời,v00327.mp3,3136,bơi,tone_mismatch
v00328,bờm,v00328.mp3,4231,bờm,ok
v00329,bở,v00329.mp3,3619,từbỏ,mismatch
v00330,bởi,v00330.mp3,453,từbởi,mismatch
v00331,bỡ,v00331.mp3,3282,từbể,mismatch
v00332,bỡn,v00332.mp3,5464,bẩn,mismatch
v00333,bợ,v00333.mp3,3335,từbờ,mismatch
v00334,bợm,v00334.mp3,5042,từbấm,mismatch
v00335,bợn,v00335.mp3,6612,bẩn,mismatch
v00336,bợt,v00336.mp3,6233,bờ,mismatch
v00337,bụ,v00337.mp3,4366,từbổ,mismatch
v00338,bụa,v00338.mp3,5618,búa,tone_mismatch
v00339,bục,v00339.mp3,3032,từbụng,mismatch
v00340,bụi,v00340.mp3,1705,từbuổi,mismatch
v00341,bụm,v00341.mp3,6490,tửvùng,mismatch
v00342,bụng,v00342.mp3,1219,từbụng,mismatch
v00343,bụp,v00343.mp3,5058,bộc,mismatch
v00344,bụt,v00344.mp3,4151,bụng,mismatch
v00345,bủa,v00345.mp3,3499,từbúa,mismatch
v00346,bủn,v00346.mp3,4580,từbủng,mismatch
v00347,bủng,v00347.mp3,6154,búng,tone_mismatch
v00348,bứa,v00348.mp3,5432,ứa,mismatch
v00349,bức,v00349.mp3,720,từbất,mismatch
v00350,bứng,v00350.mp3,4644,vẫn,mismatch
v00351,bứt,v00351.mp3,2795,từbức,mismatch
v00352,bứu,v00352.mp3,6770,nếu,mismatch
v00353,bừa,v00353.mp3,2786,bờ,mismatch
v00354,bừng,v00354.mp3,2834,bừ,mismatch
v00355,bửa,v00355.mp3,7182,bướp,mismatch
v00356,bửng,v00356.mp3,5884,vẫn,mismatch
v00357,bửu,v00357.mp3,2903,bổ,mismatch
v00358,bữa,v00358.mp3,1084,bữa,ok
v00359,bự,v00359.mp3,4403,từbờ,mismatch
v00360,bựa,v00360.mp3,5681,từbữa,mismatch
v00361,bực,v00361.mp3,2316,từbậc,mismatch
v00362,ca,v00362.mp3,385,ca,ok
v00363,cai,v00363.mp3,1393,cây,mismatch
v00364,cam,v00364.mp3,878,cam,ok
v00365,can,v00365.mp3,836,càng,mismatch
v00366,cang,v00366.mp3,2983,cán,mismatch
v00367,canh,v00367.mp3,1379,cánh,tone_mismatch
v00368,cao,v00368.mp3,103,cáo,tone_mismatch
v00369,cau,v00369.mp3,2709,cầu,mismatch
v00370,cay,v00370.mp3,1919,cây,mismatch
v00371,cha,v00371.mp3,734,cha,ok
v00372,chai,v00372.mp3,1495,trai,mismatch
v00373,cham,v00373.mp3,4986,trâm,mismatch
v00374,chan,v00374.mp3,2711,chăng,mismatch
v00375,chang,v00375.mp3,3223,trang,mismatch
v00376,chanh,v00376.mp3,1921,tranh,mismatch
v00377,chao,v00377.mp3,3144,chao,ok
v00378,chau,v00378.mp3,2243,châu,mismatch
v00379,chay,v00379.mp3,2228,chay,ok
v00380,che,v00380.mp3,1532,chè,tone_mismatch
v00381,chem,v00381.mp3,6659,chêm,mismatch
v00382,chen,v00382.mp3,2155,trinh,mismatch
v00383,cheng,v00383.mp3,4721,trên,mismatch
v00384,cheo,v00384.mp3,4067,treo,mismatch
v00385,chi,v00385.mp3,328,chi,ok
v00386,chia,v00386.mp3,341,chia,ok
v00387,chim,v00387.mp3,1632,kiếm,mismatch
v00388,chin,v00388.mp3,4473,trinh,mismatch
v00389,chinh,v00389.mp3,1646,trinh,mismatch
v00390,chiu,v00390.mp3,3804,chu,mismatch
v00391,chiêm,v00391.mp3,2299,chim,mismatch
v00392,chiên,v00392.mp3,2069,chiêng,mismatch
v00393,chiêng,v00393.mp3,3450,chiêng,ok
v00394,chiêu,v00394.mp3,1788,chiêu,ok
v00395,chiếc,v00395.mp3,412,chiếc,ok
v00396,chiếm,v00396.mp3,821,chiếm,ok
v00397,chiến,v00397.mp3,429,chiếu,mismatch
v00398,chiếng,v00398.mp3,5825,chín,mismatch
v00399,chiếp,v00399.mp3,6658,chết,mismatch
v00400,chiết,v00400.mp3,2176,triết,mismatch
v00401,chiếu,v00401.mp3,1089,chỉu,mismatch
v00402,chiền,v00402.mp3,4714,tiền,mismatch
v00403,chiềng,v00403.mp3,3500,truyền,mismatch
v00404,chiều,v00404.mp3,437,chiều,ok
v00405,chiểm,v00405.mp3,6153,chỉm,mismatch
v00406,chiển,v00406.mp3,5532,chuyển,mismatch
v00407,chiểu,v00407.mp3,2349,chiểu,ok
v00408,chiễn,v00408.mp3,6945,chỉnh,mismatch
v00409,chiệc,v00409.mp3,6488,chị,mismatch
v00410,chiện,v00410.mp3,5594,trịnh,mismatch
v00411,cho,v00411.mp3,8,cho,ok
v00412,choa,v00412.mp3,6210,choa,ok
v00413,choai,v00413.mp3,4970,roi,mismatch
v00414,choang,v00414.mp3,5064,choăn,mismatch
v00415,choay,v00415.mp3,6813,trây,mismatch
v00416,choe,v00416.mp3,5504,đólà,mismatch
v00417,choi,v00417.mp3,3508,trời,mismatch
v00418,chom,v00418.mp3,6455,trồng,mismatch
v00419,chon,v00419.mp3,5156,chân,mismatch
v00420,chong,v00420.mp3,3796,trông,mismatch
v00421,choong,v00421.mp3,5906,trông,mismatch
v00422,choàng,v00422.mp3,3418,toàn,mismatch
v00423,choá,v00423.mp3,6232,choác,mismatch
v00424,choán,v00424.mp3,4699,choáng,mismatch
v00425,choáng,v00425.mp3,2302,choáng,ok
v00426,choã,v00426.mp3,6944,từtrọa,mismatch
v00427,choè,v00427.mp3,5680,chè,mismatch
v00428,choé,v00428.mp3,4984,chế,mismatch
v00429,choóng,v00429.mp3,6695,chống,mismatch
v00430,choạc,v00430.mp3,5472,chắc,mismatch
v00431,choạng,v00431.mp3,3868,choảng,tone_mismatch
v00432,choảng,v00432.mp3,5132,choảng,ok
v00433,choắt,v00433.mp3,6298,rất,mismatch
v00434,choẹ,v00434.mp3,4832,trẻ,mismatch
v00435,choẹt,v00435.mp3,5724,truyện,mismatch
v00436,choọng,v00436.mp3,6031,trồng,mismatch
v00437,chu,v00437.mp3,1255,chú,tone_mismatch
v00438,chua,v00438.mp3,1550,chua,ok
v00439,chui,v00439.mp3,2152,rôi,mismatch
v00440,chum,v00440.mp3,3959,trump,mismatch
v00441,chun,v00441.mp3,3621,chung,mismatch
v00442,chung,v00442.mp3,392,trung,mismatch
v00443,chuyên,v00443.mp3,360,truyền,mismatch
v00444,chuyến,v00444.mp3,833,chuyến,ok
v00445,chuyền,v00445.mp3,1959,truyền,mismatch
v00446,chuyển,v00446.mp3,321,chuyển,ok
v00447,chuyện,v00447.mp3,334,truyện,mismatch
v00448,chuân,v00448.mp3,4301,trứng,mismatch
v00449,chuôi,v00449.mp3,5057,chui,mismatch
v00450,chuôm,v00450.mp3,7177,trung,mismatch
v00451,chuôn,v00451.mp3,6765,chuông,mismatch
v00452,chuông,v00452.mp3,2431,trung,mismatch
v00453,chuý,v00453.mp3,5137,trí,mismatch
v00454,chuẩn,v00454.mp3,486,chuẩn,ok
v00455,chuẫn,v00455.mp3,7179,trưởng,mismatch
v00456,chuốc,v00456.mp3,4389,trước,mismatch
v00457,chuối,v00457.mp3,1976,chúi,mismatch
v00458,chuốt,v00458.mp3,3605,trước,mismatch
v00459,chuồn,v00459.mp3,3668,đúng,mismatch
v00460,chuồng,v00460.mp3,2298,chuồng,ok
v00461,chuổi,v00461.mp3,7178,chuỗi,tone_mismatch
v00462,chuổng,v00462.mp3,6567,chúng,mismatch
v00463,chuỗi,v00463.mp3,1570,chuỗi,ok
v00464,chuộc,v00464.mp3,2862,chuộc,ok
v00465,chuộng,v00465.mp3,2066,trùng,mismatch
v00466,chuột,v00466.mp3,1927,chuộc,mismatch
v00467,chuỳ,v00467.mp3,5823,kỳ,mismatch
v00468,chà,v00468.mp3,2769,chà,ok
v00469,chài,v00469.mp3,3030,trai,mismatch
v00470,chàm,v00470.mp3,3129,chàm,ok
v00471,chàng,v00471.mp3,1111,trang,mismatch
v00472,chành,v00472.mp3,5081,chành,ok
v00473,chào,v00473.mp3,1129,chào,ok
v00474,chày,v00474.mp3,3609,chầy,mismatch
v00475,chá,v00475.mp3,4987,chả,tone_mismatch
v00476,chác,v00476.mp3,4420,chắc,mismatch
v00477,chái,v00477.mp3,5008,trái,mismatch
v00478,chám,v00478.mp3,6698,chám,ok
v00479,chán,v00479.mp3,1734,chán,ok
v00480,cháng,v00480.mp3,5981,trắng,mismatch
v00481,chánh,v00481.mp3,1218,tránh,mismatch
v00482,cháo,v00482.mp3,2127,cháu,mismatch
v00483,chát,v00483.mp3,2931,chắc,mismatch
v00484,cháu,v00484.mp3,532,cháu,ok
v00485,cháy,v00485.mp3,778,cháy,ok
v00486,châm,v00486.mp3,2043,trâm,mismatch
v00487,chân,v00487.mp3,559,trứng,mismatch
v00488,châu,v00488.mp3,571,châu,ok
v00489,chây,v00489.mp3,3577,chay,mismatch
v00490,chã,v00490.mp3,5218,chả,tone_mismatch
v00491,chãi,v00491.mp3,4092,trải,mismatch
v00492,chão,v00492.mp3,6610,chảo,tone_mismatch
v00493,chè,v00493.mp3,1969,chè,ok
v00494,chèm,v00494.mp3,5310,chèm,ok
v00495,chèn,v00495.mp3,2650,trên,mismatch
v00496,chèo,v00496.mp3,2237,chêu,mismatch
v00497,ché,v00497.mp3,5293,chế,mismatch
v00498,chém,v00498.mp3,1534,chém,ok
v00499,chén,v00499.mp3,2247,chín,mismatch
v00500,chéng,v00500.mp3,6322,chính,mismatch
v00501,chéo,v00501.mp3,2585,chéo,ok
v00502,chép,v00502.mp3,2082,chết,mismatch
v00503,chét,v00503.mp3,5404,chết,mismatch
v00504,chê,v00504.mp3,1987,dạ,mismatch
v00505,chêm,v00505.mp3,5405,chiêm,mismatch
v00506,chênh,v00506.mp3,1667,trên,mismatch
v00507,chì,v00507.mp3,2306,chì,ok
v00508,chìa,v00508.mp3,2297,chìa,ok
v00509,chìm,v00509.mp3,1641,khiêm,mismatch
v00510,chình,v00510.mp3,4173,trinh,mismatch
v00511,chìu,v00511.mp3,6349,chù,mismatch
v00512,chí,v00512.mp3,311,chỉ,tone_mismatch
v00513,chía,v00513.mp3,5492,chía,ok
v00514,chích,v00514.mp3,2479,chích,ok
v00515,chím,v00515.mp3,5138,chín,mismatch
v00516,chín,v00516.mp3,1436,chín,ok
v00517,chính,v00517.mp3,67,chín,mismatch
v00518,chíp,v00518.mp3,3792,chết,mismatch
v00519,chít,v00519.mp3,3486,chết,mismatch
v00520,chíu,v00520.mp3,7027,chiếu,mismatch
v00521,chò,v00521.mp3,5342,trò,mismatch
v00522,chòi,v00522.mp3,2889,rồi,mismatch
v00523,chòm,v00523.mp3,4025,trăm,mismatch
v00524,chòng,v00524.mp3,5201,còng,mismatch
v00525,chó,v00525.mp3,1565,chó,ok
v00526,chóc,v00526.mp3,4166,kóc,mismatch
v00527,chói,v00527.mp3,3298,trời,mismatch
v00528,chón,v00528.mp3,6321,chấn,mismatch
v00529,chóng,v00529.mp3,936,trống,mismatch
v00530,chóp,v00530.mp3,4180,chết,mismatch
v00531,chót,v00531.mp3,2783,chất,mismatch
v00532,chô,v00532.mp3,5824,chúa,mismatch
v00533,chôi,v00533.mp3,6696,rồi,mismatch
v00534,chôm,v00534.mp3,3095,trâm,mismatch
v00535,chôn,v00535.mp3,1988,trump,mismatch
v00536,chông,v00536.mp3,3312,trông,mismatch
v00537,chõ,v00537.mp3,5725,chó,tone_mismatch
v00538,chõng,v00538.mp3,5448,chống,mismatch
v00539,chù,v00539.mp3,5447,chu,tone_mismatch
v00540,chùa,v00540.mp3,1424,chuột,mismatch
v00541,chùi,v00541.mp3,3502,truôi,mismatch
v00542,chùm,v00542.mp3,2668,trưng,mismatch
v00543,chùn,v00543.mp3,4053,trung,mismatch
v00544,chùng,v00544.mp3,3658,trung,mismatch
v00545,chú,v00545.mp3,712,chú,ok
v00546,chúa,v00546.mp3,1845,chuốc,mismatch
v00547,chúc,v00547.mp3,1278,trước,mismatch
v00548,chúi,v00548.mp3,4616,chuối,mismatch
v00549,chúm,v00549.mp3,5128,chứng,mismatch
v00550,chúng,v00550.mp3,170,chúng,ok
v00551,chút,v00551.mp3,1093,trước,mismatch
v00552,chăm,v00552.mp3,715,trâm,mismatch
v00553,chăn,v00553.mp3,1309,trăng,mismatch
v00554,chăng,v00554.mp3,2085,trăng,mismatch
v00555,chĩa,v00555.mp3,3763,chĩa,ok
v00556,chĩnh,v00556.mp3,5390,chỉnh,tone_mismatch
v00557,chũ,v00557.mp3,5463,chủ,tone_mismatch
v00558,chũi,v00558.mp3,6895,chuỗi,mismatch
v00559,chũm,v00559.mp3,6260,chứng,mismatch
v00560,chũng,v00560.mp3,6320,chúng,tone_mismatch
v00561,chơ,v00561.mp3,4306,chơi,mismatch
v00562,chơi,v00562.mp3,578,chơi,ok
v00563,chơm,v00563.mp3,7180,trâm,mismatch
v00564,chơn,v00564.mp3,3253,hìnhtrưng,mismatch
v00565,chư,v00565.mp3,2853,chứ,tone_mismatch
v00566,chưa,v00566.mp3,183,chưa,ok
v00567,chưn,v00567.mp3,6608,trưng,mismatch
v00568,chưng,v00568.mp3,2381,trưng,mismatch
v00569,chươi,v00569.mp3,6766,chui,mismatch
v00570,chương,v00570.mp3,352,trứng,mismatch
v00571,chước,v00571.mp3,2998,trước,mismatch
v00572,chướng,v00572.mp3,3004,trứng,mismatch
v00573,chườm,v00573.mp3,4011,trường,mismatch
v00574,chường,v00574.mp3,4290,unktrường,mismatch
v00575,chưởng,v00575.mp3,3839,trưởng,mismatch
v00576,chược,v00576.mp3,6486,unk,mismatch
v00577,chượp,v00577.mp3,5768,trước,mismatch
v00578,chượt,v00578.mp3,6171,trược,mismatch
v00579,chạ,v00579.mp3,5370,chả,tone_mismatch
v00580,chạc,v00580.mp3,3649,chạc,ok
v00581,chạch,v00581.mp3,5133,trạch,mismatch
v00582,chạm,v00582.mp3,1328,chạm,ok
v00583,chạn,v00583.mp3,4954,chàng,mismatch
v00584,chạng,v00584.mp3,4655,trạng,mismatch
v00585,chạnh,v00585.mp3,3431,tránh,mismatch
v00586,chạo,v00586.mp3,5691,chảo,tone_mismatch
v00587,chạp,v00587.mp3,2662,chạp,ok
v00588,chạy,v00588.mp3,547,chảy,tone_mismatch
v00589,chả,v00589.mp3,1855,trả,mismatch
v00590,chải,v00590.mp3,2523,trái,mismatch
v00591,chản,v00591.mp3,5907,chẳng,mismatch
v00592,chảng,v00592.mp3,6136,chẳng,mismatch
v00593,chảnh,v00593.mp3,3088,tránh,mismatch
v00594,chảo,v00594.mp3,2565,chảo,ok
v00595,chảy,v00595.mp3,1208,chảy,ok
v00596,chấm,v00596.mp3,1234,chấm,ok
v00597,chấn,v00597.mp3,1225,trấn,mismatch
v00598,chấp,v00598.mp3,664,chắc,mismatch
v00599,chất,v00599.mp3,218,chức,mismatch
v00600,chấu,v00600.mp3,4097,chấu,ok
v00601,chấy,v00601.mp3,4953,cháy,mismatch
v00602,chầm,v00602.mp3,3820,trăm,mismatch
v00603,chần,v00603.mp3,3248,sân,mismatch
v00604,chầu,v00604.mp3,3400,châu,tone_mismatch
v00605,chầy,v00605.mp3,6074,trầy,mismatch
v00606,chẩm,v00606.mp3,5225,chấm,tone_mismatch
v00607,chẩn,v00607.mp3,1619,trấn,mismatch
v00608,chẩu,v00608.mp3,5786,chấu,tone_mismatch
v00609,chẩy,v00609.mp3,5726,chỉ,mismatch
v00610,chẫm,v00610.mp3,5803,chấm,tone_mismatch
v00611,chậc,v00611.mp3,6699,chật,mismatch
v00612,chậm,v00612.mp3,1097,chậm,ok
v00613,chận,v00613.mp3,6002,trận,mismatch
v00614,chập,v00614.mp3,2811,chập,ok
v00615,chật,v00615.mp3,2074,rất,mismatch
v00616,chậu,v00616.mp3,2070,chẩu,tone_mismatch
v00617,chậy,v00617.mp3,6299,những,mismatch
v00618,chắc,v00618.mp3,790,chắc,ok
v00619,chắm,v00619.mp3,6697,chấm,mismatch
v00620,chắn,v00620.mp3,1043,chắn,ok
v00621,chắp,v00621.mp3,3065,chắc,mismatch
v00622,chắt,v00622.mp3,2902,chắc,mismatch
v00623,chằm,v00623.mp3,3749,chăm,tone_mismatch
v00624,chằn,v00624.mp3,5692,trần,mismatch
v00625,chằng,v00625.mp3,2978,trăng,mismatch
v00626,chẳm,v00626.mp3,6568,chấm,mismatch
v00627,chẳn,v00627.mp3,6172,chẳng,mismatch
v00628,chẳng,v00628.mp3,766,chẳng,ok
v00629,chẵn,v00629.mp3,4040,chẳng,mismatch
v00630,chặc,v00630.mp3,5705,dạ,mismatch
v00631,chặm,v00631.mp3,7030,chậm,mismatch
v00632,chặn,v00632.mp3,1259,chẳng,mismatch
v00633,chặng,v00633.mp3,2044,chẳng,tone_mismatch
v00634,chặp,v00634.mp3,5648,chập,mismatch
v00635,chặt,v00635.mp3,943,chắc,mismatch
v00636,chẹm,v00636.mp3,6946,kìm,mismatch
v00637,chẹn,v00637.mp3,5399,chuyện,mismatch
v00638,chẹo,v00638.mp3,5883,triệu,mismatch
v00639,chẹp,v00639.mp3,6048,chẹp,ok
v00640,chẹt,v00640.mp3,4864,trẻ,mismatch
v00641,chẻ,v00641.mp3,3969,trẻ,mismatch
v00642,chẻo,v00642.mp3,5958,kiểu,mismatch
v00643,chẽ,v00643.mp3,1362,trẻ,mismatch
v00644,chẽm,v00644.mp3,5391,chỉm,mismatch
v00645,chẽn,v00645.mp3,6135,chín,mismatch
v00646,chế,v00646.mp3,312,chị,mismatch
v00647,chếch,v00647.mp3,5115,chết,mismatch
v00648,chếm,v00648.mp3,7181,chém,mismatch
v00649,chếnh,v00649.mp3,5269,chính,mismatch
v00650,chết,v00650.mp3,579,chết,ok
v00651,chếu,v00651.mp3,7028,chiếu,mismatch
v00652,chề,v00652.mp3,4574,chê,tone_mismatch
v00653,chềnh,v00653.mp3,6489,trên,mismatch
v00654,chều,v00654.mp3,6897,nchiêu,mismatch
v00655,chể,v00655.mp3,7029,trễ,mismatch
v00656,chểnh,v00656.mp3,5007,chỉnh,mismatch
v00657,chễ,v00657.mp3,5195,trễ,mismatch
v00658,chễm,v00658.mp3,5406,kém,mismatch
v00659,chệ,v00659.mp3,5407,trẻ,mismatch
v00660,chệch,v00660.mp3,3648,chạm,mismatch
v00661,chệnh,v00661.mp3,6261,trển,mismatch
v00662,chỉ,v00662.mp3,59,chỉ,ok
v00663,chỉa,v00663.mp3,5585,trẻ,mismatch
v00664,chỉn,v00664.mp3,3226,chín,tone_mismatch
v00665,chỉnh,v00665.mp3,813,chín,mismatch
v00666,chị,v00666.mp3,182,chị,ok
v00667,chịa,v00667.mp3,6609,chỉ,mismatch
v00668,chịt,v00668.mp3,3797,chịt,ok
v00669,chịu,v00669.mp3,651,chiều,mismatch
v00670,chọ,v00670.mp3,5944,chò,tone_mismatch
v00671,chọc,v00671.mp3,2505,chọc,ok
v00672,chọi,v00672.mp3,2522,trời,mismatch
v00673,chọn,v00673.mp3,428,chẩn,mismatch
v00674,chọt,v00674.mp3,4379,trật,mismatch
v00675,chỏ,v00675.mp3,4985,trỏ,mismatch
v00676,chỏi,v00676.mp3,6047,trời,mismatch
v00677,chỏm,v00677.mp3,5202,trỏm,mismatch
v00678,chỏng,v00678.mp3,4706,trống,mismatch
v00679,chốc,v00679.mp3,2828,chốc,ok
v00680,chối,v00680.mp3,1420,trỗi,mismatch
v00681,chốm,v00681.mp3,6454,trốn,mismatch
v00682,chốn,v00682.mp3,2327,trốn,mismatch
v00683,chống,v00683.mp3,631,trống,mismatch
v00684,chốp,v00684.mp3,6453,chết,mismatch
v00685,chốt,v00685.mp3,1427,trước,mismatch
v00686,chồ,v00686.mp3,5639,cầu,mismatch
v00687,chồi,v00687.mp3,4102,rồi,mismatch
v00688,chồm,v00688.mp3,4365,tron,mismatch
v00689,chồn,v00689.mp3,3547,trung,mismatch
v00690,chồng,v00690.mp3,307,trông,mismatch
v00691,chổ,v00691.mp3,5403,chỗ,tone_mismatch
v00692,chổi,v00692.mp3,3367,trỗi,mismatch
v00693,chổm,v00693.mp3,5248,trộm,mismatch
v00694,chổng,v00694.mp3,5351,trống,mismatch
v00695,chỗ,v00695.mp3,738,chỗ,ok
v00696,chội,v00696.mp3,3246,trội,mismatch
v00697,chộn,v00697.mp3,5017,trộn,mismatch
v00698,chộp,v00698.mp3,4305,chộp,ok
v00699,chột,v00699.mp3,4191,chuột,mismatch
v00700,chớ,v00700.mp3,3553,trước,mismatch
v00701,chới,v00701.mp3,4128,chế,mismatch
v00702,chớm,v00702.mp3,4142,chớm,ok
v00703,chớn,v00703.mp3,6767,trứng,mismatch
v00704,chớp,v00704.mp3,2928,trước,mismatch
v00705,chờ,v00705.mp3,812,chờ,ok
v00706,chời,v00706.mp3,6487,trời,mismatch
v00707,chờn,v00707.mp3,4372,sơn,mismatch
v00708,chở,v00708.mp3,916,trở,mismatch
v00709,chởm,v00709.mp3,4799,trởm,mismatch
v00710,chợ,v00710.mp3,788,chở,tone_mismatch
v00711,chợp,v00711.mp3,3926,chụp,mismatch
v00712,chợt,v00712.mp3,2694,chợt,ok
v00713,chục,v00713.mp3,927,chụp,mismatch
v00714,chụm,v00714.mp3,4980,trừng,mismatch
v00715,chụp,v00715.mp3,998,chụp,ok
v00716,chụt,v00716.mp3,6046,chụp,mismatch
v00717,chủ,v00717.mp3,93,chủ,ok
v00718,chủa,v00718.mp3,7026,chúa,tone_mismatch
v00719,chủng,v00719.mp3,1508,chúng,tone_mismatch
v00720,chứ,v00720.mp3,754,trước,mismatch
v00721,chứa,v00721.mp3,980,chứ,mismatch
v00722,chức,v00722.mp3,126,trước,mismatch
v00723,chứng,v00723.mp3,370,trứng,mismatch
v00724,chứt,v00724.mp3,4687,chiếc,mismatch
v00725,chừ,v00725.mp3,3404,trừ,mismatch
v00726,chừa,v00726.mp3,3828,chơi,mismatch
v00727,chừn,v00727.mp3,6812,trừng,mismatch
v00728,chừng,v00728.mp3,1478,trừng,mismatch
v00729,chử,v00729.mp3,4250,chữ,tone_mismatch
v00730,chửa,v00730.mp3,4125,trữa,mismatch
v00731,chửi,v00731.mp3,1832,chửi,ok
v00732,chửng,v00732.mp3,4454,chứng,tone_mismatch
v00733,chữ,v00733.mp3,1058,chữ,ok
v00734,chữa,v00734.mp3,746,chữa,ok
v00735,chững,v00735.mp3,2817,trứng,mismatch
v00736,chực,v00736.mp3,3752,chực,ok
v00737,chựng,v00737.mp3,6073,chừng,tone_mismatch
v00738,co,v00738.mp3,1487,các,mismatch
v00739,coa,v00739.mp3,6607,qua,mismatch
v00740,coan,v00740.mp3,7176,quang,mismatch
v00741,coe,v00741.mp3,6375,quen,mismatch
v00742,coi,v00742.mp3,962,cói,tone_mismatch
v00743,com,v00743.mp3,1751,căm,mismatch
v00744,con,v00744.mp3,62,cân,mismatch
v00745,cong,v00745.mp3,2098,đóng,mismatch
v00746,coong,v00746.mp3,5653,công,mismatch
v00747,coóc,v00747.mp3,7025,cốc,mismatch
v00748,coóng,v00748.mp3,5737,cống,mismatch
v00749,cu,v00749.mp3,2695,khu,mismatch
v00750,cua,v00750.mp3,1846,cua,ok
v00751,cui,v00751.mp3,3738,côi,mismatch
v00752,cum,v00752.mp3,5836,câm,mismatch
v00753,cun,v00753.mp3,5593,cung,mismatch
v00754,cung,v00754.mp3,596,cùng,tone_mismatch
v00755,cuông,v00755.mp3,3607,cùng,mismatch
v00756,cuốc,v00756.mp3,3149,quốc,mismatch
v00757,cuối,v00757.mp3,480,cối,mismatch
v00758,cuốn,v00758.mp3,1010,cố,mismatch
v00759,cuống,v00759.mp3,2824,cúm,mismatch
v00760,cuồn,v00760.mp3,4044,cùng,mismatch
v00761,cuồng,v00761.mp3,2241,cụ,mismatch
v00762,cuổi,v00762.mp3,6893,cổdích,mismatch
v00763,cuộc,v00763.mp3,203,cuộc,ok
v00764,cuội,v00764.mp3,4318,khổi,mismatch
v00765,cuộn,v00765.mp3,2543,cũng,mismatch
v00766,cuộng,v00766.mp3,6811,cũng,mismatch
v00767,cà,v00767.mp3,809,kà,mismatch
v00768,cài,v00768.mp3,2476,cai,tone_mismatch
v00769,càm,v00769.mp3,5380,cam,tone_mismatch
v00770,càn,v00770.mp3,3590,càng,mismatch
v00771,càng,v00771.mp3,561,càng,ok
v00772,cành,v00772.mp3,2134,cành,ok
v00773,cào,v00773.mp3,2538,cạo,tone_mismatch
v00774,càu,v00774.mp3,4975,cao,mismatch
v00775,cày,v00775.mp3,2531,cây,mismatch
v00776,cá,v00776.mp3,332,cá,ok
v00777,các,v00777.mp3,4,các,ok
v00778,cách,v00778.mp3,159,cắt,mismatch
v00779,cái,v00779.mp3,400,cái,ok
v00780,cám,v00780.mp3,1983,cám,ok
v00781,cán,v00781.mp3,549,chán,mismatch
v00782,cáng,v00782.mp3,3744,cán,mismatch
v00783,cánh,v00783.mp3,1003,kánh,mismatch
v00784,cáo,v00784.mp3,308,cáo,ok
v00785,cáp,v00785.mp3,2108,cáp,ok
v00786,cát,v00786.mp3,1141,các,mismatch
v00787,cáu,v00787.mp3,2900,cáu,ok
v00788,cáy,v00788.mp3,5086,đấy,mismatch
v00789,câm,v00789.mp3,3313,cam,mismatch
v00790,cân,v00790.mp3,839,cưng,mismatch
v00791,câng,v00791.mp3,6768,cưng,mismatch
v00792,câu,v00792.mp3,430,câu,ok
v00793,cây,v00793.mp3,463,cấy,tone_mismatch
v00794,cãi,v00794.mp3,1373,cấy,mismatch
v00795,cò,v00795.mp3,2183,cò,ok
v00796,còi,v00796.mp3,2354,coi,tone_mismatch
v00797,còm,v00797.mp3,4405,cầm,mismatch
v00798,còn,v00798.mp3,75,còn,ok
v00799,còng,v00799.mp3,3002,công,mismatch
v00800,có,v00800.mp3,3,toát,mismatch
v00801,cóc,v00801.mp3,2120,cấp,mismatch
v00802,cói,v00802.mp3,4482,cói,ok
v00803,cón,v00803.mp3,6134,cấn,mismatch
v00804,cóng,v00804.mp3,4682,cống,mismatch
v00805,cóp,v00805.mp3,3274,cấp,mismatch
v00806,cót,v00806.mp3,4795,có,mismatch
v00807,cô,v00807.mp3,152,cô,ok
v00808,côi,v00808.mp3,2461,côi,ok
v00809,côm,v00809.mp3,5957,công,mismatch
v00810,côn,v00810.mp3,1903,cũng,mismatch
v00811,công,v00811.mp3,14,công,ok
v00812,cõ,v00812.mp3,6259,có,tone_mismatch
v00813,cõi,v00813.mp3,2915,cởi,mismatch
v00814,cõn,v00814.mp3,6230,cẩn,mismatch
v00815,cõng,v00815.mp3,3132,cống,mismatch
v00816,cù,v00816.mp3,2415,cô,mismatch
v00817,cùa,v00817.mp3,5095,của,tone_mismatch
v00818,cùi,v00818.mp3,3862,côi,mismatch
v00819,cùm,v00819.mp3,4541,cầm,mismatch
v00820,cùn,v00820.mp3,5337,cùng,mismatch
v00821,cùng,v00821.mp3,106,cùng,ok
v00822,cú,v00822.mp3,1611,cú,ok
v00823,cúa,v00823.mp3,5801,cút,mismatch
v00824,cúc,v00824.mp3,2053,cúc,ok
v00825,cúi,v00825.mp3,2602,cúi,ok
v00826,cúm,v00826.mp3,2470,cống,mismatch
v00827,cún,v00827.mp3,4081,cũng,mismatch
v00828,cúng,v00828.mp3,1970,cúng,ok
v00829,cúp,v00829.mp3,2814,cức,mismatch
v00830,cút,v00830.mp3,3384,cúc,mismatch
v00831,căm,v00831.mp3,3310,kăm,mismatch
v00832,căn,v00832.mp3,477,trăng,mismatch
v00833,căng,v00833.mp3,1333,càng,mismatch
v00834,cũ,v00834.mp3,868,cú,tone_mismatch
v00835,cũa,v00835.mp3,6656,của,tone_mismatch
v00836,cũi,v00836.mp3,4636,củi,tone_mismatch
v00837,cũn,v00837.mp3,5259,cũng,mismatch
v00838,cũng,v00838.mp3,23,cũng,ok
v00839,cơ,v00839.mp3,69,cứ,mismatch
v00840,cơi,v00840.mp3,3628,cây,mismatch
v00841,cơm,v00841.mp3,1094,cơm,ok
v00842,cơn,v00842.mp3,1115,cưng,mismatch
v00843,cư,v00843.mp3,706,cứ,tone_mismatch
v00844,cưa,v00844.mp3,2598,cứ,mismatch
v00845,cưng,v00845.mp3,2472,cưng,ok
v00846,cưu,v00846.mp3,3787,cựu,tone_mismatch
v00847,cươi,v00847.mp3,7024,cười,tone_mismatch
v00848,cươn,v00848.mp3,6892,cường,mismatch
v00849,cương,v00849.mp3,1265,cương,ok
v00850,cước,v00850.mp3,1899,cước,ok
v00851,cưới,v00851.mp3,955,cưới,ok
v00852,cướp,v00852.mp3,1017,cướp,ok
v00853,cười,v00853.mp3,951,cười,ok
v00854,cườm,v00854.mp3,4705,khươm,mismatch
v00855,cường,v00855.mp3,599,cừ,mismatch
v00856,cưỡi,v00856.mp3,3416,cưới,tone_mismatch
v00857,cưỡng,v00857.mp3,1703,cửng,mismatch
v00858,cược,v00858.mp3,2973,cực,mismatch
v00859,cạ,v00859.mp3,5196,cả,tone_mismatch
v00860,cạc,v00860.mp3,6109,kate,mismatch
v00861,cạch,v00861.mp3,4406,cả,mismatch
v00862,cạm,v00862.mp3,4050,cảm,tone_mismatch
v00863,cạn,v00863.mp3,1990,địnhcảng,mismatch
v00864,cạng,v00864.mp3,7031,cẳng,mismatch
v00865,cạnh,v00865.mp3,531,cận,mismatch
v00866,cạo,v00866.mp3,2970,cậu,mismatch
v00867,cạp,v00867.mp3,3276,cặp,mismatch
v00868,cạy,v00868.mp3,3453,kể,mismatch
v00869,cả,v00869.mp3,118,cả,ok
v00870,cải,v00870.mp3,736,kẻ,mismatch
v00871,cảm,v00871.mp3,252,cảm,ok
v00872,cản,v00872.mp3,1461,cảng,mismatch
v00873,cảng,v00873.mp3,1134,cảng,ok
v00874,cảnh,v00874.mp3,256,kỉnh,mismatch
v00875,cảo,v00875.mp3,4285,cảo,ok
v00876,cảu,v00876.mp3,5693,cáo,mismatch
v00877,cấc,v00877.mp3,6262,cất,mismatch
v00878,cấm,v00878.mp3,1045,cấm,ok
v00879,cấn,v00879.mp3,2864,cấn,ok
v00880,cấp,v00880.mp3,141,cấp,ok
v00881,cất,v00881.mp3,1464,cất,ok
v00882,cấu,v00882.mp3,979,cấu,ok
v00883,cấy,v00883.mp3,2253,kí,mismatch
v00884,cầm,v00884.mp3,874,cầm,ok
v00885,cần,v00885.mp3,176,công,mismatch
v00886,cầu,v00886.mp3,164,cầu,ok
v00887,cầy,v00887.mp3,4181,kỳ,mismatch
v00888,cẩm,v00888.mp3,1498,cấm,tone_mismatch
v00889,cẩn,v00889.mp3,1592,cấn,tone_mismatch
v00890,cẩu,v00890.mp3,2139,cậu,tone_mismatch
v00891,cẫng,v00891.mp3,5787,cững,mismatch
v00892,cận,v00892.mp3,925,cẩn,tone_mismatch
v00893,cập,v00893.mp3,981,cặp,mismatch
v00894,cật,v00894.mp3,3654,cực,mismatch
v00895,cậu,v00895.mp3,978,cầu,tone_mismatch
v00896,cậy,v00896.mp3,2052,kệ,mismatch
v00897,cắc,v00897.mp3,4935,két,mismatch
v00898,cắm,v00898.mp3,1963,cấm,mismatch
v00899,cắn,v00899.mp3,2157,trắng,mismatch
v00900,cắp,v00900.mp3,1474,cấp,mismatch
v00901,cắt,v00901.mp3,896,cắt,ok
v00902,cằm,v00902.mp3,3010,cầm,mismatch
v00903,cằn,v00903.mp3,3295,trăng,mismatch
v00904,cẳm,v00904.mp3,6814,cấm,mismatch
v00905,cẳng,v00905.mp3,3078,cẳng,ok
v00906,cặm,v00906.mp3,3912,cầm,mismatch
v00907,cặn,v00907.mp3,3114,cẳng,mismatch
v00908,cặng,v00908.mp3,6769,cẳng,tone_mismatch
v00909,cặp,v00909.mp3,1026,cặp,ok
v00910,cặt,v00910.mp3,6137,đặc,mismatch
v00911,cọ,v00911.mp3,2573,có,tone_mismatch
v00912,cọc,v00912.mp3,2116,unkcọc,mismatch
v00913,cọi,v00913.mp3,6657,cóấy,mismatch
v00914,cọn,v00914.mp3,5822,cộng,mismatch
v00915,cọng,v00915.mp3,3586,cổng,mismatch
v00916,cọp,v00916.mp3,4034,cạp,mismatch
v00917,cọt,v00917.mp3,5185,cọc,mismatch
v00918,cỏ,v00918.mp3,1583,có,tone_mismatch
v00919,cỏi,v00919.mp3,3901,kởi,mismatch
v00920,cỏn,v00920.mp3,5131,cấn,mismatch
v00921,cố,v00921.mp3,487,cố,ok
v00922,cốc,v00922.mp3,1933,cúc,mismatch
v00923,cối,v00923.mp3,2792,cói,mismatch
v00924,cốm,v00924.mp3,3562,cúm,mismatch
v00925,cống,v00925.mp3,1423,cống,ok
v00926,cốp,v00926.mp3,3141,cướp,mismatch
v00927,cốt,v00927.mp3,1561,cúc,mismatch
v00928,cồ,v00928.mp3,3977,cô,tone_mismatch
v00929,cồi,v00929.mp3,5802,côi,tone_mismatch
v00930,cồm,v00930.mp3,5402,cồm,ok
v00931,cồn,v00931.mp3,2050,cùng,mismatch
v00932,cồng,v00932.mp3,2941,công,tone_mismatch
v00933,cổ,v00933.mp3,416,cổ,ok
v00934,cổn,v00934.mp3,6348,cũng,mismatch
v00935,cổng,v00935.mp3,1426,cổng,ok
v00936,cỗ,v00936.mp3,2591,cổ,tone_mismatch
v00937,cỗi,v00937.mp3,3884,cói,mismatch
v00938,cộ,v00938.mp3,2788,cổ,tone_mismatch
v00939,cộc,v00939.mp3,4039,cộng,mismatch
v00940,cội,v00940.mp3,2805,cội,ok
v00941,cộm,v00941.mp3,3264,cộm,ok
v00942,cộng,v00942.mp3,555,cổng,tone_mismatch
v00943,cộp,v00943.mp3,4534,cộp,ok
v00944,cột,v00944.mp3,1434,cộng,mismatch
v00945,cớ,v00945.mp3,2530,cất,mismatch
v00946,cới,v00946.mp3,6943,cưới,mismatch
v00947,cớm,v00947.mp3,6209,cấm,mismatch
v00948,cờ,v00948.mp3,1497,cơ,tone_mismatch
v00949,cời,v00949.mp3,6764,cười,mismatch
v00950,cờn,v00950.mp3,5848,cường,mismatch
v00951,cở,v00951.mp3,4520,cớt,mismatch
v00952,cởi,v00952.mp3,2032,kể,mismatch
v00953,cỡ,v00953.mp3,1895,cỡ,ok
v00954,cỡn,v00954.mp3,5638,cững,mismatch
v00955,cợn,v00955.mp3,4969,cững,mismatch
v00956,cợt,v00956.mp3,3897,cược,mismatch
v00957,cụ,v00957.mp3,517,cụ,ok
v00958,cục,v00958.mp3,553,cục,ok
v00959,cụi,v00959.mp3,3853,cùi,tone_mismatch
v00960,cụm,v00960.mp3,1343,cúm,tone_mismatch
v00961,cụng,v00961.mp3,5031,cùng,tone_mismatch
v00962,cụp,v00962.mp3,5350,cược,mismatch
v00963,cụt,v00963.mp3,2656,cục,mismatch
v00964,củ,v00964.mp3,1451,củ,ok
v00965,của,v00965.mp3,2,của,ok
v00966,củi,v00966.mp3,2859,cuối,mismatch
v00967,củm,v00967.mp3,6017,cúng,mismatch
v00968,củn,v00968.mp3,6229,cũng,mismatch
v00969,củng,v00969.mp3,1850,cũng,tone_mismatch
v00970,cứ,v00970.mp3,482,hứ,mismatch
v00971,cứa,v00971.mp3,3402,cứ,mismatch
v00972,cứng,v00972.mp3,1554,cứng,ok
v00973,cứt,v00973.mp3,6694,cức,mismatch
v00974,cứu,v00974.mp3,264,cứu,ok
v00975,cừ,v00975.mp3,2661,cứ,tone_mismatch
v00976,cừa,v00976.mp3,7175,cưa,tone_mismatch
v00977,cừu,v00977.mp3,3174,cựu,tone_mismatch
v00978,cử,v00978.mp3,617,cử,ok
v00979,cửa,v00979.mp3,470,cửa,ok
v00980,cửi,v00980.mp3,5617,cưới,mismatch
v00981,cửu,v00981.mp3,2045,cứu,tone_mismatch
v00982,cữ,v00982.mp3,3777,cứ,tone_mismatch
v00983,cữu,v00983.mp3,3666,cứu,tone_mismatch
v00984,cự,v00984.mp3,2022,cử,tone_mismatch
v00985,cựa,v00985.mp3,3596,cười,mismatch
v00986,cực,v00986.mp3,658,cực,ok
v00987,cựu,v00987.mp3,1390,cửu,tone_mismatch
v00988,da,v00988.mp3,742,dạ,tone_mismatch
v00989,dai,v00989.mp3,2213,dây,mismatch
v00990,dam,v00990.mp3,4135,yêm,mismatch
v00991,dan,v00991.mp3,2062,giang,mismatch
v00992,dang,v00992.mp3,1942,giang,mismatch
v00993,danh,v00993.mp3,446,danh,ok
v00994,dao,v00994.mp3,992,giao,mismatch
v00995,dau,v00995.mp3,4340,dâu,mismatch
v00996,day,v00996.mp3,2651,dây,mismatch
v00997,de,v00997.mp3,2335,chê,mismatch
v00998,dem,v00998.mp3,5616,kìm,mismatch
v00999,den,v00999.mp3,3355,từđền,mismatch
v01000,deng,v01000.mp3,5487,thiên,mismatch
v01001,deo,v01001.mp3,5541,yêu,mismatch
v01002,di,v01002.mp3,669,từgì,mismatch
v01003,dia,v01003.mp3,5349,chi,mismatch
v01004,dim,v01004.mp3,5190,chim,mismatch
v01005,din,v01005.mp3,5431,đinh,mismatch
v01006,dinh,v01006.mp3,1028,từdinh,mismatch
v01007,diu,v01007.mp3,5560,kiêu,mismatch
v01008,diêm,v01008.mp3,3006,viên,mismatch
v01009,diên,v01009.mp3,2982,hiêng,mismatch
v01010,diêng,v01010.mp3,7170,diên,mismatch
v01011,diêu,v01011.mp3,4069,n,mismatch
v01012,diếc,v01012.mp3,5183,kiếc,mismatch
v01013,diếm,v01013.mp3,4470,kiếm,mismatch
v01014,diến,v01014.mp3,5519,giếng,mismatch
v01015,diếp,v01015.mp3,4239,dít,mismatch
v01016,diết,v01016.mp3,3587,từviết,mismatch
v01017,diếu,v01017.mp3,6606,kiếu,mismatch
v01018,diềm,v01018.mp3,5302,chìm,mismatch
v01019,diền,v01019.mp3,7020,dì,mismatch
v01020,diềng,v01020.mp3,7019,tựdiện,mismatch
v01021,diều,v01021.mp3,2722,nhiều,mismatch
v01022,diểm,v01022.mp3,5690,kiểm,mismatch
v01023,diển,v01023.mp3,6523,diễn,tone_mismatch
v01024,diểng,v01024.mp3,7018,diễn,mismatch
v01025,diểu,v01025.mp3,6450,chỉu,mismatch
v01026,diễm,v01026.mp3,1891,kiểm,mismatch
v01027,diễn,v01027.mp3,191,diễn,ok
v01028,diễu,v01028.mp3,2508,hiếu,mismatch
v01029,diệc,v01029.mp3,3895,việc,mismatch
v01030,diệm,v01030.mp3,3871,diễm,tone_mismatch
v01031,diện,v01031.mp3,359,chuyện,mismatch
v01032,diệp,v01032.mp3,2151,chịt,mismatch
v01033,diệt,v01033.mp3,1753,việc,mismatch
v01034,diệu,v01034.mp3,1755,diều,tone_mismatch
v01035,do,v01035.mp3,102,do,ok
v01036,doa,v01036.mp3,5942,doa,ok
v01037,doai,v01037.mp3,6564,duây,mismatch
v01038,doan,v01038.mp3,2494,chưaăn,mismatch
v01039,doang,v01039.mp3,6563,dôăn,mismatch
v01040,doanh,v01040.mp3,174,duyên,mismatch
v01041,doe,v01041.mp3,5679,từđô,mismatch
v01042,doi,v01042.mp3,4516,giời,mismatch
v01043,dom,v01043.mp3,4723,trump,mismatch
v01044,don,v01044.mp3,3029,dông,mismatch
v01045,dong,v01045.mp3,2262,từdâu,mismatch
v01046,doong,v01046.mp3,6888,đúng,mismatch
v01047,doàn,v01047.mp3,5880,khiăn,mismatch
v01048,doái,v01048.mp3,6762,gấy,mismatch
v01049,doãn,v01049.mp3,2477,doãn,ok
v01050,doạ,v01050.mp3,1367,chờạ,mismatch
v01051,du,v01051.mp3,402,dù,tone_mismatch
v01052,dua,v01052.mp3,4400,chưa,mismatch
v01053,dui,v01053.mp3,7162,dươi,mismatch
v01054,dum,v01054.mp3,6483,diêm,mismatch
v01055,dun,v01055.mp3,6132,chung,mismatch
v01056,dung,v01056.mp3,585,đểdùng,mismatch
v01057,duy,v01057.mp3,606,khi,mismatch
v01058,duyên,v01058.mp3,1213,riêng,mismatch
v01059,duyết,v01059.mp3,6932,ghiết,mismatch
v01060,duyền,v01060.mp3,6295,duyền,ok
v01061,duyển,v01061.mp3,6561,truyện,mismatch
v01062,duyện,v01062.mp3,4789,hiện,mismatch
v01063,duyệt,v01063.mp3,1273,duyệt,ok
v01064,duân,v01064.mp3,4762,nhưng,mismatch
v01065,duôi,v01065.mp3,6170,tôi,mismatch
v01066,duông,v01066.mp3,6296,từjun,mismatch
v01067,duấn,v01067.mp3,6887,vốn,mismatch
v01068,duần,v01068.mp3,6935,dường,mismatch
v01069,duẩn,v01069.mp3,2896,từdũng,mismatch
v01070,duẫn,v01070.mp3,5180,chứng,mismatch
v01071,duật,v01071.mp3,4488,nhiều,mismatch
v01072,duế,v01072.mp3,6934,dưới,mismatch
v01073,duệ,v01073.mp3,2912,từduệ,mismatch
v01074,duối,v01074.mp3,5479,chứ,mismatch
v01075,duỗi,v01075.mp3,3689,dưới,mismatch
v01076,duỵ,v01076.mp3,5799,kìa,mismatch
v01077,dy,v01077.mp3,5369,gì,mismatch
v01078,dà,v01078.mp3,4153,dạ,tone_mismatch
v01079,dài,v01079.mp3,414,từdài,mismatch
v01080,dàn,v01080.mp3,1493,giang,mismatch
v01081,dàng,v01081.mp3,1199,từgian,mismatch
v01082,dành,v01082.mp3,625,chân,mismatch
v01083,dào,v01083.mp3,2534,châu,mismatch
v01084,dày,v01084.mp3,1307,vầy,mismatch
v01085,dác,v01085.mp3,5398,chắc,mismatch
v01086,dách,v01086.mp3,6810,dất,mismatch
v01087,dái,v01087.mp3,5446,cháy,mismatch
v01088,dám,v01088.mp3,1247,chắn,mismatch
v01089,dán,v01089.mp3,2023,dấn,mismatch
v01090,dáng,v01090.mp3,1239,dáng,ok
v01091,dánh,v01091.mp3,5242,chánh,mismatch
v01092,dáo,v01092.mp3,5241,dấu,mismatch
v01093,dát,v01093.mp3,3555,dạ,mismatch
v01094,dáu,v01094.mp3,6693,cháu,mismatch
v01095,dáy,v01095.mp3,6000,chế,mismatch
v01096,dâm,v01096.mp3,1306,dâm,ok
v01097,dân,v01097.mp3,68,dưng,mismatch
v01098,dâng,v01098.mp3,1905,dang,mismatch
v01099,dâu,v01099.mp3,1282,châu,mismatch
v01100,dây,v01100.mp3,958,dây,ok
v01101,dã,v01101.mp3,1794,dạ,tone_mismatch
v01102,dãi,v01102.mp3,3103,trải,mismatch
v01103,dãn,v01103.mp3,4351,giản,mismatch
v01104,dãnh,v01104.mp3,6654,chỉnh,mismatch
v01105,dão,v01105.mp3,6809,từdấu,mismatch
v01106,dãy,v01106.mp3,2165,dậy,mismatch
v01107,dè,v01107.mp3,2699,từvề,mismatch
v01108,dèm,v01108.mp3,4990,chìm,mismatch
v01109,dèn,v01109.mp3,6890,viền,mismatch
v01110,dép,v01110.mp3,2333,kết,mismatch
v01111,dê,v01111.mp3,2314,dê,ok
v01112,dên,v01112.mp3,6227,diên,mismatch
v01113,dì,v01113.mp3,2521,chi,mismatch
v01114,dìa,v01114.mp3,5904,chìa,mismatch
v01115,dìm,v01115.mp3,3712,kiếm,mismatch
v01116,dìn,v01116.mp3,5704,từđình,mismatch
v01117,dình,v01117.mp3,5903,dìn,mismatch
v01118,dìu,v01118.mp3,3033,điều,mismatch
v01119,dí,v01119.mp3,2949,dí,ok
v01120,dích,v01120.mp3,6653,kết,mismatch
v01121,dín,v01121.mp3,6484,chiến,mismatch
v01122,dính,v01122.mp3,1690,dính,ok
v01123,dít,v01123.mp3,6605,rứt,mismatch
v01124,díu,v01124.mp3,4163,dước,mismatch
v01125,dò,v01125.mp3,1981,giờ,mismatch
v01126,dòi,v01126.mp3,4449,giời,mismatch
v01127,dòm,v01127.mp3,4573,từdâm,mismatch
v01128,dòn,v01128.mp3,6071,từdồn,mismatch
v01129,dòng,v01129.mp3,852,từdông,mismatch
v01130,dó,v01130.mp3,4147,gió,mismatch
v01131,dóc,v01131.mp3,5480,dất,mismatch
v01132,dóng,v01132.mp3,5925,giống,mismatch
v01133,dót,v01133.mp3,7015,dất,mismatch
v01134,dô,v01134.mp3,5182,vô,mismatch
v01135,dôi,v01135.mp3,3827,dối,tone_mismatch
v01136,dôm,v01136.mp3,5155,dươm,mismatch
v01137,dôn,v01137.mp3,6603,chung,mismatch
v01138,dông,v01138.mp3,1811,dông,ok
v01139,dõi,v01139.mp3,1087,giới,mismatch
v01140,dõng,v01140.mp3,4786,giống,mismatch
v01141,dù,v01141.mp3,409,dù,ok
v01142,dùi,v01142.mp3,3422,vui,mismatch
v01143,dùm,v01143.mp3,4511,chung,mismatch
v01144,dùng,v01144.mp3,350,dùng,ok
v01145,dú,v01145.mp3,6602,yếu,mismatch
v01146,dúa,v01146.mp3,5120,từdúa,mismatch
v01147,dúi,v01147.mp3,4162,dúi,ok
v01148,dúm,v01148.mp3,3911,dúng,mismatch
v01149,dún,v01149.mp3,6804,dũng,mismatch
v01150,dúng,v01150.mp3,5766,dũng,tone_mismatch
v01151,dút,v01151.mp3,6418,chúc,mismatch
v01152,dăm,v01152.mp3,3102,dâm,mismatch
v01153,dăng,v01153.mp3,5956,dần,mismatch
v01154,dĩ,v01154.mp3,1708,chỉ,mismatch
v01155,dĩa,v01155.mp3,3693,dễ,mismatch
v01156,dĩnh,v01156.mp3,3678,chín,mismatch
v01157,dũ,v01157.mp3,3390,vũ,mismatch
v01158,dũa,v01158.mp3,5181,chỗ,mismatch
v01159,dũi,v01159.mp3,6886,chuỗi,mismatch
v01160,dũng,v01160.mp3,774,chúng,mismatch
v01161,dơ,v01161.mp3,3677,giờ,mismatch
v01162,dơi,v01162.mp3,3148,dây,mismatch
v01163,dơn,v01163.mp3,5292,từdân,mismatch
v01164,dư,v01164.mp3,880,như,mismatch
v01165,dưa,v01165.mp3,1613,chưa,mismatch
v01166,dưng,v01166.mp3,2425,nhưng,mismatch
v01167,dương,v01167.mp3,512,nhưng,mismatch
v01168,dước,v01168.mp3,7160,dước,ok
v01169,dưới,v01169.mp3,562,chứ,mismatch
v01170,dướng,v01170.mp3,6419,yếu,mismatch
v01171,dười,v01171.mp3,6651,chười,mismatch
v01172,dường,v01172.mp3,1643,từvướng,mismatch
v01173,dưỡng,v01173.mp3,745,triểnchứng,mismatch
v01174,dược,v01174.mp3,1248,dược,ok
v01175,dượng,v01175.mp3,3456,dũng,mismatch
v01176,dượt,v01176.mp3,4396,chức,mismatch
v01177,dạ,v01177.mp3,1452,dạ,ok
v01178,dạc,v01178.mp3,4930,dạ,mismatch
v01179,dại,v01179.mp3,2092,giời,mismatch
v01180,dạm,v01180.mp3,5331,giảm,mismatch
v01181,dạn,v01181.mp3,2236,dạ,mismatch
v01182,dạng,v01182.mp3,953,dạng,ok
v01183,dạnh,v01183.mp3,7023,từdẫn,mismatch
v01184,dạo,v01184.mp3,1911,vào,mismatch
v01185,dạt,v01185.mp3,2562,dạ,mismatch
v01186,dạy,v01186.mp3,733,từvậy,mismatch
v01187,dả,v01187.mp3,4006,chả,mismatch
v01188,dải,v01188.mp3,2103,giải,mismatch
v01189,dảm,v01189.mp3,6891,từdẩm,mismatch
v01190,dảnh,v01190.mp3,7174,chỉnh,mismatch
v01191,dảo,v01191.mp3,7022,cháu,mismatch
v01192,dấm,v01192.mp3,3729,dấm,ok
v01193,dấn,v01193.mp3,3116,chấn,mismatch
v01194,dấp,v01194.mp3,4218,giúp,mismatch
v01195,dất,v01195.mp3,6207,giấc,mismatch
v01196,dấu,v01196.mp3,804,dấu,ok
v01197,dấy,v01197.mp3,3119,gì,mismatch
v01198,dầm,v01198.mp3,2572,dầm,ok
v01199,dần,v01199.mp3,929,dần,ok
v01200,dầu,v01200.mp3,679,dầu,ok
v01201,dầy,v01201.mp3,4010,ngày,mismatch
v01202,dẩn,v01202.mp3,6763,dẫn,tone_mismatch
v01203,dẩu,v01203.mp3,6228,dấu,tone_mismatch
v01204,dẫm,v01204.mp3,3211,dẫm,ok
v01205,dẫn,v01205.mp3,381,khiếng,mismatch
v01206,dẫu,v01206.mp3,2631,dấu,tone_mismatch
v01207,dẫy,v01207.mp3,5999,vậy,mismatch
v01208,dậm,v01208.mp3,4471,chậm,mismatch
v01209,dận,v01209.mp3,6152,dựng,mismatch
v01210,dập,v01210.mp3,1616,chẹp,mismatch
v01211,dật,v01211.mp3,4320,giật,mismatch
v01212,dậu,v01212.mp3,3100,dẫu,tone_mismatch
v01213,dậy,v01213.mp3,1326,vậy,mismatch
v01214,dắc,v01214.mp3,6485,dắt,mismatch
v01215,dắm,v01215.mp3,6655,chấm,mismatch
v01216,dắt,v01216.mp3,1804,chắc,mismatch
v01217,dằm,v01217.mp3,5542,dầm,mismatch
v01218,dằn,v01218.mp3,2738,dần,mismatch
v01219,dằng,v01219.mp3,4336,chân,mismatch
v01220,dẳng,v01220.mp3,3370,dẫn,mismatch
v01221,dặc,v01221.mp3,4871,dạ,mismatch
v01222,dặm,v01222.mp3,2967,nhậm,mismatch
v01223,dặn,v01223.mp3,2168,dặn,ok
v01224,dặt,v01224.mp3,3479,dạ,mismatch
v01225,dẹo,v01225.mp3,5254,từđiệu,mismatch
v01226,dẹp,v01226.mp3,2067,chẹp,mismatch
v01227,dẹt,v01227.mp3,4210,việc,mismatch
v01228,dẻ,v01228.mp3,3252,dễ,mismatch
v01229,dẻo,v01229.mp3,2388,chẻo,mismatch
v01230,dẽ,v01230.mp3,6045,dễ,mismatch
v01231,dế,v01231.mp3,3891,dét,mismatch
v01232,dến,v01232.mp3,5184,dính,mismatch
v01233,dếnh,v01233.mp3,6151,dính,mismatch
v01234,dề,v01234.mp3,4668,từvề,mismatch
v01235,dền,v01235.mp3,3782,tưdần,mismatch
v01236,dềnh,v01236.mp3,4957,dần,mismatch
v01237,dều,v01237.mp3,7021,diều,mismatch
v01238,dể,v01238.mp3,5247,dễ,tone_mismatch
v01239,dễ,v01239.mp3,636,dễ,ok
v01240,dệt,v01240.mp3,1960,dệt,ok
v01241,dị,v01241.mp3,1171,dạ,mismatch
v01242,dịa,v01242.mp3,5882,dễ,mismatch
v01243,dịch,v01243.mp3,366,chết,mismatch
v01244,dịnh,v01244.mp3,5379,chiến,mismatch
v01245,dịp,v01245.mp3,913,từdịp,mismatch
v01246,dịu,v01246.mp3,1941,chịu,mismatch
v01247,dọ,v01247.mp3,6652,giờ,mismatch
v01248,dọc,v01248.mp3,1581,dộc,mismatch
v01249,dọi,v01249.mp3,6604,giỏi,mismatch
v01250,dọn,v01250.mp3,1597,dòng,mismatch
v01251,dỏ,v01251.mp3,5462,giỏ,mismatch
v01252,dỏm,v01252.mp3,3171,dẫm,mismatch
v01253,dỏng,v01253.mp3,5553,dẫu,mismatch
v01254,dốc,v01254.mp3,1876,dốc,ok
v01255,dối,v01255.mp3,1965,từchối,mismatch
v01256,dốp,v01256.mp3,6373,từgiúp,mismatch
v01257,dốt,v01257.mp3,3814,dước,mismatch
v01258,dồ,v01258.mp3,5647,chồ,mismatch
v01259,dồi,v01259.mp3,2220,rồi,mismatch
v01260,dồn,v01260.mp3,1889,dồn,ok
v01261,dồng,v01261.mp3,5767,dòng,mismatch
v01262,dổi,v01262.mp3,4654,chổi,mismatch
v01263,dỗ,v01263.mp3,2130,dỗ,ok
v01264,dỗi,v01264.mp3,3346,chuỗi,mismatch
v01265,dộ,v01265.mp3,6205,dổ,tone_mismatch
v01266,dộc,v01266.mp3,7016,việc,mismatch
v01267,dội,v01267.mp3,1994,dội,ok
v01268,dộng,v01268.mp3,4963,giọng,mismatch
v01269,dộp,v01269.mp3,6937,từnhiều,mismatch
v01270,dột,v01270.mp3,3075,dộp,mismatch
v01271,dớ,v01271.mp3,7017,chớ,mismatch
v01272,dớn,v01272.mp3,5800,khiếng,mismatch
v01273,dớp,v01273.mp3,6030,giúp,mismatch
v01274,dớt,v01274.mp3,6562,chất,mismatch
v01275,dờ,v01275.mp3,5943,giờ,mismatch
v01276,dời,v01276.mp3,1791,dời,ok
v01277,dờn,v01277.mp3,7164,giờ,mismatch
v01278,dở,v01278.mp3,1871,giữ,mismatch
v01279,dởm,v01279.mp3,5313,dởm,ok
v01280,dỡ,v01280.mp3,1752,dở,tone_mismatch
v01281,dỡn,v01281.mp3,6805,giữ,mismatch
v01282,dợ,v01282.mp3,5530,giở,mismatch
v01283,dợm,v01283.mp3,6691,dậm,mismatch
v01284,dợn,v01284.mp3,6258,vẫn,mismatch
v01285,dợt,v01285.mp3,5736,giờ,mismatch
v01286,dụ,v01286.mp3,1272,điều,mismatch
v01287,dụa,v01287.mp3,5440,từdũa,mismatch
v01288,dục,v01288.mp3,451,rượu,mismatch
v01289,dụi,v01289.mp3,4501,dũi,tone_mismatch
v01290,dụm,v01290.mp3,3046,dũng,mismatch
v01291,dụng,v01291.mp3,146,chùng,mismatch
v01292,dủ,v01292.mp3,6318,chủ,mismatch
v01293,dủng,v01293.mp3,6884,dũng,tone_mismatch
v01294,dứ,v01294.mp3,6297,từtrước,mismatch
v01295,dứa,v01295.mp3,3041,từdước,mismatch
v01296,dức,v01296.mp3,6522,dứt,mismatch
v01297,dứng,v01297.mp3,7161,nhưng,mismatch
v01298,dứt,v01298.mp3,1316,tiếc,mismatch
v01299,dừ,v01299.mp3,6016,chứ,mismatch
v01300,dừa,v01300.mp3,1844,chừa,mismatch
v01301,dừm,v01301.mp3,6885,diêm,mismatch
v01302,dừng,v01302.mp3,902,từgiường,mismatch
v01303,dử,v01303.mp3,6085,giữ,mismatch
v01304,dửng,v01304.mp3,4477,từdũng,mismatch
v01305,dữ,v01305.mp3,1289,chữ,mismatch
v01306,dững,v01306.mp3,4778,chững,mismatch
v01307,dự,v01307.mp3,135,dự,ok
v01308,dựa,v01308.mp3,1173,dứa,tone_mismatch
v01309,dực,v01309.mp3,4785,chiếc,mismatch
v01310,dựng,v01310.mp3,294,chuyện,mismatch
v01311,dỵ,v01311.mp3,6256,chị,mismatch
v01312,dỹ,v01312.mp3,6482,gỉ,mismatch
v01313,e,v01313.mp3,1679,ẹc,mismatch
v01314,em,v01314.mp3,114,em,ok
v01315,en,v01315.mp3,4017,em,mismatch
v01316,eng,v01316.mp3,5217,anh,mismatch
v01317,eo,v01317.mp3,2265,eo,ok
v01318,ga,v01318.mp3,1233,ca,mismatch
v01319,gai,v01319.mp3,2318,cây,mismatch
v01320,gam,v01320.mp3,2664,từgam,mismatch
v01321,gan,v01321.mp3,1332,gan,ok
v01322,gang,v01322.mp3,2610,gan,mismatch
v01323,ganh,v01323.mp3,3819,kench,mismatch
v01324,gao,v01324.mp3,3442,gel,mismatch
v01325,gau,v01325.mp3,5702,cầu,mismatch
v01326,gay,v01326.mp3,2072,gây,mismatch
v01327,ghe,v01327.mp3,2600,dạ,mismatch
v01328,ghen,v01328.mp3,1951,kinh,mismatch
v01329,ghi,v01329.mp3,649,ki,mismatch
v01330,ghim,v01330.mp3,4507,kim,mismatch
v01331,ghiếc,v01331.mp3,5819,ít,mismatch
v01332,ghiền,v01332.mp3,4680,ghiền,ok
v01333,ghè,v01333.mp3,5231,kê,mismatch
v01334,ghèn,v01334.mp3,5941,kền,mismatch
v01335,ghé,v01335.mp3,2058,kate,mismatch
v01336,ghéc,v01336.mp3,6600,kết,mismatch
v01337,ghém,v01337.mp3,4357,kém,mismatch
v01338,ghép,v01338.mp3,1492,kết,mismatch
v01339,ghét,v01339.mp3,2261,kiếc,mismatch
v01340,ghê,v01340.mp3,2676,ghê,ok
v01341,ghì,v01341.mp3,4693,từghi,mismatch
v01342,ghìm,v01342.mp3,5154,ghiêm,mismatch
v01343,ghẹ,v01343.mp3,3469,kĩa,mismatch
v01344,ghẹo,v01344.mp3,3879,kều,mismatch
v01345,ghẻ,v01345.mp3,3924,kẻ,mismatch
v01346,ghẽ,v01346.mp3,5273,kệ,mismatch
v01347,ghế,v01347.mp3,1357,ghế,ok
v01348,ghếch,v01348.mp3,6758,ghét,mismatch
v01349,ghề,v01349.mp3,4398,vầy,mismatch
v01350,ghềnh,v01350.mp3,2818,ghiền,mismatch
v01351,ghị,v01351.mp3,6931,nghị,mismatch
v01352,gi,v01352.mp3,3337,chết,mismatch
v01353,gia,v01353.mp3,54,da,mismatch
v01354,giai,v01354.mp3,797,dây,mismatch
v01355,giam,v01355.mp3,1149,dâm,mismatch
v01356,gian,v01356.mp3,199,trang,mismatch
v01357,giang,v01357.mp3,608,giang,ok
v01358,gianh,v01358.mp3,3942,chính,mismatch
v01359,giao,v01359.mp3,189,cháu,mismatch
v01360,giau,v01360.mp3,5924,châu,mismatch
v01361,giay,v01361.mp3,6416,chê,mismatch
v01362,gien,v01362.mp3,4431,từdanh,mismatch
v01363,gieo,v01363.mp3,2626,gieo,ok
v01364,gim,v01364.mp3,6448,nhiêm,mismatch
v01365,gin,v01365.mp3,5200,kiền,mismatch
v01366,gio,v01366.mp3,3271,cho,mismatch
v01367,gioan,v01367.mp3,7153,dương,mismatch
v01368,gioi,v01368.mp3,5763,rồi,mismatch
v01369,giong,v01369.mp3,5445,chông,mismatch
v01370,giu,v01370.mp3,5878,nhưng,mismatch
v01371,giun,v01371.mp3,2837,chung,mismatch
v01372,giuộc,v01372.mp3,4018,chụp,mismatch
v01373,già,v01373.mp3,1204,dạ,mismatch
v01374,giàn,v01374.mp3,2154,dạng,mismatch
v01375,giàng,v01375.mp3,2905,dàn,mismatch
v01376,giành,v01376.mp3,1221,dành,mismatch
v01377,giào,v01377.mp3,7011,chèo,mismatch
v01378,giàu,v01378.mp3,1005,dầu,mismatch
v01379,giày,v01379.mp3,1684,contrai,mismatch
v01380,giá,v01380.mp3,84,dạ,mismatch
v01381,giác,v01381.mp3,894,chắc,mismatch
v01382,giám,v01382.mp3,353,dám,mismatch
v01383,gián,v01383.mp3,2207,chịẵng,mismatch
v01384,giáng,v01384.mp3,2013,chắn,mismatch
v01385,giáo,v01385.mp3,266,dấu,mismatch
v01386,giáp,v01386.mp3,1500,chép,mismatch
v01387,giát,v01387.mp3,4956,giết,mismatch
v01388,giáy,v01388.mp3,5339,giấy,mismatch
v01389,giâm,v01389.mp3,5764,châm,mismatch
v01390,giây,v01390.mp3,1563,dây,mismatch
v01391,giã,v01391.mp3,2678,từgiả,mismatch
v01392,giãi,v01392.mp3,3498,giải,tone_mismatch
v01393,giãn,v01393.mp3,1790,từgiảng,mismatch
v01394,giãy,v01394.mp3,4359,dậy,mismatch
v01395,gièm,v01395.mp3,4939,khiem,mismatch
v01396,gié,v01396.mp3,6449,dạ,mismatch
v01397,giê,v01397.mp3,5030,gì,mismatch
v01398,giêng,v01398.mp3,2882,chuyên,mismatch
v01399,giò,v01399.mp3,2478,dạ,mismatch
v01400,giòi,v01400.mp3,4497,giời,mismatch
v01401,giòn,v01401.mp3,2325,từdàn,mismatch
v01402,gió,v01402.mp3,950,dất,mismatch
v01403,gióng,v01403.mp3,3409,giống,mismatch
v01404,giót,v01404.mp3,5023,dứt,mismatch
v01405,giô,v01405.mp3,6371,hiếu,mismatch
v01406,giôn,v01406.mp3,5785,chúng,mismatch
v01407,giông,v01407.mp3,2269,dâu,mismatch
v01408,giùm,v01408.mp3,3382,chung,mismatch
v01409,giúi,v01409.mp3,6294,dúi,mismatch
v01410,giúp,v01410.mp3,319,nhức,mismatch
v01411,giút,v01411.mp3,6130,nhúc,mismatch
v01412,giăm,v01412.mp3,5268,dâm,mismatch
v01413,giăng,v01413.mp3,3167,dân,mismatch
v01414,giũ,v01414.mp3,3618,chủ,mismatch
v01415,giũa,v01415.mp3,4184,dũa,mismatch
v01416,giơ,v01416.mp3,2807,giơ,ok
v01417,giương,v01417.mp3,4460,nhưng,mismatch
v01418,giường,v01418.mp3,1431,dường,mismatch
v01419,giạ,v01419.mp3,5253,dạ,mismatch
v01420,giạm,v01420.mp3,7155,giấm,mismatch
v01421,giạt,v01421.mp3,6599,dạ,mismatch
v01422,giả,v01422.mp3,397,dạ,mismatch
v01423,giải,v01423.mp3,175,chảy,mismatch
v01424,giảm,v01424.mp3,291,dẫm,mismatch
v01425,giản,v01425.mp3,1014,dẫn,mismatch
v01426,giảng,v01426.mp3,1000,dẵng,mismatch
v01427,giảo,v01427.mp3,5291,dạo,mismatch
v01428,giấc,v01428.mp3,1496,hiếc,mismatch
v01429,giấm,v01429.mp3,3169,dấm,mismatch
v01430,giấp,v01430.mp3,5794,giúp,mismatch
v01431,giấu,v01431.mp3,1419,giống,mismatch
v01432,giấy,v01432.mp3,598,vậy,mismatch
v01433,giầu,v01433.mp3,5106,dầu,mismatch
v01434,giầy,v01434.mp3,3254,dây,mismatch
v01435,giẫm,v01435.mp3,3582,chẩm,mismatch
v01436,giẫy,v01436.mp3,6347,chỉ,mismatch
v01437,giậm,v01437.mp3,4600,dầm,mismatch
v01438,giận,v01438.mp3,1640,tiền,mismatch
v01439,giập,v01439.mp3,4481,giật,mismatch
v01440,giật,v01440.mp3,1159,dân,mismatch
v01441,giậu,v01441.mp3,5845,chụp,mismatch
v01442,giắc,v01442.mp3,5652,chắc,mismatch
v01443,giắt,v01443.mp3,4851,dạ,mismatch
v01444,giằm,v01444.mp3,7012,dầm,mismatch
v01445,giằng,v01445.mp3,2681,dạ,mismatch
v01446,giặc,v01446.mp3,2913,dạ,mismatch
v01447,giặm,v01447.mp3,4246,chậm,mismatch
v01448,giặt,v01448.mp3,2083,dạ,mismatch
v01449,giẻ,v01449.mp3,3914,dễ,mismatch
v01450,giẽ,v01450.mp3,3215,chế,mismatch
v01451,giếm,v01451.mp3,3676,diếm,mismatch
v01452,giếng,v01452.mp3,2123,dín,mismatch
v01453,giết,v01453.mp3,1039,chiếc,mismatch
v01454,giềng,v01454.mp3,2672,dinh,mismatch
v01455,giọng,v01455.mp3,1201,giọng,ok
v01456,giọt,v01456.mp3,2081,giật,mismatch
v01457,giỏ,v01457.mp3,2674,từgiỏ,mismatch
v01458,giỏi,v01458.mp3,1170,giỏi,ok
v01459,giốc,v01459.mp3,4643,dốc,mismatch
v01460,giống,v01460.mp3,792,giống,ok
v01461,giồng,v01461.mp3,3397,chồng,mismatch
v01462,giỗ,v01462.mp3,2683,từdỗ,mismatch
v01463,giội,v01463.mp3,5478,rồi,mismatch
v01464,giộp,v01464.mp3,6689,dợt,mismatch
v01465,giớ,v01465.mp3,7010,nhớ,mismatch
v01466,giới,v01466.mp3,224,giới,ok
v01467,giờ,v01467.mp3,267,giờ,ok
v01468,giời,v01468.mp3,3473,tưdày,mismatch
v01469,giở,v01469.mp3,3245,nhỡ,mismatch
v01470,giỡ,v01470.mp3,7154,từdữ,mismatch
v01471,giỡn,v01471.mp3,3657,vẫn,mismatch
v01472,giụa,v01472.mp3,4445,dũa,mismatch
v01473,giục,v01473.mp3,2822,nghe,mismatch
v01474,giửa,v01474.mp3,7152,nhữa,mismatch
v01475,giữ,v01475.mp3,368,giữ,ok
v01476,giữa,v01476.mp3,396,giữa,ok
v01477,giựt,v01477.mp3,4974,từdịch,mismatch
v01478,go,v01478.mp3,2729,có,mismatch
v01479,goa,v01479.mp3,6168,qua,mismatch
v01480,goi,v01480.mp3,5784,gọi,tone_mismatch
v01481,gom,v01481.mp3,1858,căm,mismatch
v01482,gon,v01482.mp3,5014,con,mismatch
v01483,gong,v01483.mp3,4913,dông,mismatch
v01484,goong,v01484.mp3,6370,công,mismatch
v01485,goá,v01485.mp3,3695,quác,mismatch
v01486,goòng,v01486.mp3,6519,uồng,mismatch
v01487,gu,v01487.mp3,2901,khu,mismatch
v01488,gui,v01488.mp3,4912,côơi,mismatch
v01489,gum,v01489.mp3,5516,cam,mismatch
v01490,gun,v01490.mp3,4734,cùng,mismatch
v01491,gung,v01491.mp3,7150,không,mismatch
v01492,guy,v01492.mp3,4476,cây,mismatch
v01493,guyên,v01493.mp3,7008,huyên,mismatch
v01494,guốc,v01494.mp3,4416,cúc,mismatch
v01495,guồng,v01495.mp3,3943,cùnggùng,mismatch
v01496,guộc,v01496.mp3,4709,cũ,mismatch
v01497,gà,v01497.mp3,985,dạ,mismatch
v01498,gài,v01498.mp3,3837,cai,mismatch
v01499,gàn,v01499.mp3,4567,gan,tone_mismatch
v01500,gàng,v01500.mp3,2955,gàn,mismatch
v01501,gành,v01501.mp3,3735,canh,mismatch
v01502,gào,v01502.mp3,2923,gàu,mismatch
v01503,gàu,v01503.mp3,4310,cầu,mismatch
v01504,gày,v01504.mp3,5167,kê,mismatch
v01505,gá,v01505.mp3,4948,dạ,mismatch
v01506,gác,v01506.mp3,2119,két,mismatch
v01507,gách,v01507.mp3,6881,kết,mismatch
v01508,gái,v01508.mp3,422,congái,mismatch
v01509,gám,v01509.mp3,6520,gắm,mismatch
v01510,gán,v01510.mp3,3595,gắn,mismatch
v01511,gánh,v01511.mp3,1582,gắn,mismatch
v01512,gáo,v01512.mp3,4289,kéo,mismatch
v01513,gáp,v01513.mp3,4022,kép,mismatch
v01514,gát,v01514.mp3,6690,két,mismatch
v01515,gáy,v01515.mp3,2985,kế,mismatch
v01516,gâm,v01516.mp3,5358,căm,mismatch
v01517,gân,v01517.mp3,2682,cưng,mismatch
v01518,gâu,v01518.mp3,6169,dâu,mismatch
v01519,gây,v01519.mp3,283,cây,mismatch
v01520,gã,v01520.mp3,2048,dạ,mismatch
v01521,gãi,v01521.mp3,4108,cãi,mismatch
v01522,gãy,v01522.mp3,1716,chạy,mismatch
v01523,gì,v01523.mp3,318,từgì,mismatch
v01524,gìa,v01524.mp3,6481,về,mismatch
v01525,gìn,v01525.mp3,1729,kinh,mismatch
v01526,gí,v01526.mp3,4613,chỉ,mismatch
v01527,gía,v01527.mp3,5094,chía,mismatch
v01528,gò,v01528.mp3,1682,có,mismatch
v01529,gòi,v01529.mp3,6070,từrồi,mismatch
v01530,gòn,v01530.mp3,954,cần,mismatch
v01531,góc,v01531.mp3,1321,dạ,mismatch
v01532,gói,v01532.mp3,1194,cói,mismatch
v01533,góp,v01533.mp3,586,cấp,mismatch
v01534,gót,v01534.mp3,2787,cước,mismatch
v01535,gô,v01535.mp3,5099,cô,mismatch
v01536,gôi,v01536.mp3,7009,côơi,mismatch
v01537,gôm,v01537.mp3,5552,cường,mismatch
v01538,gôn,v01538.mp3,4586,cưng,mismatch
v01539,gông,v01539.mp3,5258,công,mismatch
v01540,gõ,v01540.mp3,2627,gỡ,mismatch
v01541,gù,v01541.mp3,3743,cựu,mismatch
v01542,gùi,v01542.mp3,4411,guôidơi,mismatch
v01543,gú,v01543.mp3,4947,cú,mismatch
v01544,gúp,v01544.mp3,6069,cức,mismatch
v01545,gút,v01545.mp3,3960,cúc,mismatch
v01546,găm,v01546.mp3,3267,kem,mismatch
v01547,găng,v01547.mp3,3016,găng,ok
v01548,gũi,v01548.mp3,1839,cối,mismatch
v01549,gơ,v01549.mp3,5735,cơ,mismatch
v01550,gươm,v01550.mp3,2767,khươm,mismatch
v01551,gương,v01551.mp3,1110,cương,mismatch
v01552,gười,v01552.mp3,6316,người,mismatch
v01553,gườm,v01553.mp3,5902,cơm,mismatch
v01554,gường,v01554.mp3,5461,cường,mismatch
v01555,gượng,v01555.mp3,3106,cửu,mismatch
v01556,gạ,v01556.mp3,3445,gàá,mismatch
v01557,gạc,v01557.mp3,2922,kìa,mismatch
v01558,gạch,v01558.mp3,1878,kẹp,mismatch
v01559,gạn,v01559.mp3,4776,kẻng,mismatch
v01560,gạo,v01560.mp3,1200,từgạo,mismatch
v01561,gạt,v01561.mp3,2417,dạ,mismatch
v01562,gả,v01562.mp3,4033,dạ,mismatch
v01563,gải,v01563.mp3,5879,cải,mismatch
v01564,gảy,v01564.mp3,5765,gẫy,mismatch
v01565,gấc,v01565.mp3,4114,cức,mismatch
v01566,gấm,v01566.mp3,3552,ngấm,mismatch
v01567,gấn,v01567.mp3,7013,dâng,mismatch
v01568,gấp,v01568.mp3,1181,cấp,mismatch
v01569,gấu,v01569.mp3,2257,cấu,mismatch
v01570,gấy,v01570.mp3,6372,giấy,mismatch
v01571,gầm,v01571.mp3,2347,cầm,mismatch
v01572,gần,v01572.mp3,251,từgần,mismatch
v01573,gầu,v01573.mp3,4870,cầu,mismatch
v01574,gầy,v01574.mp3,2317,gây,tone_mismatch
v01575,gẩm,v01575.mp3,6317,chấm,mismatch
v01576,gẩy,v01576.mp3,6417,gẫy,tone_mismatch
v01577,gẫm,v01577.mp3,4284,gấm,tone_mismatch
v01578,gẫu,v01578.mp3,4466,cấu,mismatch
v01579,gẫy,v01579.mp3,3883,kỹ,mismatch
v01580,gậm,v01580.mp3,6559,cầm,mismatch
v01581,gập,v01581.mp3,3225,việc,mismatch
v01582,gật,v01582.mp3,2736,cược,mismatch
v01583,gậy,v01583.mp3,2324,kỹ,mismatch
v01584,gắm,v01584.mp3,2766,chấm,mismatch
v01585,gắn,v01585.mp3,872,vắng,mismatch
v01586,gắng,v01586.mp3,1001,gắng,ok
v01587,gắp,v01587.mp3,3120,cấp,mismatch
v01588,gắt,v01588.mp3,1949,gác,mismatch
v01589,gằm,v01589.mp3,4819,kèm,mismatch
v01590,gằn,v01590.mp3,4536,răng,mismatch
v01591,gặm,v01591.mp3,4005,đậm,mismatch
v01592,gặng,v01592.mp3,3940,cận,mismatch
v01593,gặp,v01593.mp3,435,dập,mismatch
v01594,gặt,v01594.mp3,2571,dạ,mismatch
v01595,gỉ,v01595.mp3,3377,chỉ,mismatch
v01596,gỉa,v01596.mp3,6650,gìớ,mismatch
v01597,gịn,v01597.mp3,5955,chín,mismatch
v01598,gọ,v01598.mp3,6255,đó,mismatch
v01599,gọi,v01599.mp3,580,gọi,ok
v01600,gọn,v01600.mp3,1629,cận,mismatch
v01601,gọng,v01601.mp3,4627,cổng,mismatch
v01602,gọt,v01602.mp3,2934,gật,mismatch
v01603,gỏi,v01603.mp3,3296,gởi,mismatch
v01604,gỏng,v01604.mp3,4973,gống,mismatch
v01605,gốc,v01605.mp3,939,gốc,ok
v01606,gối,v01606.mp3,1896,gối,ok
v01607,gốm,v01607.mp3,2605,từướm,mismatch
v01608,gồ,v01608.mp3,4079,cược,mismatch
v01609,gồm,v01609.mp3,604,côm,mismatch
v01610,gồng,v01610.mp3,3101,từgồng,mismatch
v01611,gổ,v01611.mp3,3852,cố,mismatch
v01612,gỗ,v01612.mp3,1226,ngỗ,mismatch
v01613,gộc,v01613.mp3,4378,cộng,mismatch
v01614,gội,v01614.mp3,2863,gởi,mismatch
v01615,gộp,v01615.mp3,3344,gược,mismatch
v01616,gột,v01616.mp3,4751,gộp,mismatch
v01617,gới,v01617.mp3,6202,gới,ok
v01618,gớm,v01618.mp3,3168,tiềntiệm,mismatch
v01619,gớp,v01619.mp3,6226,khớp,mismatch
v01620,gờ,v01620.mp3,4216,gơ,tone_mismatch
v01621,gờm,v01621.mp3,4369,cầm,mismatch
v01622,gờn,v01622.mp3,6688,gừnggừng,mismatch
v01623,gở,v01623.mp3,5144,cửa,mismatch
v01624,gởi,v01624.mp3,3124,gởi,ok
v01625,gỡ,v01625.mp3,1300,kỡ,mismatch
v01626,gợi,v01626.mp3,1444,từgởi,mismatch
v01627,gợn,v01627.mp3,4495,gần,mismatch
v01628,gụ,v01628.mp3,5006,củ,mismatch
v01629,gục,v01629.mp3,2071,cục,mismatch
v01630,gụi,v01630.mp3,6043,cưỡi,mismatch
v01631,gủi,v01631.mp3,6880,gối,mismatch
v01632,gừ,v01632.mp3,5491,cứ,mismatch
v01633,gừa,v01633.mp3,5267,cử,mismatch
v01634,gừng,v01634.mp3,2498,cương,mismatch
v01635,gửi,v01635.mp3,569,gửi,ok
v01636,gữ,v01636.mp3,7151,nữ,mismatch
v01637,gữa,v01637.mp3,6518,cửa,mismatch
v01638,ha,v01638.mp3,1223,từhát,mismatch
v01639,hai,v01639.mp3,121,hai,ok
v01640,ham,v01640.mp3,1968,ham,ok
v01641,han,v01641.mp3,2409,từkhang,mismatch
v01642,hang,v01642.mp3,1673,hăng,mismatch
v01643,hanh,v01643.mp3,2484,hân,mismatch
v01644,hao,v01644.mp3,2273,hau,mismatch
v01645,hau,v01645.mp3,4146,hau,ok
v01646,hay,v01646.mp3,215,hay,ok
v01647,he,v01647.mp3,3392,khe,mismatch
v01648,hem,v01648.mp3,5093,hèm,tone_mismatch
v01649,hen,v01649.mp3,2647,từhen,mismatch
v01650,heng,v01650.mp3,4996,hèn,mismatch
v01651,heo,v01651.mp3,1511,heo,ok
v01652,hi,v01652.mp3,1683,hí,tone_mismatch
v01653,hia,v01653.mp3,5411,từkia,mismatch
v01654,him,v01654.mp3,3730,khiêm,mismatch
v01655,hin,v01655.mp3,5103,từkhinh,mismatch
v01656,hinh,v01656.mp3,2773,hình,tone_mismatch
v01657,hiu,v01657.mp3,3753,khu,mismatch
v01658,hiêm,v01658.mp3,6929,hiếm,tone_mismatch
v01659,hiên,v01659.mp3,2680,hiêng,mismatch
v01660,hiêng,v01660.mp3,5793,hiền,mismatch
v01661,hiêu,v01661.mp3,5486,hiu,mismatch
v01662,hiếm,v01662.mp3,1290,hiếm,ok
v01663,hiến,v01663.mp3,1207,hiền,tone_mismatch
v01664,hiếp,v01664.mp3,1913,hít,mismatch
v01665,hiết,v01665.mp3,6201,hết,mismatch
v01666,hiếu,v01666.mp3,1142,hiếu,ok
v01667,hiềm,v01667.mp3,4506,hèm,mismatch
v01668,hiền,v01668.mp3,1210,hiền,ok
v01669,hiềng,v01669.mp3,5592,hình,mismatch
v01670,hiều,v01670.mp3,5119,từhiểu,mismatch
v01671,hiểm,v01671.mp3,685,hiếm,tone_mismatch
v01672,hiển,v01672.mp3,1693,hiển,ok
v01673,hiểu,v01673.mp3,545,hiếu,tone_mismatch
v01674,hiệm,v01674.mp3,6028,hiếm,tone_mismatch
v01675,hiện,v01675.mp3,34,hiền,tone_mismatch
v01676,hiệp,v01676.mp3,759,hiệp,ok
v01677,hiệt,v01677.mp3,5997,hiện,mismatch
v01678,hiệu,v01678.mp3,254,hiểu,tone_mismatch
v01679,ho,v01679.mp3,1198,hơ,mismatch
v01680,hoa,v01680.mp3,348,hoa,ok
v01681,hoai,v01681.mp3,3158,hoài,tone_mismatch
v01682,hoan,v01682.mp3,1428,hoàng,mismatch
v01683,hoang,v01683.mp3,1082,hoanh,mismatch
v01684,hoanh,v01684.mp3,5073,từhuân,mismatch
v01685,hoay,v01685.mp3,2880,hoài,mismatch
v01686,hoe,v01686.mp3,3692,từkhoe,mismatch
v01687,hoi,v01687.mp3,2421,hôi,mismatch
v01688,hom,v01688.mp3,4840,từhom,mismatch
v01689,hon,v01689.mp3,3339,hồng,mismatch
v01690,hong,v01690.mp3,1548,không,mismatch
v01691,hoong,v01691.mp3,5972,không,mismatch
v01692,hoà,v01692.mp3,408,hoa,tone_mismatch
v01693,hoài,v01693.mp3,1135,hoài,ok
v01694,hoàn,v01694.mp3,284,hoàng,mismatch
v01695,hoàng,v01695.mp3,407,hoàng,ok
v01696,hoành,v01696.mp3,1978,hành,mismatch
v01697,hoá,v01697.mp3,208,hoa,tone_mismatch
v01698,hoác,v01698.mp3,4848,hoắc,mismatch
v01699,hoán,v01699.mp3,2363,hánh,mismatch
v01700,hoát,v01700.mp3,6200,hoạt,tone_mismatch
v01701,hoáy,v01701.mp3,5425,huỷ,mismatch
v01702,hoãn,v01702.mp3,2042,hoảng,mismatch
v01703,hoè,v01703.mp3,3525,hoàià,mismatch
v01704,hoét,v01704.mp3,6415,hết,mismatch
v01705,hoóc,v01705.mp3,3485,hốc,mismatch
v01706,hoạ,v01706.mp3,1002,hòa,tone_mismatch
v01707,hoạc,v01707.mp3,5746,hoặc,mismatch
v01708,hoạch,v01708.mp3,535,từkhoa,mismatch
v01709,hoại,v01709.mp3,1953,hoài,tone_mismatch
v01710,hoạn,v01710.mp3,2353,từhoảng,mismatch
v01711,hoạnh,v01711.mp3,5485,hoàn,mismatch
v01712,hoạt,v01712.mp3,269,hoặc,mismatch
v01713,hoả,v01713.mp3,1430,hoá,tone_mismatch
v01714,hoải,v01714.mp3,5609,hoải,ok
v01715,hoản,v01715.mp3,5439,hoảng,mismatch
v01716,hoảng,v01716.mp3,1417,hoẳn,mismatch
v01717,hoảnh,v01717.mp3,5658,hấn,mismatch
v01718,hoắt,v01718.mp3,5502,hất,mismatch
v01719,hoằng,v01719.mp3,2904,hoằng,ok
v01720,hu,v01720.mp3,4622,hư,mismatch
v01721,hua,v01721.mp3,4309,khua,mismatch
v01722,hui,v01722.mp3,4303,khôi,mismatch
v01723,hum,v01723.mp3,5326,hâm,mismatch
v01724,hun,v01724.mp3,2938,khung,mismatch
v01725,hung,v01725.mp3,1260,không,mismatch
v01726,huy,v01726.mp3,587,huy,ok
v01727,huyn,v01727.mp3,5246,khuyên,mismatch
v01728,huynh,v01728.mp3,977,huỳnh,tone_mismatch
v01729,huyên,v01729.mp3,2977,khuyên,mismatch
v01730,huyến,v01730.mp3,4824,khuýnh,mismatch
v01731,huyết,v01731.mp3,1007,huyết,ok
v01732,huyền,v01732.mp3,1267,tửhuyền,mismatch
v01733,huyễn,v01733.mp3,5092,huyển,tone_mismatch
v01734,huyện,v01734.mp3,253,huyện,ok
v01735,huyệt,v01735.mp3,3421,hiệp,mismatch
v01736,huân,v01736.mp3,2118,hưng,mismatch
v01737,huê,v01737.mp3,3633,huê,ok
v01738,huôi,v01738.mp3,5151,mộtsốkhuvựcbịtruyềnthốngkhiếnnhiềukhuvựcbịtruyềnthốngkhác,mismatch
v01739,huý,v01739.mp3,5645,huy,tone_mismatch
v01740,huých,v01740.mp3,5677,huất,mismatch
v01741,huýnh,v01741.mp3,7141,khuynh,mismatch
v01742,huýt,v01742.mp3,5211,quýt,mismatch
v01743,huơ,v01743.mp3,5152,hơ,mismatch
v01744,huấn,v01744.mp3,1507,từhuấn,mismatch
v01745,huần,v01745.mp3,6556,hoàng,mismatch
v01746,huẩn,v01746.mp3,5424,từhuấn,mismatch
v01747,huận,v01747.mp3,6753,huận,ok
v01748,huế,v01748.mp3,1079,khuấy,mismatch
v01749,huề,v01749.mp3,4330,hoài,mismatch
v01750,huệ,v01750.mp3,1621,huệ,ok
v01751,huối,v01751.mp3,6752,khối,mismatch
v01752,huống,v01752.mp3,1477,húng,mismatch
v01753,huồi,v01753.mp3,5257,khôi,mismatch
v01754,huổi,v01754.mp3,4540,khối,mismatch
v01755,huổng,v01755.mp3,7143,khủng,mismatch
v01756,huội,v01756.mp3,5940,khủi,mismatch
v01757,huỳ,v01757.mp3,5844,huy,tone_mismatch
v01758,huỷ,v01758.mp3,1268,từhuế,mismatch
v01759,hy,v01759.mp3,1064,hi,mismatch
v01760,hà,v01760.mp3,132,hà,ok
v01761,hài,v01761.mp3,897,hay,mismatch
v01762,hàm,v01762.mp3,1266,hàm,ok
v01763,hàn,v01763.mp3,856,hàng,mismatch
v01764,hàng,v01764.mp3,61,hằng,mismatch
v01765,hành,v01765.mp3,91,hành,ok
v01766,hào,v01766.mp3,1065,học,mismatch
v01767,hàu,v01767.mp3,3287,hầu,mismatch
v01768,hày,v01768.mp3,7006,từhay,mismatch
v01769,há,v01769.mp3,3718,hát,mismatch
v01770,hác,v01770.mp3,4433,hát,mismatch
v01771,hách,v01771.mp3,4265,hết,mismatch
v01772,hái,v01772.mp3,2029,thái,mismatch
v01773,hám,v01773.mp3,3836,hám,ok
v01774,hán,v01774.mp3,1901,từhắn,mismatch
v01775,háng,v01775.mp3,4037,hắn,mismatch
v01776,hánh,v01776.mp3,7149,hắn,mismatch
v01777,háo,v01777.mp3,2448,háo,ok
v01778,háp,v01778.mp3,6558,hát,mismatch
v01779,hát,v01779.mp3,682,hát,ok
v01780,háu,v01780.mp3,5136,háu,ok
v01781,háy,v01781.mp3,6648,hay,tone_mismatch
v01782,hâm,v01782.mp3,1516,hâm,ok
v01783,hân,v01783.mp3,1997,hưng,mismatch
v01784,hâu,v01784.mp3,4901,hâu,ok
v01785,hây,v01785.mp3,5783,hay,mismatch
v01786,hãi,v01786.mp3,1961,hãy,mismatch
v01787,hãm,v01787.mp3,2836,hắm,mismatch
v01788,hãn,v01788.mp3,2962,từhãng,mismatch
v01789,hãng,v01789.mp3,947,hắn,mismatch
v01790,hãnh,v01790.mp3,3066,hắn,mismatch
v01791,hão,v01791.mp3,4720,hảo,tone_mismatch
v01792,hãy,v01792.mp3,830,từhãy,mismatch
v01793,hè,v01793.mp3,1128,hê,mismatch
v01794,hèm,v01794.mp3,6345,hèm,ok
v01795,hèn,v01795.mp3,3376,hàng,mismatch
v01796,hèo,v01796.mp3,7148,hèo,ok
v01797,hé,v01797.mp3,2556,hé,ok
v01798,héc,v01798.mp3,3810,từhết,mismatch
v01799,hén,v01799.mp3,6878,héng,mismatch
v01800,héo,v01800.mp3,3319,từkhéo,mismatch
v01801,hép,v01801.mp3,6930,hết,mismatch
v01802,hét,v01802.mp3,2198,hết,mismatch
v01803,hê,v01803.mp3,4122,từhe,mismatch
v01804,hên,v01804.mp3,4002,tửhình,mismatch
v01805,hênh,v01805.mp3,4490,hắn,mismatch
v01806,hì,v01806.mp3,4098,hỉ,tone_mismatch
v01807,hình,v01807.mp3,128,hình,ok
v01808,hí,v01808.mp3,3972,hí,ok
v01809,hía,v01809.mp3,6557,hiếp,mismatch
v01810,hích,v01810.mp3,3790,hết,mismatch
v01811,hín,v01811.mp3,6687,khiến,mismatch
v01812,hính,v01812.mp3,6756,hình,tone_mismatch
v01813,híp,v01813.mp3,5396,hít,mismatch
v01814,hít,v01814.mp3,2497,hít,ok
v01815,hò,v01815.mp3,1748,hơ,mismatch
v01816,hòi,v01816.mp3,4748,hỏi,tone_mismatch
v01817,hòm,v01817.mp3,3279,từhầm,mismatch
v01818,hòn,v01818.mp3,1902,hân,mismatch
v01819,hòng,v01819.mp3,3329,hồng,mismatch
v01820,hó,v01820.mp3,5678,từkhó,mismatch
v01821,hóc,v01821.mp3,2156,hóc,ok
v01822,hói,v01822.mp3,4304,hỏi,tone_mismatch
v01823,hóm,v01823.mp3,3501,hổng,mismatch
v01824,hón,v01824.mp3,6293,hắn,mismatch
v01825,hóng,v01825.mp3,3857,hỏng,tone_mismatch
v01826,hóp,v01826.mp3,4938,từkhớp,mismatch
v01827,hót,v01827.mp3,3591,học,mismatch
v01828,hô,v01828.mp3,1354,hố,tone_mismatch
v01829,hôi,v01829.mp3,1633,thôi,mismatch
v01830,hôm,v01830.mp3,591,hôm,ok
v01831,hôn,v01831.mp3,752,hông,mismatch
v01832,hông,v01832.mp3,2514,từkhông,mismatch
v01833,hõm,v01833.mp3,5330,hầm,mismatch
v01834,hù,v01834.mp3,3987,từhồ,mismatch
v01835,hùa,v01835.mp3,4169,từkhu,mismatch
v01836,hùi,v01836.mp3,5689,thôi,mismatch
v01837,hùm,v01837.mp3,3297,hông,mismatch
v01838,hùn,v01838.mp3,4051,khùng,mismatch
v01839,hùng,v01839.mp3,716,hồng,mismatch
v01840,hú,v01840.mp3,3751,hút,mismatch
v01841,húa,v01841.mp3,6313,có,mismatch
v01842,húc,v01842.mp3,2940,từkhúc,mismatch
v01843,húi,v01843.mp3,4757,cúi,mismatch
v01844,hún,v01844.mp3,7003,húng,mismatch
v01845,húng,v01845.mp3,3667,húng,ok
v01846,húp,v01846.mp3,4317,hấp,mismatch
v01847,hút,v01847.mp3,757,húc,mismatch
v01848,hý,v01848.mp3,5245,hí,mismatch
v01849,hăm,v01849.mp3,3280,từhâm,mismatch
v01850,hăn,v01850.mp3,7007,từhăng,mismatch
v01851,hăng,v01851.mp3,2696,hằng,tone_mismatch
v01852,hĩnh,v01852.mp3,4606,từhình,mismatch
v01853,hũ,v01853.mp3,3179,hấu,mismatch
v01854,hũng,v01854.mp3,6647,từkhủng,mismatch
v01855,hơ,v01855.mp3,4594,hơ,ok
v01856,hơi,v01856.mp3,1063,hơi,ok
v01857,hơn,v01857.mp3,78,từhôm,mismatch
v01858,hư,v01858.mp3,1330,hư,ok
v01859,hưa,v01859.mp3,7145,hư,mismatch
v01860,hưng,v01860.mp3,844,từhưng,mismatch
v01861,hưu,v01861.mp3,1577,khâu,mismatch
v01862,hươn,v01862.mp3,6751,hương,mismatch
v01863,hương,v01863.mp3,642,từhương,mismatch
v01864,hươu,v01864.mp3,3629,hươu,ok
v01865,hước,v01865.mp3,2026,hứt,mismatch
v01866,hướm,v01866.mp3,6015,hướng,mismatch
v01867,hướng,v01867.mp3,374,từhướng,mismatch
v01868,hường,v01868.mp3,2366,thường,mismatch
v01869,hưởn,v01869.mp3,6686,hưởng,mismatch
v01870,hưởng,v01870.mp3,462,hưởng,ok
v01871,hưỡng,v01871.mp3,7142,hưởng,tone_mismatch
v01872,hượu,v01872.mp3,6413,hữu,mismatch
v01873,hạ,v01873.mp3,699,hạ,ok
v01874,hạc,v01874.mp3,3263,hạ,mismatch
v01875,hạch,v01875.mp3,2291,hạt,mismatch
v01876,hại,v01876.mp3,644,hải,tone_mismatch
v01877,hạm,v01877.mp3,3110,hàm,tone_mismatch
v01878,hạn,v01878.mp3,457,hàng,mismatch
v01879,hạng,v01879.mp3,1038,hằng,mismatch
v01880,hạnh,v01880.mp3,740,hắn,mismatch
v01881,hạo,v01881.mp3,4141,hảo,tone_mismatch
v01882,hạp,v01882.mp3,4356,hạp,ok
v01883,hạt,v01883.mp3,1122,hạt,ok
v01884,hạy,v01884.mp3,7005,hãy,tone_mismatch
v01885,hả,v01885.mp3,2686,hát,mismatch
v01886,hải,v01886.mp3,371,hải,ok
v01887,hản,v01887.mp3,6649,hán,tone_mismatch
v01888,hảng,v01888.mp3,5974,hắn,mismatch
v01889,hảnh,v01889.mp3,6042,hắn,mismatch
v01890,hảo,v01890.mp3,1346,từháo,mismatch
v01891,hấn,v01891.mp3,3947,hấn,ok
v01892,hấp,v01892.mp3,959,hấp,ok
v01893,hất,v01893.mp3,2893,hất,ok
v01894,hấu,v01894.mp3,2414,háu,mismatch
v01895,hầm,v01895.mp3,1432,hầm,ok
v01896,hầu,v01896.mp3,975,hâu,tone_mismatch
v01897,hầy,v01897.mp3,6254,hay,mismatch
v01898,hẩm,v01898.mp3,5041,hầm,tone_mismatch
v01899,hẩu,v01899.mp3,6801,từhẩu,mismatch
v01900,hẩy,v01900.mp3,6346,hãy,mismatch
v01901,hẫng,v01901.mp3,3219,hẫn,mismatch
v01902,hậm,v01902.mp3,4818,hầm,tone_mismatch
v01903,hận,v01903.mp3,1907,hấn,tone_mismatch
v01904,hập,v01904.mp3,4624,học,mismatch
v01905,hậu,v01905.mp3,458,hậu,ok
v01906,hắc,v01906.mp3,3080,hắc,ok
v01907,hắn,v01907.mp3,1830,hắn,ok
v01908,hắng,v01908.mp3,5153,hắn,mismatch
v01909,hắt,v01909.mp3,3036,hát,mismatch
v01910,hằm,v01910.mp3,5179,hầm,mismatch
v01911,hằn,v01911.mp3,3093,từhai,mismatch
v01912,hằng,v01912.mp3,1106,hằng,ok
v01913,hẳn,v01913.mp3,1336,hắn,tone_mismatch
v01914,hẵn,v01914.mp3,6879,hắn,tone_mismatch
v01915,hẵng,v01915.mp3,5266,hànquốc,mismatch
v01916,hặc,v01916.mp3,5559,học,mismatch
v01917,hẹ,v01917.mp3,4021,hẹ,ok
v01918,hẹn,v01918.mp3,1202,từhẹn,mismatch
v01919,hẹo,v01919.mp3,6800,heo,tone_mismatch
v01920,hẹp,v01920.mp3,1685,hẹp,ok
v01921,hẻm,v01921.mp3,2121,hém,tone_mismatch
v01922,hẻo,v01922.mp3,3702,héo,tone_mismatch
v01923,hế,v01923.mp3,6315,hế,ok
v01924,hếch,v01924.mp3,5460,từhết,mismatch
v01925,hến,v01925.mp3,3505,hả,mismatch
v01926,hết,v01926.mp3,358,hay,mismatch
v01927,hề,v01927.mp3,1211,hê,tone_mismatch
v01928,hềnh,v01928.mp3,6446,hình,mismatch
v01929,hể,v01929.mp3,6314,hễ,tone_mismatch
v01930,hển,v01930.mp3,5178,hẫn,mismatch
v01931,hễ,v01931.mp3,3040,hải,mismatch
v01932,hệ,v01932.mp3,257,hệ,ok
v01933,hệch,v01933.mp3,6447,hạt,mismatch
v01934,hện,v01934.mp3,6757,hạnh,mismatch
v01935,hệt,v01935.mp3,2937,hệt,ok
v01936,hỉ,v01936.mp3,3925,hỉ,ok
v01937,hỉnh,v01937.mp3,3487,hình,tone_mismatch
v01938,hị,v01938.mp3,6598,hỉ,tone_mismatch
v01939,hịch,v01939.mp3,5576,hết,mismatch
v01940,họ,v01940.mp3,238,hỏ,tone_mismatch
v01941,học,v01941.mp3,37,học,ok
v01942,họi,v01942.mp3,7146,hỏi,tone_mismatch
v01943,họng,v01943.mp3,2110,hỏng,tone_mismatch
v01944,họp,v01944.mp3,782,họp,ok
v01945,họt,v01945.mp3,6480,học,mismatch
v01946,hỏi,v01946.mp3,434,từkhỏi,mismatch
v01947,hỏn,v01947.mp3,4863,hỏng,mismatch
v01948,hỏng,v01948.mp3,1344,hỏng,ok
v01949,hố,v01949.mp3,1930,hấu,mismatch
v01950,hốc,v01950.mp3,3138,húc,mismatch
v01951,hối,v01951.mp3,1513,hới,mismatch
v01952,hống,v01952.mp3,5322,hổng,tone_mismatch
v01953,hốt,v01953.mp3,2254,húc,mismatch
v01954,hồ,v01954.mp3,309,hộp,mismatch
v01955,hồi,v01955.mp3,590,hồi,ok
v01956,hồn,v01956.mp3,1454,hồn,ok
v01957,hồng,v01957.mp3,624,tờhồng,mismatch
v01958,hổ,v01958.mp3,1763,từhỗ,mismatch
v01959,hổi,v01959.mp3,3283,hổi,ok
v01960,hổm,v01960.mp3,5973,hổm,ok
v01961,hổn,v01961.mp3,5212,úp,mismatch
v01962,hổng,v01962.mp3,3062,hổng,ok
v01963,hỗ,v01963.mp3,570,hổ,tone_mismatch
v01964,hỗn,v01964.mp3,1914,hủng,mismatch
v01965,hỗng,v01965.mp3,6517,hổng,tone_mismatch
v01966,hộ,v01966.mp3,372,hồ,tone_mismatch
v01967,hộc,v01967.mp3,4111,học,mismatch
v01968,hội,v01968.mp3,77,hỡi,mismatch
v01969,hộp,v01969.mp3,1402,từhợp,mismatch
v01970,hột,v01970.mp3,3515,hộp,mismatch
v01971,hớ,v01971.mp3,3843,hấn,mismatch
v01972,hới,v01972.mp3,2833,n,mismatch
v01973,hớn,v01973.mp3,3464,hớn,ok
v01974,hớp,v01974.mp3,4728,húp,mismatch
v01975,hớt,v01975.mp3,3488,hức,mismatch
v01976,hờ,v01976.mp3,3039,hơ,tone_mismatch
v01977,hời,v01977.mp3,3345,hơi,tone_mismatch
v01978,hờn,v01978.mp3,3182,từhờn,mismatch
v01979,hở,v01979.mp3,1909,hở,ok
v01980,hởi,v01980.mp3,3340,hẫy,mismatch
v01981,hởn,v01981.mp3,6414,hững,mismatch
v01982,hỡi,v01982.mp3,4419,hởi,tone_mismatch
v01983,hợ,v01983.mp3,7147,từkhờ,mismatch
v01984,hợi,v01984.mp3,3291,hởi,tone_mismatch
v01985,hợm,v01985.mp3,5608,hầm,mismatch
v01986,hợp,v01986.mp3,94,từhợp,mismatch
v01987,hợt,v01987.mp3,3873,hợp,mismatch
v01988,hụ,v01988.mp3,5378,hồ,mismatch
v01989,hục,v01989.mp3,4058,hộc,mismatch
v01990,hụi,v01990.mp3,3256,từhồi,mismatch
v01991,hụp,v01991.mp3,6876,hợp,mismatch
v01992,hụt,v01992.mp3,1868,hục,mismatch
v01993,hủ,v01993.mp3,2634,từhủ,mismatch
v01994,hủa,v01994.mp3,4545,húa,tone_mismatch
v01995,hủi,v01995.mp3,4418,khối,mismatch
v01996,hủm,v01996.mp3,6877,hấm,mismatch
v01997,hủng,v01997.mp3,6927,từhúng,mismatch
v01998,hứ,v01998.mp3,7004,hứt,mismatch
v01999,hứa,v01999.mp3,1380,hứa,ok
v02000,hức,v02000.mp3,2519,hức,ok
v02001,hứng,v02001.mp3,1252,hứng,ok
v02002,hừ,v02002.mp3,6292,hư,tone_mismatch
v02003,hừa,v02003.mp3,6754,hứa,tone_mismatch
v02004,hừng,v02004.mp3,4076,hừng,ok
v02005,hử,v02005.mp3,5996,hứa,mismatch
v02006,hửng,v02006.mp3,3983,hững,tone_mismatch
v02007,hữ,v02007.mp3,6755,khử,mismatch
v02008,hững,v02008.mp3,3992,hứng,tone_mismatch
v02009,hự,v02009.mp3,6068,hữu,mismatch
v02010,hực,v02010.mp3,4061,hợp,mismatch
v02011,hựu,v02011.mp3,4881,hữu,tone_mismatch
v02012,hỳ,v02012.mp3,6445,đầuthếptrướckhi,mismatch
v02013,hỵ,v02013.mp3,6149,hỉ,mismatch
v02014,hỷ,v02014.mp3,3441,hí,mismatch
v02015,i,v02015.mp3,1522,ê,mismatch
v02016,ia,v02016.mp3,2944,yêu,mismatch
v02017,im,v02017.mp3,1834,yêm,mismatch
v02018,in,v02018.mp3,1254,ên,mismatch
v02019,inh,v02019.mp3,3971,anh,mismatch
v02020,iu,v02020.mp3,4892,dạ,mismatch
v02021,ke,v02021.mp3,4101,kê,mismatch
v02022,kem,v02022.mp3,1816,kem,ok
v02023,ken,v02023.mp3,3519,kênh,mismatch
v02024,keng,v02024.mp3,4719,kênh,mismatch
v02025,keo,v02025.mp3,2515,kêu,mismatch
v02026,kha,v02026.mp3,2548,khác,mismatch
v02027,khai,v02027.mp3,288,khai,ok
v02028,kham,v02028.mp3,3691,kham,ok
v02029,khan,v02029.mp3,2290,khanh,mismatch
v02030,khang,v02030.mp3,1815,hàng,mismatch
v02031,khanh,v02031.mp3,1809,khăn,mismatch
v02032,khao,v02032.mp3,2224,khéo,mismatch
v02033,khau,v02033.mp3,4855,thâu,mismatch
v02034,khay,v02034.mp3,3045,khi,mismatch
v02035,khe,v02035.mp3,2005,khe,ok
v02036,khem,v02036.mp3,4049,khiêm,mismatch
v02037,khen,v02037.mp3,1277,khen,ok
v02038,kheng,v02038.mp3,6344,khanh,mismatch
v02039,kheo,v02039.mp3,4937,keo,mismatch
v02040,khi,v02040.mp3,17,khi,ok
v02041,khim,v02041.mp3,6410,khiêm,mismatch
v02042,khin,v02042.mp3,5901,từkhi,mismatch
v02043,khinh,v02043.mp3,2987,khuynh,mismatch
v02044,khiu,v02044.mp3,5321,khu,mismatch
v02045,khiêm,v02045.mp3,2078,khiêm,ok
v02046,khiên,v02046.mp3,3755,khiêng,mismatch
v02047,khiêng,v02047.mp3,3589,kinh,mismatch
v02048,khiêu,v02048.mp3,2430,khuynh,mismatch
v02049,khiếm,v02049.mp3,2520,khiến,mismatch
v02050,khiến,v02050.mp3,327,kiến,mismatch
v02051,khiếp,v02051.mp3,2392,kíp,mismatch
v02052,khiết,v02052.mp3,2622,khiếc,mismatch
v02053,khiếu,v02053.mp3,1416,cứu,mismatch
v02054,khiển,v02054.mp3,1196,khiển,ok
v02055,khiểu,v02055.mp3,6311,khiếu,tone_mismatch
v02056,khiễng,v02056.mp3,4298,khiển,mismatch
v02057,khiệm,v02057.mp3,6252,khiếm,tone_mismatch
v02058,khiện,v02058.mp3,6478,hiện,mismatch
v02059,kho,v02059.mp3,1335,kho,ok
v02060,khoa,v02060.mp3,365,khoa,ok
v02061,khoai,v02061.mp3,1975,khuynh,mismatch
v02062,khoan,v02062.mp3,2056,khoan,ok
v02063,khoang,v02063.mp3,2285,khoang,ok
v02064,khoanh,v02064.mp3,2712,khoăn,mismatch
v02065,khoe,v02065.mp3,1518,khuê,mismatch
v02066,khoi,v02066.mp3,4183,hết,mismatch
v02067,khom,v02067.mp3,4510,không,mismatch
v02068,khon,v02068.mp3,5210,không,mismatch
v02069,khong,v02069.mp3,4560,không,mismatch
v02070,khoong,v02070.mp3,7129,không,mismatch
v02071,khoài,v02071.mp3,6796,khoai,tone_mismatch
v02072,khoàn,v02072.mp3,7133,khoành,mismatch
v02073,khoàng,v02073.mp3,5574,khoảng,tone_mismatch
v02074,khoá,v02074.mp3,842,quá,mismatch
v02075,khoác,v02075.mp3,2209,quét,mismatch
v02076,khoách,v02076.mp3,7001,khuất,mismatch
v02077,khoái,v02077.mp3,2188,khoái,ok
v02078,khoán,v02078.mp3,1349,khoán,ok
v02079,khoáng,v02079.mp3,1728,khoán,mismatch
v02080,khoát,v02080.mp3,2753,khoét,mismatch
v02081,khoáy,v02081.mp3,5127,khuấy,mismatch
v02082,khoé,v02082.mp3,3664,khuế,mismatch
v02083,khoét,v02083.mp3,3381,khuếch,mismatch
v02084,khoòng,v02084.mp3,6409,không,mismatch
v02085,khoăn,v02085.mp3,1866,khoang,mismatch
v02086,khoả,v02086.mp3,2475,khoá,tone_mismatch
v02087,khoải,v02087.mp3,4228,khoải,ok
v02088,khoản,v02088.mp3,628,khoảng,mismatch
v02089,khoảng,v02089.mp3,237,khoảng,ok
v02090,khoảnh,v02090.mp3,1893,khoảnh,ok
v02091,khoắt,v02091.mp3,6082,khoác,mismatch
v02092,khu,v02092.mp3,201,khổ,mismatch
v02093,khua,v02093.mp3,4381,cua,mismatch
v02094,khui,v02094.mp3,4127,khui,ok
v02095,khum,v02095.mp3,5745,không,mismatch
v02096,khun,v02096.mp3,5818,khung,mismatch
v02097,khung,v02097.mp3,1473,khung,ok
v02098,khuy,v02098.mp3,4713,khuynh,mismatch
v02099,khuya,v02099.mp3,2172,khuia,mismatch
v02100,khuynh,v02100.mp3,3193,khuôn,mismatch
v02101,khuyên,v02101.mp3,1347,khuyên,ok
v02102,khuyến,v02102.mp3,860,khuynh,mismatch
v02103,khuyết,v02103.mp3,1662,khuyết,ok
v02104,khuyển,v02104.mp3,4967,khuỷn,mismatch
v02105,khuân,v02105.mp3,3564,khuôn,mismatch
v02106,khuê,v02106.mp3,2140,quê,mismatch
v02107,khuôn,v02107.mp3,1286,khung,mismatch
v02108,khuông,v02108.mp3,4823,khôn,mismatch
v02109,khuất,v02109.mp3,2131,quốc,mismatch
v02110,khuẩn,v02110.mp3,1504,khuẩn,ok
v02111,khuống,v02111.mp3,6516,khúng,mismatch
v02112,khuổi,v02112.mp3,5688,khối,mismatch
v02113,khuỵ,v02113.mp3,5236,quỷ,mismatch
v02114,khuỷ,v02114.mp3,5971,khuý,tone_mismatch
v02115,khà,v02115.mp3,4544,ca,mismatch
v02116,khài,v02116.mp3,7136,khai,tone_mismatch
v02117,khàn,v02117.mp3,4028,hàng,mismatch
v02118,khàng,v02118.mp3,5438,khang,tone_mismatch
v02119,khành,v02119.mp3,6225,khanh,tone_mismatch
v02120,khào,v02120.mp3,5862,khảo,tone_mismatch
v02121,khày,v02121.mp3,6411,khầy,mismatch
v02122,khá,v02122.mp3,572,khác,mismatch
v02123,khác,v02123.mp3,162,khác,ok
v02124,khách,v02124.mp3,177,kép,mismatch
v02125,khái,v02125.mp3,2164,khái,ok
v02126,khám,v02126.mp3,680,khám,ok
v02127,khán,v02127.mp3,765,kháng,mismatch
v02128,kháng,v02128.mp3,1095,khánh,mismatch
v02129,khánh,v02129.mp3,814,khánh,ok
v02130,kháo,v02130.mp3,4886,khảo,tone_mismatch
v02131,kháp,v02131.mp3,4847,khắp,mismatch
v02132,khát,v02132.mp3,1533,khác,mismatch
v02133,kháu,v02133.mp3,3624,khóc,mismatch
v02134,khâm,v02134.mp3,2804,ham,mismatch
v02135,khâu,v02135.mp3,1568,từkhâu,mismatch
v02136,khè,v02136.mp3,4165,khe,tone_mismatch
v02137,khèn,v02137.mp3,4526,khiền,mismatch
v02138,khé,v02138.mp3,5843,kế,mismatch
v02139,khén,v02139.mp3,5395,khánh,mismatch
v02140,khéo,v02140.mp3,1888,kéo,mismatch
v02141,khép,v02141.mp3,2088,khết,mismatch
v02142,khét,v02142.mp3,3092,kết,mismatch
v02143,khê,v02143.mp3,1744,kê,mismatch
v02144,khênh,v02144.mp3,5069,khân,mismatch
v02145,khêu,v02145.mp3,4447,từkhêu,mismatch
v02146,khì,v02146.mp3,5782,khi,tone_mismatch
v02147,khìa,v02147.mp3,6197,kìa,mismatch
v02148,khìn,v02148.mp3,6196,khình,mismatch
v02149,khí,v02149.mp3,633,khi,tone_mismatch
v02150,khía,v02150.mp3,2486,khi,mismatch
v02151,khích,v02151.mp3,1269,khích,ok
v02152,khính,v02152.mp3,5143,kính,mismatch
v02153,khít,v02153.mp3,3494,kết,mismatch
v02154,khò,v02154.mp3,3701,khờ,mismatch
v02155,khòm,v02155.mp3,6925,khòm,ok
v02156,khó,v02156.mp3,279,khó,ok
v02157,khóc,v02157.mp3,1120,từkhốc,mismatch
v02158,khói,v02158.mp3,1706,khởi,mismatch
v02159,khóm,v02159.mp3,3086,khấm,mismatch
v02160,khô,v02160.mp3,1271,cô,mismatch
v02161,khôi,v02161.mp3,1670,khôi,ok
v02162,khôm,v02162.mp3,6873,khôm,ok
v02163,khôn,v02163.mp3,2142,cô,mismatch
v02164,không,v02164.mp3,9,không,ok
v02165,khù,v02165.mp3,5401,khô,mismatch
v02166,khùng,v02166.mp3,3627,khung,tone_mismatch
v02167,khú,v02167.mp3,5111,khú,ok
v02168,khúc,v02168.mp3,892,khúc,ok
v02169,khúm,v02169.mp3,5994,khúng,mismatch
v02170,khăm,v02170.mp3,3941,khăm,ok
v02171,khăn,v02171.mp3,527,khăng,mismatch
v02172,khăng,v02172.mp3,3082,khăn,mismatch
v02173,khơ,v02173.mp3,3518,khơ,ok
v02174,khơi,v02174.mp3,1861,khơi,ok
v02175,khư,v02175.mp3,3889,hư,mismatch
v02176,khưn,v02176.mp3,6443,khưng,mismatch
v02177,khưu,v02177.mp3,4878,khu,mismatch
v02178,khươi,v02178.mp3,6407,cười,mismatch
v02179,khương,v02179.mp3,2145,hưng,mismatch
v02180,khước,v02180.mp3,4324,khước,ok
v02181,khướt,v02181.mp3,5192,hước,mismatch
v02182,khướu,v02182.mp3,6289,khướuí,mismatch
v02183,khường,v02183.mp3,6555,hơn,mismatch
v02184,khạc,v02184.mp3,4377,khác,tone_mismatch
v02185,khạng,v02185.mp3,6199,khản,mismatch
v02186,khạo,v02186.mp3,5022,khảo,tone_mismatch
v02187,khạp,v02187.mp3,5528,khạp,ok
v02188,khả,v02188.mp3,589,khác,mismatch
v02189,khải,v02189.mp3,2021,khải,ok
v02190,khảm,v02190.mp3,3922,khám,tone_mismatch
v02191,khản,v02191.mp3,4653,khảng,mismatch
v02192,khảng,v02192.mp3,5336,kháng,tone_mismatch
v02193,khảnh,v02193.mp3,4880,khánh,tone_mismatch
v02194,khảo,v02194.mp3,834,khảo,ok
v02195,khảu,v02195.mp3,7002,khẩu,mismatch
v02196,khảy,v02196.mp3,6749,kẻy,mismatch
v02197,khấc,v02197.mp3,6646,khắc,mismatch
v02198,khấm,v02198.mp3,4110,khắm,mismatch
v02199,khấn,v02199.mp3,3946,khấn,ok
v02200,khấp,v02200.mp3,4879,khắp,mismatch
v02201,khất,v02201.mp3,3771,khất,ok
v02202,khấu,v02202.mp3,1073,kháu,mismatch
v02203,khấy,v02203.mp3,6106,khấy,ok
v02204,khầu,v02204.mp3,6799,khấu,tone_mismatch
v02205,khẩm,v02205.mp3,5216,khấm,tone_mismatch
v02206,khẩn,v02206.mp3,1186,khấn,tone_mismatch
v02207,khẩu,v02207.mp3,536,khẩu,ok
v02208,khẩy,v02208.mp3,5309,khẩy,ok
v02209,khập,v02209.mp3,4234,khạc,mismatch
v02210,khật,v02210.mp3,6874,thật,mismatch
v02211,khắc,v02211.mp3,779,hết,mismatch
v02212,khắm,v02212.mp3,7135,khấm,mismatch
v02213,khắn,v02213.mp3,5539,khắng,mismatch
v02214,khắng,v02214.mp3,5877,khánh,mismatch
v02215,khắp,v02215.mp3,1148,khắp,ok
v02216,khắt,v02216.mp3,2679,khắc,mismatch
v02217,khằm,v02217.mp3,6107,kham,mismatch
v02218,khằng,v02218.mp3,6875,hằng,mismatch
v02219,khẳm,v02219.mp3,6412,khấm,mismatch
v02220,khẳn,v02220.mp3,7134,kháng,mismatch
v02221,khẳng,v02221.mp3,705,hẳn,mismatch
v02222,khặn,v02222.mp3,6926,khăn,tone_mismatch
v02223,khặng,v02223.mp3,6479,khắng,tone_mismatch
v02224,khẹc,v02224.mp3,6368,kệch,mismatch
v02225,khẹt,v02225.mp3,6198,kệch,mismatch
v02226,khẻm,v02226.mp3,6685,khiếm,mismatch
v02227,khẽ,v02227.mp3,3568,khẽ,ok
v02228,khế,v02228.mp3,3305,kế,mismatch
v02229,khếnh,v02229.mp3,6797,khính,mismatch
v02230,khề,v02230.mp3,6798,khi,mismatch
v02231,khều,v02231.mp3,5252,khều,ok
v02232,khểnh,v02232.mp3,5029,khánh,mismatch
v02233,khễnh,v02233.mp3,6253,khánh,mismatch
v02234,khệ,v02234.mp3,5194,kệ,mismatch
v02235,khệnh,v02235.mp3,6312,cần,mismatch
v02236,khỉ,v02236.mp3,2394,khỉ,ok
v02237,khỉnh,v02237.mp3,3576,khuynh,mismatch
v02238,khị,v02238.mp3,6291,hỉ,mismatch
v02239,khịa,v02239.mp3,6129,khiếc,mismatch
v02240,khịt,v02240.mp3,5876,khiệt,mismatch
v02241,khọm,v02241.mp3,6026,khẩm,mismatch
v02242,khọt,v02242.mp3,5514,khọc,mismatch
v02243,khỏ,v02243.mp3,6748,khó,tone_mismatch
v02244,khỏi,v02244.mp3,724,khởi,mismatch
v02245,khỏn,v02245.mp3,7132,khẩm,mismatch
v02246,khỏng,v02246.mp3,7130,khống,mismatch
v02247,khố,v02247.mp3,4552,cú,mismatch
v02248,khốc,v02248.mp3,2378,khóc,mismatch
v02249,khối,v02249.mp3,857,khối,ok
v02250,khốm,v02250.mp3,5130,khốn,mismatch
v02251,khốn,v02251.mp3,2452,khốn,ok
v02252,khống,v02252.mp3,1453,khống,ok
v02253,khồng,v02253.mp3,6367,không,tone_mismatch
v02254,khổ,v02254.mp3,1070,khổ,ok
v02255,khổng,v02255.mp3,1808,khống,tone_mismatch
v02256,khộng,v02256.mp3,7131,khổng,tone_mismatch
v02257,khộp,v02257.mp3,6105,khộp,ok
v02258,khớp,v02258.mp3,1715,khớp,ok
v02259,khờ,v02259.mp3,3601,cơ,mismatch
v02260,khởi,v02260.mp3,702,khẩy,mismatch
v02261,khụ,v02261.mp3,7000,khổ,mismatch
v02262,khục,v02262.mp3,6999,khúc,tone_mismatch
v02263,khụm,v02263.mp3,7125,khấm,mismatch
v02264,khủ,v02264.mp3,7128,khủng,mismatch
v02265,khủa,v02265.mp3,7126,của,mismatch
v02266,khủng,v02266.mp3,1161,cũng,mismatch
v02267,khứ,v02267.mp3,1885,khước,mismatch
v02268,khứa,v02268.mp3,4514,khớp,mismatch
v02269,khức,v02269.mp3,6998,khước,mismatch
v02270,khứu,v02270.mp3,4648,cứu,mismatch
v02271,khừ,v02271.mp3,7127,khư,tone_mismatch
v02272,khừa,v02272.mp3,6290,cừa,mismatch
v02273,khừng,v02273.mp3,6408,khường,mismatch
v02274,khử,v02274.mp3,2742,khứ,tone_mismatch
v02275,khựng,v02275.mp3,4846,từkhựng,mismatch
v02276,ki,v02276.mp3,2496,ky,mismatch
v02277,kia,v02277.mp3,1150,kìa,tone_mismatch
v02278,kim,v02278.mp3,627,kim,ok
v02279,kin,v02279.mp3,4788,kinh,mismatch
v02280,kinh,v02280.mp3,143,tên,mismatch
v02281,kiêm,v02281.mp3,1709,kín,mismatch
v02282,kiên,v02282.mp3,984,kinh,mismatch
v02283,kiêng,v02283.mp3,2423,kiến,mismatch
v02284,kiêu,v02284.mp3,2858,kéo,mismatch
v02285,kiếm,v02285.mp3,688,kiếm,ok
v02286,kiến,v02286.mp3,272,kín,mismatch
v02287,kiếng,v02287.mp3,4500,kiến,mismatch
v02288,kiếp,v02288.mp3,2845,kíp,mismatch
v02289,kiết,v02289.mp3,4564,kiếc,mismatch
v02290,kiếu,v02290.mp3,5722,kiếu,ok
v02291,kiềm,v02291.mp3,2355,kiệm,tone_mismatch
v02292,kiền,v02292.mp3,4589,kiện,tone_mismatch
v02293,kiềng,v02293.mp3,4410,kiêng,tone_mismatch
v02294,kiều,v02294.mp3,1169,kiều,ok
v02295,kiểm,v02295.mp3,273,kiểm,ok
v02296,kiển,v02296.mp3,4241,kiểng,mismatch
v02297,kiểng,v02297.mp3,2990,kiểng,ok
v02298,kiểu,v02298.mp3,1146,kiểu,ok
v02299,kiễng,v02299.mp3,5993,kiến,mismatch
v02300,kiệm,v02300.mp3,1175,kiệm,ok
v02301,kiện,v02301.mp3,415,kiện,ok
v02302,kiệp,v02302.mp3,6167,kịp,mismatch
v02303,kiệt,v02303.mp3,1571,kiệt,ok
v02304,kiệu,v02304.mp3,3147,kiểu,tone_mismatch
v02305,kon,v02305.mp3,2179,không,mismatch
v02306,ky,v02306.mp3,3716,kê,mismatch
v02307,kè,v02307.mp3,2288,kè,ok
v02308,kèm,v02308.mp3,1245,kem,tone_mismatch
v02309,kèn,v02309.mp3,3047,kênh,mismatch
v02310,kèo,v02310.mp3,3558,kèo,ok
v02311,ké,v02311.mp3,4430,kế,mismatch
v02312,kém,v02312.mp3,966,kém,ok
v02313,kén,v02313.mp3,3155,kén,ok
v02314,kéo,v02314.mp3,701,kéo,ok
v02315,kép,v02315.mp3,2868,kết,mismatch
v02316,két,v02316.mp3,2633,kết,mismatch
v02317,kê,v02317.mp3,999,kê,ok
v02318,kên,v02318.mp3,6369,kênh,mismatch
v02319,kênh,v02319.mp3,1162,ken,mismatch
v02320,kêu,v02320.mp3,1083,kêu,ok
v02321,kì,v02321.mp3,1681,kỳ,mismatch
v02322,kìa,v02322.mp3,4000,kìa,ok
v02323,kìm,v02323.mp3,2632,kiêm,mismatch
v02324,kình,v02324.mp3,4027,kênh,mismatch
v02325,kí,v02325.mp3,2090,ký,mismatch
v02326,kía,v02326.mp3,5607,ký,mismatch
v02327,kích,v02327.mp3,1020,kích,ok
v02328,kím,v02328.mp3,5551,kiếm,mismatch
v02329,kín,v02329.mp3,1301,kính,mismatch
v02330,kính,v02330.mp3,1126,kính,ok
v02331,kíp,v02331.mp3,2003,kíp,ok
v02332,kít,v02332.mp3,5091,kích,mismatch
v02333,kíu,v02333.mp3,7124,cứ,mismatch
v02334,ký,v02334.mp3,427,ký,ok
v02335,kĩ,v02335.mp3,2008,kỉ,tone_mismatch
v02336,kẹ,v02336.mp3,6083,kể,mismatch
v02337,kẹm,v02337.mp3,6750,kèm,tone_mismatch
v02338,kẹn,v02338.mp3,7137,kén,tone_mismatch
v02339,kẹo,v02339.mp3,2087,kẹo,ok
v02340,kẹp,v02340.mp3,2796,kệp,mismatch
v02341,kẹt,v02341.mp3,1686,kệ,mismatch
v02342,kẻ,v02342.mp3,1116,kẻ,ok
v02343,kẻng,v02343.mp3,4860,kính,mismatch
v02344,kẻo,v02344.mp3,3784,kẻoquốc,mismatch
v02345,kẽ,v02345.mp3,2549,kể,mismatch
v02346,kẽm,v02346.mp3,2771,kiểm,mismatch
v02347,kẽo,v02347.mp3,6027,kẻo,tone_mismatch
v02348,kế,v02348.mp3,421,kế,ok
v02349,kếch,v02349.mp3,4448,kết,mismatch
v02350,kếm,v02350.mp3,7139,kém,mismatch
v02351,kến,v02351.mp3,7138,kính,mismatch
v02352,kếp,v02352.mp3,5835,kết,mismatch
v02353,kết,v02353.mp3,157,kết,ok
v02354,kề,v02354.mp3,2099,kệ,tone_mismatch
v02355,kềm,v02355.mp3,4875,kèm,mismatch
v02356,kền,v02356.mp3,4667,kền,ok
v02357,kềnh,v02357.mp3,3240,kênh,tone_mismatch
v02358,kều,v02358.mp3,6148,kêu,tone_mismatch
v02359,kể,v02359.mp3,472,kẻ,mismatch
v02360,kệ,v02360.mp3,2637,kệ,ok
v02361,kệch,v02361.mp3,4649,cật,mismatch
v02362,kỉ,v02362.mp3,2272,kỷ,mismatch
v02363,kỉnh,v02363.mp3,3794,kính,tone_mismatch
v02364,kị,v02364.mp3,4475,kỷ,mismatch
v02365,kịch,v02365.mp3,1022,kịch,ok
v02366,kịp,v02366.mp3,851,kịp,ok
v02367,kịt,v02367.mp3,4230,kịch,mismatch
v02368,kỳ,v02368.mp3,262,kỳ,ok
v02369,kỵ,v02369.mp3,2927,kỷ,tone_mismatch
v02370,kỷ,v02370.mp3,695,ký,tone_mismatch
v02371,kỹ,v02371.mp3,551,ký,tone_mismatch
v02372,la,v02372.mp3,903,từla,mismatch
v02373,lai,v02373.mp3,817,lây,mismatch
v02374,lam,v02374.mp3,1552,tửlàm,mismatch
v02375,lan,v02375.mp3,593,lan,ok
v02376,lang,v02376.mp3,1462,tửlan,mismatch
v02377,lanh,v02377.mp3,2581,lân,mismatch
v02378,lao,v02378.mp3,489,lào,tone_mismatch
v02379,lau,v02379.mp3,2143,từlâu,mismatch
v02380,lay,v02380.mp3,2772,từlây,mismatch
v02381,le,v02381.mp3,1287,lê,mismatch
v02382,lem,v02382.mp3,3164,lên,mismatch
v02383,len,v02383.mp3,2611,tựlên,mismatch
v02384,leng,v02384.mp3,4666,lêng,mismatch
v02385,leo,v02385.mp3,1737,từleo,mismatch
v02386,li,v02386.mp3,2264,từli,mismatch
v02387,lia,v02387.mp3,4604,từliền,mismatch
v02388,lim,v02388.mp3,3085,từliêm,mismatch
v02389,lin,v02389.mp3,3672,tửlinh,mismatch
v02390,linh,v02390.mp3,595,từlinh,mismatch
v02391,liu,v02391.mp3,3072,lâu,mismatch
v02392,liêm,v02392.mp3,1603,lin,mismatch
v02393,liên,v02393.mp3,195,linh,mismatch
v02394,liêng,v02394.mp3,2490,lin,mismatch
v02395,liêu,v02395.mp3,1803,lưu,mismatch
v02396,liếc,v02396.mp3,3781,từlịch,mismatch
v02397,liếm,v02397.mp3,4267,từđiếm,mismatch
v02398,liến,v02398.mp3,5324,từlính,mismatch
v02399,liếng,v02399.mp3,3765,từlính,mismatch
v02400,liếp,v02400.mp3,5312,ít,mismatch
v02401,liếu,v02401.mp3,6128,liếu,ok
v02402,liềm,v02402.mp3,4375,lìm,mismatch
v02403,liền,v02403.mp3,1030,từliền,mismatch
v02404,liềng,v02404.mp3,5762,từliền,mismatch
v02405,liều,v02405.mp3,1782,lều,mismatch
v02406,liểng,v02406.mp3,6251,từlính,mismatch
v02407,liễm,v02407.mp3,6288,liếm,tone_mismatch
v02408,liễn,v02408.mp3,4698,từlĩnh,mismatch
v02409,liễng,v02409.mp3,6166,lĩnh,mismatch
v02410,liễu,v02410.mp3,2332,liễu,ok
v02411,liệm,v02411.mp3,4503,từliêm,mismatch
v02412,liện,v02412.mp3,5861,từliền,mismatch
v02413,liệng,v02413.mp3,5459,lỉnh,mismatch
v02414,liệp,v02414.mp3,5423,lịt,mismatch
v02415,liệt,v02415.mp3,963,lịch,mismatch
v02416,liệu,v02416.mp3,491,liệu,ok
v02417,lo,v02417.mp3,610,tựlo,mismatch
v02418,loa,v02418.mp3,2211,lo,mismatch
v02419,loai,v02419.mp3,5635,loay,mismatch
v02420,loan,v02420.mp3,1388,dạ,mismatch
v02421,loang,v02421.mp3,3565,loang,ok
v02422,loanh,v02422.mp3,3886,lân,mismatch
v02423,loay,v02423.mp3,2878,ray,mismatch
v02424,loe,v02424.mp3,4917,từloét,mismatch
v02425,loi,v02425.mp3,3838,loi,ok
v02426,lom,v02426.mp3,5240,lâm,mismatch
v02427,lon,v02427.mp3,2827,lòng,mismatch
v02428,long,v02428.mp3,537,đông,mismatch
v02429,loong,v02429.mp3,5308,long,mismatch
v02430,loà,v02430.mp3,3635,loa,tone_mismatch
v02431,loài,v02431.mp3,1421,loại,tone_mismatch
v02432,loàn,v02432.mp3,5558,loài,mismatch
v02433,loàng,v02433.mp3,6287,từloạn,mismatch
v02434,loá,v02434.mp3,4237,tựloát,mismatch
v02435,loáng,v02435.mp3,4229,tựloáng,mismatch
v02436,loát,v02436.mp3,3762,từlắc,mismatch
v02437,loã,v02437.mp3,4415,đỏ,mismatch
v02438,loãn,v02438.mp3,5991,lẫn,mismatch
v02439,loãng,v02439.mp3,2649,từloãng,mismatch
v02440,loè,v02440.mp3,4308,từlề,mismatch
v02441,loé,v02441.mp3,4469,lóe,tone_mismatch
v02442,loét,v02442.mp3,2593,từrét,mismatch
v02443,loóng,v02443.mp3,6195,đúng,mismatch
v02444,loại,v02444.mp3,324,loại,ok
v02445,loạn,v02445.mp3,1232,từloãng,mismatch
v02446,loạng,v02446.mp3,3953,loạng,ok
v02447,loạt,v02447.mp3,949,là,mismatch
v02448,loảng,v02448.mp3,5615,từloãng,mismatch
v02449,loắt,v02449.mp3,7122,lắc,mismatch
v02450,loằng,v02450.mp3,5452,từlần,mismatch
v02451,loẹt,v02451.mp3,4639,lạc,mismatch
v02452,lu,v02452.mp3,2790,lúc,mismatch
v02453,lua,v02453.mp3,5021,lua,ok
v02454,lui,v02454.mp3,2434,từlui,mismatch
v02455,lum,v02455.mp3,5004,từlưng,mismatch
v02456,lun,v02456.mp3,5875,từlung,mismatch
v02457,lung,v02457.mp3,2462,lung,ok
v02458,luy,v02458.mp3,4316,lê,mismatch
v02459,luyn,v02459.mp3,5644,từluân,mismatch
v02460,luynh,v02460.mp3,5744,rừng,mismatch
v02461,luyên,v02461.mp3,5284,luyên,ok
v02462,luyến,v02462.mp3,2850,lý,mismatch
v02463,luyện,v02463.mp3,968,tựluyện,mismatch
v02464,luyệt,v02464.mp3,6682,lịch,mismatch
v02465,luân,v02465.mp3,1827,luân,ok
v02466,luôn,v02466.mp3,442,lùn,mismatch
v02467,luông,v02467.mp3,3681,từluôn,mismatch
v02468,luý,v02468.mp3,6514,lý,mismatch
v02469,luấn,v02469.mp3,6869,từlúng,mismatch
v02470,luẩn,v02470.mp3,3846,từluẩn,mismatch
v02471,luận,v02471.mp3,515,tựluận,mismatch
v02472,luật,v02472.mp3,259,tựlực,mismatch
v02473,luệ,v02473.mp3,6746,lợiích,mismatch
v02474,luốc,v02474.mp3,5400,từlúc,mismatch
v02475,luống,v02475.mp3,3364,đúng,mismatch
v02476,luốt,v02476.mp3,6794,từlúc,mismatch
v02477,luồi,v02477.mp3,6364,từlùi,mismatch
v02478,luồn,v02478.mp3,3557,từlâu,mismatch
v02479,luồng,v02479.mp3,1823,luôn,mismatch
v02480,luổng,v02480.mp3,6164,luống,tone_mismatch
v02481,luộc,v02481.mp3,2231,từluộc,mismatch
v02482,luộm,v02482.mp3,4692,lũng,mismatch
v02483,luỵ,v02483.mp3,2594,lũy,tone_mismatch
v02484,luỹ,v02484.mp3,1920,từlũy,mismatch
v02485,ly,v02485.mp3,928,ly,ok
v02486,là,v02486.mp3,5,tựlà,mismatch
v02487,lài,v02487.mp3,3721,lai,tone_mismatch
v02488,làm,v02488.mp3,32,tựlàm,mismatch
v02489,làn,v02489.mp3,1294,từlần,mismatch
v02490,làng,v02490.mp3,948,lan,mismatch
v02491,lành,v02491.mp3,1191,lạnh,tone_mismatch
v02492,lào,v02492.mp3,1091,từlâu,mismatch
v02493,làu,v02493.mp3,4787,lầu,mismatch
v02494,lày,v02494.mp3,6684,lầy,mismatch
v02495,lá,v02495.mp3,957,từlá,mismatch
v02496,lác,v02496.mp3,3530,từlát,mismatch
v02497,lách,v02497.mp3,2219,lắc,mismatch
v02498,lái,v02498.mp3,847,này,mismatch
v02499,lán,v02499.mp3,2813,từláng,mismatch
v02500,láng,v02500.mp3,2089,từlán,mismatch
v02501,lánh,v02501.mp3,2483,lấn,mismatch
v02502,láo,v02502.mp3,3285,lão,tone_mismatch
v02503,láp,v02503.mp3,5430,lớp,mismatch
v02504,lát,v02504.mp3,2028,lắc,mismatch
v02505,láu,v02505.mp3,5063,láu,ok
v02506,láy,v02506.mp3,4360,lấy,mismatch
v02507,lâm,v02507.mp3,722,lâm,ok
v02508,lân,v02508.mp3,1652,tửlưng,mismatch
v02509,lâng,v02509.mp3,3726,từlưng,mismatch
v02510,lâu,v02510.mp3,686,lâu,ok
v02511,lây,v02511.mp3,1746,lay,mismatch
v02512,lã,v02512.mp3,3083,từlá,mismatch
v02513,lãi,v02513.mp3,889,từlãi,mismatch
v02514,lãm,v02514.mp3,1482,lắm,mismatch
v02515,lãn,v02515.mp3,4227,từlãng,mismatch
v02516,lãng,v02516.mp3,1371,lắng,mismatch
v02517,lãnh,v02517.mp3,501,lẫn,mismatch
v02518,lão,v02518.mp3,1680,lẩu,mismatch
v02519,lè,v02519.mp3,4513,lê,mismatch
v02520,lèm,v02520.mp3,5992,lam,mismatch
v02521,lèn,v02521.mp3,4463,từmẹ,mismatch
v02522,lèng,v02522.mp3,4933,lên,mismatch
v02523,lèo,v02523.mp3,3517,từlều,mismatch
v02524,lé,v02524.mp3,4566,lế,mismatch
v02525,lém,v02525.mp3,4585,tửném,mismatch
v02526,lén,v02526.mp3,2568,lấy,mismatch
v02527,léng,v02527.mp3,6014,lén,mismatch
v02528,léo,v02528.mp3,2217,từnếu,mismatch
v02529,lép,v02529.mp3,3429,lết,mismatch
v02530,lét,v02530.mp3,4752,lết,mismatch
v02531,lê,v02531.mp3,424,lê,ok
v02532,lên,v02532.mp3,137,từlên,mismatch
v02533,lênh,v02533.mp3,3266,tựlên,mismatch
v02534,lêu,v02534.mp3,4346,từlêu,mismatch
v02535,lì,v02535.mp3,2604,lee,mismatch
v02536,lìa,v02536.mp3,3192,từlìa,mismatch
v02537,lìm,v02537.mp3,4462,từliêm,mismatch
v02538,lìn,v02538.mp3,5126,tưlình,mismatch
v02539,lình,v02539.mp3,4329,lần,mismatch
v02540,lìu,v02540.mp3,5713,lù,mismatch
v02541,lí,v02541.mp3,1702,lý,mismatch
v02542,lích,v02542.mp3,2803,lích,ok
v02543,lính,v02543.mp3,1915,lính,ok
v02544,líp,v02544.mp3,5166,tửlíp,mismatch
v02545,lít,v02545.mp3,1506,từlít,mismatch
v02546,líu,v02546.mp3,3847,từlứu,mismatch
v02547,lò,v02547.mp3,1531,tựlo,mismatch
v02548,lòi,v02548.mp3,4116,từloài,mismatch
v02549,lòm,v02549.mp3,5990,làm,mismatch
v02550,lòn,v02550.mp3,6067,tựlòng,mismatch
v02551,lòng,v02551.mp3,560,lông,mismatch
v02552,ló,v02552.mp3,4226,từlớp,mismatch
v02553,lóc,v02553.mp3,2588,từlốc,mismatch
v02554,lói,v02554.mp3,4854,từđói,mismatch
v02555,lóm,v02555.mp3,6871,từlắm,mismatch
v02556,lóng,v02556.mp3,3470,từlông,mismatch
v02557,lóp,v02557.mp3,6165,lất,mismatch
v02558,lót,v02558.mp3,2280,lót,ok
v02559,lô,v02559.mp3,1334,từlúa,mismatch
v02560,lôi,v02560.mp3,1947,lôi,ok
v02561,lôm,v02561.mp3,5657,lâmanh,mismatch
v02562,lôn,v02562.mp3,6066,lông,mismatch
v02563,lông,v02563.mp3,1824,từlông,mismatch
v02564,lõi,v02564.mp3,2360,từlõi,mismatch
v02565,lõm,v02565.mp3,3281,từlẩm,mismatch
v02566,lõng,v02566.mp3,3550,lổng,mismatch
v02567,lù,v02567.mp3,3950,từlu,mismatch
v02568,lùa,v02568.mp3,3622,tửlùa,mismatch
v02569,lùi,v02569.mp3,1986,n,mismatch
v02570,lùm,v02570.mp3,2899,từlùm,mismatch
v02571,lùn,v02571.mp3,3259,từlùn,mismatch
v02572,lùng,v02572.mp3,2075,lùng,ok
v02573,lú,v02573.mp3,4727,từlũ,mismatch
v02574,lúa,v02574.mp3,1375,từlúa,mismatch
v02575,lúc,v02575.mp3,296,lúc,ok
v02576,lúi,v02576.mp3,4774,lối,mismatch
v02577,lúm,v02577.mp3,4612,từlắm,mismatch
v02578,lún,v02578.mp3,2418,lúng,mismatch
v02579,lúng,v02579.mp3,2716,từlún,mismatch
v02580,lúp,v02580.mp3,5329,từlúc,mismatch
v02581,lút,v02581.mp3,3139,từlúc,mismatch
v02582,lý,v02582.mp3,87,từlý,mismatch
v02583,lăm,v02583.mp3,3357,lâm,mismatch
v02584,lăn,v02584.mp3,2031,lăng,mismatch
v02585,lăng,v02585.mp3,1660,lăng,ok
v02586,lĩnh,v02586.mp3,677,lính,tone_mismatch
v02587,lũ,v02587.mp3,1101,từlũ,mismatch
v02588,lũa,v02588.mp3,5250,từlúa,mismatch
v02589,lũi,v02589.mp3,4374,từnúi,mismatch
v02590,lũm,v02590.mp3,6365,từlẫm,mismatch
v02591,lũng,v02591.mp3,2504,lũng,ok
v02592,lơ,v02592.mp3,2160,lơ,ok
v02593,lơi,v02593.mp3,4263,lơi,ok
v02594,lơn,v02594.mp3,5033,tửlưng,mismatch
v02595,lư,v02595.mp3,2989,từlưu,mismatch
v02596,lưa,v02596.mp3,5165,nưa,mismatch
v02597,lưn,v02597.mp3,6597,từlưng,mismatch
v02598,lưng,v02598.mp3,1486,từlưng,mismatch
v02599,lưu,v02599.mp3,496,từlưu,mismatch
v02600,lươm,v02600.mp3,7121,rồimâm,mismatch
v02601,lươn,v02601.mp3,2914,tửlưu,mismatch
v02602,lương,v02602.mp3,635,lương,ok
v02603,lưới,v02603.mp3,1458,lưới,ok
v02604,lướt,v02604.mp3,2659,từlướt,mismatch
v02605,lười,v02605.mp3,2580,lười,ok
v02606,lườm,v02606.mp3,5050,từlương,mismatch
v02607,lườn,v02607.mp3,5110,lừ,mismatch
v02608,lường,v02608.mp3,2012,tựlượng,mismatch
v02609,lưởng,v02609.mp3,6868,từlữ,mismatch
v02610,lưỡng,v02610.mp3,2030,lửng,mismatch
v02611,lược,v02611.mp3,1144,tựlược,mismatch
v02612,lượm,v02612.mp3,3205,từlượm,mismatch
v02613,lượn,v02613.mp3,2830,từlứa,mismatch
v02614,lượng,v02614.mp3,136,từlũ,mismatch
v02615,lượt,v02615.mp3,1090,nhất,mismatch
v02616,lạ,v02616.mp3,988,là,tone_mismatch
v02617,lạc,v02617.mp3,854,tửlạc,mismatch
v02618,lạch,v02618.mp3,3375,lạc,mismatch
v02619,lại,v02619.mp3,58,lại,ok
v02620,lạm,v02620.mp3,1573,lắm,mismatch
v02621,lạn,v02621.mp3,4362,tựlắng,mismatch
v02622,lạng,v02622.mp3,1736,lặng,mismatch
v02623,lạnh,v02623.mp3,974,từlạnh,mismatch
v02624,lạo,v02624.mp3,5721,lão,tone_mismatch
v02625,lạp,v02625.mp3,2199,làmơn,mismatch
v02626,lạt,v02626.mp3,1745,là,mismatch
v02627,lạy,v02627.mp3,3663,lấy,mismatch
v02628,lả,v02628.mp3,3497,từlá,mismatch
v02629,lải,v02629.mp3,4376,lấy,mismatch
v02630,lảm,v02630.mp3,5051,lãm,tone_mismatch
v02631,lản,v02631.mp3,6872,lẵng,mismatch
v02632,lảng,v02632.mp3,3775,lắng,mismatch
v02633,lảnh,v02633.mp3,5320,lẫn,mismatch
v02634,lảo,v02634.mp3,5072,từrau,mismatch
v02635,lấm,v02635.mp3,3620,cứlắm,mismatch
v02636,lấn,v02636.mp3,1719,lớng,mismatch
v02637,lấp,v02637.mp3,1771,từlắp,mismatch
v02638,lất,v02638.mp3,4989,lắc,mismatch
v02639,lấu,v02639.mp3,4929,từlâu,mismatch
v02640,lấy,v02640.mp3,439,lấy,ok
v02641,lầm,v02641.mp3,1594,từlăm,mismatch
v02642,lần,v02642.mp3,216,từlần,mismatch
v02643,lầu,v02643.mp3,2292,lâu,tone_mismatch
v02644,lầy,v02644.mp3,3150,lày,mismatch
v02645,lẩm,v02645.mp3,4393,lắm,mismatch
v02646,lẩn,v02646.mp3,2487,dẫng,mismatch
v02647,lẩu,v02647.mp3,2719,từlẩu,mismatch
v02648,lẩy,v02648.mp3,4670,lấy,tone_mismatch
v02649,lẫm,v02649.mp3,3260,từlắm,mismatch
v02650,lẫn,v02650.mp3,1166,tưlẫn,mismatch
v02651,lẫy,v02651.mp3,2597,từlấy,mismatch
v02652,lậm,v02652.mp3,6554,lắm,mismatch
v02653,lận,v02653.mp3,2138,từlẫn,mismatch
v02654,lập,v02654.mp3,367,lập,ok
v02655,lật,v02655.mp3,2011,kìa,mismatch
v02656,lậu,v02656.mp3,1569,lẩu,tone_mismatch
v02657,lậy,v02657.mp3,3379,lệnh,mismatch
v02658,lắc,v02658.mp3,2055,lắc,ok
v02659,lắm,v02659.mp3,989,tửlắm,mismatch
v02660,lắng,v02660.mp3,987,lắng,ok
v02661,lắp,v02661.mp3,1382,lắc,mismatch
v02662,lắt,v02662.mp3,4048,lắc,mismatch
v02663,lằn,v02663.mp3,4052,từlàng,mismatch
v02664,lằng,v02664.mp3,4962,lăng,tone_mismatch
v02665,lẳn,v02665.mp3,6553,lẫn,mismatch
v02666,lẳng,v02666.mp3,3496,tưlẫn,mismatch
v02667,lẵng,v02667.mp3,4264,từlẫn,mismatch
v02668,lặc,v02668.mp3,3737,lạc,mismatch
v02669,lặn,v02669.mp3,2079,lặng,mismatch
v02670,lặng,v02670.mp3,1465,lặng,ok
v02671,lặp,v02671.mp3,2177,lập,mismatch
v02672,lặt,v02672.mp3,3669,lạc,mismatch
v02673,lẹ,v02673.mp3,4020,lệ,mismatch
v02674,lẹm,v02674.mp3,5068,tựlệm,mismatch
v02675,lẹo,v02675.mp3,6013,từlều,mismatch
v02676,lẹt,v02676.mp3,4427,lẹ,mismatch
v02677,lẻ,v02677.mp3,1249,lẽ,tone_mismatch
v02678,lẻm,v02678.mp3,6683,rẻm,mismatch
v02679,lẻn,v02679.mp3,3529,từlĩnh,mismatch
v02680,lẻng,v02680.mp3,6795,lĩnh,mismatch
v02681,lẻo,v02681.mp3,3206,từlễu,mismatch
v02682,lẽ,v02682.mp3,969,lẽ,ok
v02683,lẽn,v02683.mp3,4660,lến,mismatch
v02684,lẽo,v02684.mp3,3741,lẽo,ok
v02685,lế,v02685.mp3,6645,lê,tone_mismatch
v02686,lếch,v02686.mp3,5272,từlết,mismatch
v02687,lến,v02687.mp3,4961,lến,ok
v02688,lếp,v02688.mp3,5550,lép,mismatch
v02689,lết,v02689.mp3,3976,lết,ok
v02690,lếu,v02690.mp3,5573,từleo,mismatch
v02691,lề,v02691.mp3,1989,từlê,mismatch
v02692,lền,v02692.mp3,7123,lên,tone_mismatch
v02693,lềnh,v02693.mp3,4278,từlên,mismatch
v02694,lều,v02694.mp3,2884,lều,ok
v02695,lể,v02695.mp3,4215,lễ,tone_mismatch
v02696,lễ,v02696.mp3,584,lễ,ok
v02697,lệ,v02697.mp3,632,từlễ,mismatch
v02698,lệch,v02698.mp3,1484,từlệch,mismatch
v02699,lệnh,v02699.mp3,1212,tưlệnh,mismatch
v02700,lệt,v02700.mp3,6644,lệ,mismatch
v02701,lỉ,v02701.mp3,6747,lý,mismatch
v02702,lỉnh,v02702.mp3,3888,từlính,mismatch
v02703,lỉu,v02703.mp3,6343,lậu,mismatch
v02704,lị,v02704.mp3,5527,lê,mismatch
v02705,lịa,v02705.mp3,5285,lý,mismatch
v02706,lịch,v02706.mp3,390,từlịch,mismatch
v02707,lịm,v02707.mp3,3356,lỉnh,mismatch
v02708,lịnh,v02708.mp3,5230,lính,tone_mismatch
v02709,lọ,v02709.mp3,2384,lọ,ok
v02710,lọc,v02710.mp3,1429,lộc,mismatch
v02711,lọi,v02711.mp3,3688,lời,mismatch
v02712,lọm,v02712.mp3,6477,từlõm,mismatch
v02713,lọn,v02713.mp3,4966,lộng,mismatch
v02714,lọng,v02714.mp3,4525,lòng,tone_mismatch
v02715,lọp,v02715.mp3,5989,lộc,mismatch
v02716,lọt,v02716.mp3,1669,từloất,mismatch
v02717,lỏi,v02717.mp3,3514,từlõi,mismatch
v02718,lỏm,v02718.mp3,5105,từlõm,mismatch
v02719,lỏn,v02719.mp3,5549,từlõng,mismatch
v02720,lỏng,v02720.mp3,1892,lóng,tone_mismatch
v02721,lố,v02721.mp3,3660,lố,ok
v02722,lốc,v02722.mp3,2144,lốc,ok
v02723,lối,v02723.mp3,1224,lối,ok
v02724,lốm,v02724.mp3,5416,lúng,mismatch
v02725,lốn,v02725.mp3,6476,đúng,mismatch
v02726,lống,v02726.mp3,4946,từlóng,mismatch
v02727,lốp,v02727.mp3,2737,lốc,mismatch
v02728,lốt,v02728.mp3,3321,lướt,mismatch
v02729,lồ,v02729.mp3,1842,từlô,mismatch
v02730,lồi,v02730.mp3,3522,rồi,mismatch
v02731,lồm,v02731.mp3,5389,tửulùm,mismatch
v02732,lồng,v02732.mp3,1695,từlòng,mismatch
v02733,lổ,v02733.mp3,4224,lố,tone_mismatch
v02734,lổm,v02734.mp3,6127,từlỗm,mismatch
v02735,lổn,v02735.mp3,5410,đúng,mismatch
v02736,lổng,v02736.mp3,4593,từlống,mismatch
v02737,lỗ,v02737.mp3,1299,lố,tone_mismatch
v02738,lỗi,v02738.mp3,935,từlỗi,mismatch
v02739,lỗng,v02739.mp3,6997,từlõng,mismatch
v02740,lộ,v02740.mp3,657,từlộ,mismatch
v02741,lộc,v02741.mp3,1018,lộc,ok
v02742,lội,v02742.mp3,2166,lỗi,tone_mismatch
v02743,lộm,v02743.mp3,6924,từlỗng,mismatch
v02744,lộn,v02744.mp3,1890,lộng,mismatch
v02745,lộng,v02745.mp3,2516,lổng,tone_mismatch
v02746,lộp,v02746.mp3,5970,tựlập,mismatch
v02747,lột,v02747.mp3,2271,từlộ,mismatch
v02748,lớ,v02748.mp3,4900,lớp,mismatch
v02749,lới,v02749.mp3,4551,từlâu,mismatch
v02750,lớm,v02750.mp3,6126,từlắm,mismatch
v02751,lớn,v02751.mp3,190,lấn,mismatch
v02752,lớp,v02752.mp3,533,từlốc,mismatch
v02753,lớt,v02753.mp3,6125,từlốc,mismatch
v02754,lờ,v02754.mp3,2669,lực,mismatch
v02755,lời,v02755.mp3,349,lời,ok
v02756,lờn,v02756.mp3,5088,tửlợn,mismatch
v02757,lở,v02757.mp3,1647,lỡ,tone_mismatch
v02758,lởi,v02758.mp3,4839,lấy,mismatch
v02759,lởm,v02759.mp3,4673,lắm,mismatch
v02760,lởn,v02760.mp3,5290,lớn,tone_mismatch
v02761,lỡ,v02761.mp3,2106,từlỡ,mismatch
v02762,lỡm,v02762.mp3,6870,lẫm,mismatch
v02763,lợ,v02763.mp3,4345,là,mismatch
v02764,lợi,v02764.mp3,369,lợi,ok
v02765,lợm,v02765.mp3,4277,lẫm,mismatch
v02766,lợn,v02766.mp3,1494,từlẫn,mismatch
v02767,lợp,v02767.mp3,3022,lập,mismatch
v02768,lợt,v02768.mp3,6366,lực,mismatch
v02769,lụ,v02769.mp3,5969,lũ,tone_mismatch
v02770,lụa,v02770.mp3,2491,luống,mismatch
v02771,lục,v02771.mp3,1253,từlục,mismatch
v02772,lụi,v02772.mp3,3861,từlũi,mismatch
v02773,lụm,v02773.mp3,6515,lửng,mismatch
v02774,lụn,v02774.mp3,6342,đúng,mismatch
v02775,lụng,v02775.mp3,3817,lũ,mismatch
v02776,lụp,v02776.mp3,4172,một,mismatch
v02777,lụt,v02777.mp3,2095,từlúc,mismatch
v02778,lủ,v02778.mp3,6250,từlũ,mismatch
v02779,lủi,v02779.mp3,4016,lối,mismatch
v02780,lủn,v02780.mp3,6286,lũng,mismatch
v02781,lủng,v02781.mp3,4293,lũ,mismatch
v02782,lứa,v02782.mp3,1775,lướt,mismatch
v02783,lức,v02783.mp3,3308,từrất,mismatch
v02784,lứt,v02784.mp3,4409,nức,mismatch
v02785,lừ,v02785.mp3,3802,lư,tone_mismatch
v02786,lừa,v02786.mp3,1143,lừa,ok
v02787,lừng,v02787.mp3,2832,từlần,mismatch
v02788,lừu,v02788.mp3,6406,lựu,tone_mismatch
v02789,lử,v02789.mp3,5307,lữ,tone_mismatch
v02790,lửa,v02790.mp3,991,từlứa,mismatch
v02791,lửng,v02791.mp3,2856,lững,tone_mismatch
v02792,lữ,v02792.mp3,2132,từnữ,mismatch
v02793,lữa,v02793.mp3,5005,từlửa,mismatch
v02794,lững,v02794.mp3,4584,lững,ok
v02795,lự,v02795.mp3,3919,lữ,tone_mismatch
v02796,lựa,v02796.mp3,843,lựa,ok
v02797,lực,v02797.mp3,196,tựlực,mismatch
v02798,lựng,v02798.mp3,5817,lửng,tone_mismatch
v02799,lựu,v02799.mp3,2733,lửu,tone_mismatch
v02800,lỳ,v02800.mp3,3913,từli,mismatch
v02801,lỵ,v02801.mp3,4204,lỉ,mismatch
v02802,lỷ,v02802.mp3,5733,từlý,mismatch
v02803,lỹ,v02803.mp3,6147,từlý,mismatch
v02804,ma,v02804.mp3,815,mà,tone_mismatch
v02805,mai,v02805.mp3,640,từmai,mismatch
v02806,mam,v02806.mp3,6867,màm,tone_mismatch
v02807,man,v02807.mp3,1879,màn,tone_mismatch
v02808,mang,v02808.mp3,346,mang,ok
v02809,manh,v02809.mp3,1897,tửmanh,mismatch
v02810,mao,v02810.mp3,3545,mao,ok
v02811,mau,v02811.mp3,1514,tửmàu,mismatch
v02812,may,v02812.mp3,824,từmây,mismatch
v02813,me,v02813.mp3,2171,từmếch,mismatch
v02814,mem,v02814.mp3,6362,mém,tone_mismatch
v02815,men,v02815.mp3,1863,từmen,mismatch
v02816,meng,v02816.mp3,5538,mình,mismatch
v02817,meo,v02817.mp3,4626,từmail,mismatch
v02818,mi,v02818.mp3,2051,mi,ok
v02819,mia,v02819.mp3,3812,từmia,mismatch
v02820,mim,v02820.mp3,6596,miếng,mismatch
v02821,min,v02821.mp3,2906,minh,mismatch
v02822,minh,v02822.mp3,219,tựmình,mismatch
v02823,miu,v02823.mp3,3414,màu,mismatch
v02824,miên,v02824.mp3,2567,tựmình,mismatch
v02825,miêng,v02825.mp3,5215,tựmình,mismatch
v02826,miêu,v02826.mp3,2623,mèo,mismatch
v02827,miến,v02827.mp3,3238,từbính,mismatch
v02828,miếng,v02828.mp3,1463,miếng,ok
v02829,miết,v02829.mp3,3740,tựbiết,mismatch
v02830,miếu,v02830.mp3,2502,từmiếu,mismatch
v02831,miền,v02831.mp3,787,mình,mismatch
v02832,miềng,v02832.mp3,6551,tựmiền,mismatch
v02833,miều,v02833.mp3,4524,từmiều,mismatch
v02834,miểng,v02834.mp3,6405,miếng,tone_mismatch
v02835,miểu,v02835.mp3,6923,miếu,tone_mismatch
v02836,miễn,v02836.mp3,1046,miễn,ok
v02837,miễu,v02837.mp3,4047,cừmiếu,mismatch
v02838,miện,v02838.mp3,2544,từmiệng,mismatch
v02839,miệng,v02839.mp3,1250,từmiệng,mismatch
v02840,miệt,v02840.mp3,2660,từmiệt,mismatch
v02841,mo,v02841.mp3,3561,mơ,mismatch
v02842,moa,v02842.mp3,6283,tựmặc,mismatch
v02843,moan,v02843.mp3,4983,từmôn,mismatch
v02844,moi,v02844.mp3,3385,từmôi,mismatch
v02845,mom,v02845.mp3,4659,tửmong,mismatch
v02846,mon,v02846.mp3,3201,mong,mismatch
v02847,mong,v02847.mp3,656,từmông,mismatch
v02848,moong,v02848.mp3,4446,vâng,mismatch
v02849,moóc,v02849.mp3,3722,từmốc,mismatch
v02850,moọc,v02850.mp3,5952,từmột,mismatch
v02851,mu,v02851.mp3,2646,từmua,mismatch
v02852,mua,v02852.mp3,250,từmua,mismatch
v02853,mui,v02853.mp3,4008,tửnguôi,mismatch
v02854,mum,v02854.mp3,6064,từmũm,mismatch
v02855,mun,v02855.mp3,4407,từmông,mismatch
v02856,mung,v02856.mp3,5781,môn,mismatch
v02857,muôi,v02857.mp3,5228,từmui,mismatch
v02858,muôn,v02858.mp3,2563,từmuôn,mismatch
v02859,muông,v02859.mp3,4910,từmuông,mismatch
v02860,muối,v02860.mp3,1503,từmuối,mismatch
v02861,muốn,v02861.mp3,330,từmốt,mismatch
v02862,muống,v02862.mp3,2838,từmuối,mismatch
v02863,muốt,v02863.mp3,4603,từmức,mismatch
v02864,muồi,v02864.mp3,4259,mui,mismatch
v02865,muồng,v02865.mp3,4911,từmù,mismatch
v02866,muổi,v02866.mp3,6996,ngũi,mismatch
v02867,muỗi,v02867.mp3,2101,từmuối,mismatch
v02868,muỗm,v02868.mp3,6104,từmụn,mismatch
v02869,muỗng,v02869.mp3,2697,từmũ,mismatch
v02870,muội,v02870.mp3,3841,từmũi,mismatch
v02871,muộn,v02871.mp3,1617,từmuỗng,mismatch
v02872,my,v02872.mp3,1433,mi,mismatch
v02873,mà,v02873.mp3,107,từmà,mismatch
v02874,mài,v02874.mp3,2442,từmãi,mismatch
v02875,màn,v02875.mp3,1156,từmàn,mismatch
v02876,màng,v02876.mp3,1904,từmàn,mismatch
v02877,mành,v02877.mp3,4610,mình,mismatch
v02878,mào,v02878.mp3,3383,từmàu,mismatch
v02879,màu,v02879.mp3,681,từmàu,mismatch
v02880,mày,v02880.mp3,1777,từmỹ,mismatch
v02881,má,v02881.mp3,1962,từmác,mismatch
v02882,mác,v02882.mp3,2225,từmắt,mismatch
v02883,mách,v02883.mp3,3068,từmất,mismatch
v02884,mái,v02884.mp3,1051,máy,mismatch
v02885,mán,v02885.mp3,5150,từmán,mismatch
v02886,máng,v02886.mp3,3849,từmáng,mismatch
v02887,mánh,v02887.mp3,3887,mẫn,mismatch
v02888,máo,v02888.mp3,4371,máu,mismatch
v02889,mát,v02889.mp3,1329,từmét,mismatch
v02890,máu,v02890.mp3,758,mẫu,mismatch
v02891,máy,v02891.mp3,260,mấy,mismatch
v02892,mâm,v02892.mp3,2296,cửmâm,mismatch
v02893,mân,v02893.mp3,3994,mâng,mismatch
v02894,mâng,v02894.mp3,6552,từmông,mismatch
v02895,mâu,v02895.mp3,1449,mâu,ok
v02896,mây,v02896.mp3,1545,từmây,mismatch
v02897,mã,v02897.mp3,1133,từmã,mismatch
v02898,mãi,v02898.mp3,1155,cừmấy,mismatch
v02899,mãn,v02899.mp3,1559,mãn,ok
v02900,mãng,v02900.mp3,3686,từmãng,mismatch
v02901,mãnh,v02901.mp3,2791,mẫn,mismatch
v02902,mão,v02902.mp3,3391,từmẫu,mismatch
v02903,mè,v02903.mp3,3097,từmê,mismatch
v02904,mèm,v02904.mp3,5062,từmềm,mismatch
v02905,mèn,v02905.mp3,4784,tựmình,mismatch
v02906,mèo,v02906.mp3,2185,từmail,mismatch
v02907,mé,v02907.mp3,4073,tờmế,mismatch
v02908,méc,v02908.mp3,5591,từmết,mismatch
v02909,mém,v02909.mp3,5429,từmến,mismatch
v02910,mén,v02910.mp3,5306,từmiếng,mismatch
v02911,méo,v02911.mp3,2745,từmail,mismatch
v02912,mép,v02912.mp3,2815,mếp,mismatch
v02913,mét,v02913.mp3,1625,méc,mismatch
v02914,mê,v02914.mp3,997,mê,ok
v02915,mên,v02915.mp3,6193,tửmên,mismatch
v02916,mênh,v02916.mp3,3165,tửminh,mismatch
v02917,mì,v02917.mp3,1556,từmì,mismatch
v02918,mìn,v02918.mp3,2561,tựmình,mismatch
v02919,mình,v02919.mp3,96,từmình,mismatch
v02920,mìu,v02920.mp3,6284,tửmù,mismatch
v02921,mí,v02921.mp3,2438,mấy,mismatch
v02922,mía,v02922.mp3,2240,miết,mismatch
v02923,mích,v02923.mp3,3354,mất,mismatch
v02924,mím,v02924.mp3,5376,mím,ok
v02925,mín,v02925.mp3,6285,nín,mismatch
v02926,mính,v02926.mp3,6441,tửminh,mismatch
v02927,míp,v02927.mp3,6643,quýt,mismatch
v02928,mít,v02928.mp3,2511,mấy,mismatch
v02929,mò,v02929.mp3,1955,mọt,mismatch
v02930,mòi,v02930.mp3,4611,từmọi,mismatch
v02931,mòn,v02931.mp3,2181,từmông,mismatch
v02932,mòng,v02932.mp3,5347,từmông,mismatch
v02933,mó,v02933.mp3,3410,mất,mismatch
v02934,móc,v02934.mp3,1546,móc,ok
v02935,mói,v02935.mp3,3904,mới,mismatch
v02936,móm,v02936.mp3,4091,móm,ok
v02937,món,v02937.mp3,775,từmón,mismatch
v02938,móng,v02938.mp3,1697,từmón,mismatch
v02939,móp,v02939.mp3,3645,từmốc,mismatch
v02940,mót,v02940.mp3,4190,từmót,mismatch
v02941,mô,v02941.mp3,687,từmốt,mismatch
v02942,môi,v02942.mp3,542,môi,ok
v02943,môn,v02943.mp3,582,môm,mismatch
v02944,mông,v02944.mp3,1880,mông,ok
v02945,mõ,v02945.mp3,5229,từmỏ,mismatch
v02946,mõi,v02946.mp3,6744,mỏi,tone_mismatch
v02947,mõm,v02947.mp3,4423,từmõm,mismatch
v02948,mù,v02948.mp3,1713,từmùa,mismatch
v02949,mùa,v02949.mp3,750,mùa,ok
v02950,mùi,v02950.mp3,1206,từmui,mismatch
v02951,mùn,v02951.mp3,4414,tửmùng,mismatch
v02952,mùng,v02952.mp3,2133,từmùn,mismatch
v02953,mú,v02953.mp3,3705,ngũ,mismatch
v02954,múa,v02954.mp3,1677,múa,ok
v02955,múc,v02955.mp3,2960,từmức,mismatch
v02956,múi,v02956.mp3,3154,từmuối,mismatch
v02957,mún,v02957.mp3,3831,từmúng,mismatch
v02958,múp,v02958.mp3,5732,mức,mismatch
v02959,mút,v02959.mp3,3511,từmúc,mismatch
v02960,mý,v02960.mp3,5988,từmỹ,mismatch
v02961,măm,v02961.mp3,5860,từmâm,mismatch
v02962,măn,v02962.mp3,6065,từmăng,mismatch
v02963,măng,v02963.mp3,1847,măng,ok
v02964,mĩ,v02964.mp3,3480,từmỹ,mismatch
v02965,mĩm,v02965.mp3,4426,miễm,mismatch
v02966,mũ,v02966.mp3,1853,từmũ,mismatch
v02967,mũi,v02967.mp3,1242,mũi,ok
v02968,mũm,v02968.mp3,4425,từmũm,mismatch
v02969,mơ,v02969.mp3,1056,mà,mismatch
v02970,mơi,v02970.mp3,5833,tửmươi,mismatch
v02971,mơn,v02971.mp3,4090,từmông,mismatch
v02972,mưa,v02972.mp3,698,từmưa,mismatch
v02973,mưng,v02973.mp3,5235,tửmưng,mismatch
v02974,mưu,v02974.mp3,1376,từmu,mismatch
v02975,mươi,v02975.mp3,2507,mười,tone_mismatch
v02976,mươn,v02976.mp3,6995,từmương,mismatch
v02977,mương,v02977.mp3,2559,từmương,mismatch
v02978,mướn,v02978.mp3,2910,từmướn,mismatch
v02979,mướp,v02979.mp3,3560,mướn,mismatch
v02980,mướt,v02980.mp3,3212,từmức,mismatch
v02981,mười,v02981.mp3,1884,từmười,mismatch
v02982,mường,v02982.mp3,2205,tựmở,mismatch
v02983,mượn,v02983.mp3,1604,tươngứng,mismatch
v02984,mượt,v02984.mp3,3074,từmột,mismatch
v02985,mạ,v02985.mp3,2540,từmã,mismatch
v02986,mạc,v02986.mp3,1325,từmạng,mismatch
v02987,mạch,v02987.mp3,1052,từmật,mismatch
v02988,mại,v02988.mp3,710,từmãi,mismatch
v02989,mạn,v02989.mp3,1698,từmệnh,mismatch
v02990,mạng,v02990.mp3,516,từmảng,mismatch
v02991,mạnh,v02991.mp3,290,từmảnh,mismatch
v02992,mạo,v02992.mp3,1724,từmão,mismatch
v02993,mạp,v02993.mp3,4518,mạc,mismatch
v02994,mạt,v02994.mp3,3786,mà,mismatch
v02995,mạy,v02995.mp3,6163,từmày,mismatch
v02996,mả,v02996.mp3,3659,từmã,mismatch
v02997,mải,v02997.mp3,2775,từmãi,mismatch
v02998,mản,v02998.mp3,5968,mãn,tone_mismatch
v02999,mảng,v02999.mp3,1854,tưmãn,mismatch
v03000,mảnh,v03000.mp3,1491,mẫn,mismatch
v03001,mảo,v03001.mp3,6363,từmáu,mismatch
v03002,mảy,v03002.mp3,4113,từmỹ,mismatch
v03003,mấn,v03003.mp3,5224,từmẫn,mismatch
v03004,mấp,v03004.mp3,4563,mấp,ok
v03005,mất,v03005.mp3,433,mất,ok
v03006,mấu,v03006.mp3,3019,từmáu,mismatch
v03007,mấy,v03007.mp3,867,từmấy,mismatch
v03008,mầm,v03008.mp3,1472,mầm,ok
v03009,mần,v03009.mp3,4236,từmừng,mismatch
v03010,mầu,v03010.mp3,3625,tờmẫu,mismatch
v03011,mầy,v03011.mp3,5834,mày,mismatch
v03012,mẩm,v03012.mp3,5548,mẫm,tone_mismatch
v03013,mẩn,v03013.mp3,2946,từmẫn,mismatch
v03014,mẩu,v03014.mp3,3177,từmẫu,mismatch
v03015,mẩy,v03015.mp3,3761,máy,mismatch
v03016,mẫm,v03016.mp3,4559,mắm,mismatch
v03017,mẫn,v03017.mp3,2282,từmẫn,mismatch
v03018,mẫu,v03018.mp3,707,từmẫu,mismatch
v03019,mậm,v03019.mp3,7119,từmắm,mismatch
v03020,mận,v03020.mp3,2663,từmận,mismatch
v03021,mập,v03021.mp3,2391,mọc,mismatch
v03022,mật,v03022.mp3,1021,mực,mismatch
v03023,mậu,v03023.mp3,2542,từmẫu,mismatch
v03024,mắc,v03024.mp3,803,lắc,mismatch
v03025,mắm,v03025.mp3,1664,từmấm,mismatch
v03026,mắn,v03026.mp3,1230,từmắng,mismatch
v03027,mắng,v03027.mp3,2223,từmắng,mismatch
v03028,mắt,v03028.mp3,500,mắc,mismatch
v03029,mằn,v03029.mp3,3935,tửmang,mismatch
v03030,mằng,v03030.mp3,6224,tửmàng,mismatch
v03031,mẳn,v03031.mp3,7118,từmẫn,mismatch
v03032,mặc,v03032.mp3,689,từmắt,mismatch
v03033,mặn,v03033.mp3,1541,từmảnh,mismatch
v03034,mặt,v03034.mp3,209,mà,mismatch
v03035,mẹ,v03035.mp3,231,mẹ,ok
v03036,mẹc,v03036.mp3,6745,tựmệt,mismatch
v03037,mẹo,v03037.mp3,3055,từmếu,mismatch
v03038,mẹt,v03038.mp3,4756,từmến,mismatch
v03039,mẻ,v03039.mp3,1908,mẹ,tone_mismatch
v03040,mẽ,v03040.mp3,1240,từmẹ,mismatch
v03041,mế,v03041.mp3,6194,từmếch,mismatch
v03042,mếch,v03042.mp3,5953,từmất,mismatch
v03043,mến,v03043.mp3,1710,mấy,mismatch
v03044,mếu,v03044.mp3,3918,miếu,mismatch
v03045,mề,v03045.mp3,4056,từmê,mismatch
v03046,mềm,v03046.mp3,1304,từmềm,mismatch
v03047,mền,v03047.mp3,3872,mình,mismatch
v03048,mềnh,v03048.mp3,6866,mình,mismatch
v03049,mễ,v03049.mp3,3449,từmễ,mismatch
v03050,mệ,v03050.mp3,5377,tưmệ,mismatch
v03051,mệnh,v03051.mp3,1539,tưmình,mismatch
v03052,mệt,v03052.mp3,1324,từmẹ,mismatch
v03053,mỉ,v03053.mp3,2754,từmỹ,mismatch
v03054,mỉa,v03054.mp3,4032,từmỹấy,mismatch
v03055,mỉm,v03055.mp3,2777,miễn,mismatch
v03056,mị,v03056.mp3,3389,mỹ,mismatch
v03057,mịch,v03057.mp3,3975,mật,mismatch
v03058,mịn,v03058.mp3,2357,mình,mismatch
v03059,mịnh,v03059.mp3,6341,mình,tone_mismatch
v03060,mịt,v03060.mp3,2997,tự,mismatch
v03061,mọ,v03061.mp3,4733,mọt,mismatch
v03062,mọc,v03062.mp3,1935,từmột,mismatch
v03063,mọi,v03063.mp3,378,từmởi,mismatch
v03064,mọn,v03064.mp3,4754,từmỏ,mismatch
v03065,mọng,v03065.mp3,3537,từmộng,mismatch
v03066,mọp,v03066.mp3,6865,tửmọc,mismatch
v03067,mọt,v03067.mp3,3822,từmột,mismatch
v03068,mỏ,v03068.mp3,1792,mỏ,ok
v03069,mỏi,v03069.mp3,1387,từmỗi,mismatch
v03070,mỏm,v03070.mp3,4193,mỏm,ok
v03071,mỏng,v03071.mp3,2007,từmóng,mismatch
v03072,mố,v03072.mp3,4030,một,mismatch
v03073,mốc,v03073.mp3,1696,mốt,mismatch
v03074,mối,v03074.mp3,808,tửmối,mismatch
v03075,mốn,v03075.mp3,6474,muốn,mismatch
v03076,mống,v03076.mp3,4249,mống,ok
v03077,mốt,v03077.mp3,2713,từmức,mismatch
v03078,mồ,v03078.mp3,1773,từmột,mismatch
v03079,mồi,v03079.mp3,2328,từmùi,mismatch
v03080,mồm,v03080.mp3,3178,một,mismatch
v03081,mồn,v03081.mp3,5164,từmôn,mismatch
v03082,mồng,v03082.mp3,3044,từmông,mismatch
v03083,mổ,v03083.mp3,1220,mổ,ok
v03084,mỗ,v03084.mp3,3616,từmỗ,mismatch
v03085,mỗi,v03085.mp3,315,từmối,mismatch
v03086,mộ,v03086.mp3,1145,mẫu,mismatch
v03087,mộc,v03087.mp3,1833,mộc,ok
v03088,mội,v03088.mp3,5177,từmỗi,mismatch
v03089,mộng,v03089.mp3,2004,từmộng,mismatch
v03090,một,v03090.mp3,12,một,ok
v03091,mớ,v03091.mp3,3081,từmới,mismatch
v03092,mới,v03092.mp3,104,mới,ok
v03093,mớm,v03093.mp3,4458,từmón,mismatch
v03094,mớn,v03094.mp3,5388,tựmến,mismatch
v03095,mớp,v03095.mp3,7117,từmốc,mismatch
v03096,mờ,v03096.mp3,1958,tựmơ,mismatch
v03097,mời,v03097.mp3,871,tửmời,mismatch
v03098,mở,v03098.mp3,490,mở,ok
v03099,mởi,v03099.mp3,6475,mỹ,mismatch
v03100,mởn,v03100.mp3,4642,từmẫn,mismatch
v03101,mỡ,v03101.mp3,1400,mở,tone_mismatch
v03102,mợ,v03102.mp3,4579,từmở,mismatch
v03103,mợi,v03103.mp3,6743,mời,tone_mismatch
v03104,mụ,v03104.mp3,4004,từngmù,mismatch
v03105,mục,v03105.mp3,529,mục,ok
v03106,mụi,v03106.mp3,6404,từmũi,mismatch
v03107,mụn,v03107.mp3,2146,từmụn,mismatch
v03108,mụt,v03108.mp3,6994,tửmục,mismatch
v03109,mủ,v03109.mp3,2793,mủ,ok
v03110,mủi,v03110.mp3,4703,từmũi,mismatch
v03111,mủm,v03111.mp3,6681,ngấm,mismatch
v03112,mủn,v03112.mp3,5191,từmủ,mismatch
v03113,mủng,v03113.mp3,5375,từmủng,mismatch
v03114,mứ,v03114.mp3,6864,từmướn,mismatch
v03115,mứa,v03115.mp3,5444,từmướn,mismatch
v03116,mức,v03116.mp3,310,từmức,mismatch
v03117,mứt,v03117.mp3,2751,tập,mismatch
v03118,mừ,v03118.mp3,5816,mơ,mismatch
v03119,mừng,v03119.mp3,1069,tựmừng,mismatch
v03120,mừu,v03120.mp3,6403,từmù,mismatch
v03121,mửa,v03121.mp3,3506,từmưa,mismatch
v03122,mự,v03122.mp3,6192,mữ,tone_mismatch
v03123,mực,v03123.mp3,1418,từmực,mismatch
v03124,mựng,v03124.mp3,6340,từmẫn,mismatch
v03125,mỳ,v03125.mp3,2616,từmì,mismatch
v03126,mỵ,v03126.mp3,3958,từmỹ,mismatch
v03127,mỷ,v03127.mp3,5176,mỹ,tone_mismatch
v03128,mỹ,v03128.mp3,268,từmỹ,mismatch
v03129,na,v03129.mp3,1985,nè,mismatch
v03130,nai,v03130.mp3,1285,nay,mismatch
v03131,nam,v03131.mp3,57,năm,mismatch
v03132,nan,v03132.mp3,2383,tửnang,mismatch
v03133,nang,v03133.mp3,2371,tửnang,mismatch
v03134,nanh,v03134.mp3,4353,từngân,mismatch
v03135,nao,v03135.mp3,3465,từbao,mismatch
v03136,nau,v03136.mp3,5264,lau,mismatch
v03137,nay,v03137.mp3,153,từnay,mismatch
v03138,ne,v03138.mp3,5263,nê,mismatch
v03139,nem,v03139.mp3,2750,tửnghiêm,mismatch
v03140,nen,v03140.mp3,6310,mình,mismatch
v03141,neo,v03141.mp3,2337,từnêu,mismatch
v03142,nga,v03142.mp3,793,từnha,mismatch
v03143,ngai,v03143.mp3,4096,ngay,mismatch
v03144,ngam,v03144.mp3,6162,nhăm,mismatch
v03145,ngan,v03145.mp3,3028,nhăn,mismatch
v03146,ngang,v03146.mp3,1183,nghen,mismatch
v03147,nganh,v03147.mp3,6680,nhanh,mismatch
v03148,ngao,v03148.mp3,2951,nhau,mismatch
v03149,ngau,v03149.mp3,6592,từnhau,mismatch
v03150,ngay,v03150.mp3,363,từngày,mismatch
v03151,nghe,v03151.mp3,620,từnhé,mismatch
v03152,nghen,v03152.mp3,5209,nghìn,mismatch
v03153,ngheo,v03153.mp3,5085,từnghêu,mismatch
v03154,nghi,v03154.mp3,700,nghi,ok
v03155,nghia,v03155.mp3,3303,từnghe,mismatch
v03156,nghin,v03156.mp3,6101,nhưng,mismatch
v03157,nghinh,v03157.mp3,4332,nguyên,mismatch
v03158,nghiêm,v03158.mp3,662,nghiêm,ok
v03159,nghiên,v03159.mp3,568,tửnghinh,mismatch
v03160,nghiêng,v03160.mp3,2203,tựnhiên,mismatch
v03161,nghiêu,v03161.mp3,5832,từngưu,mismatch
v03162,nghiến,v03162.mp3,3670,từnghiến,mismatch
v03163,nghiền,v03163.mp3,3027,nghiền,ok
v03164,nghiễm,v03164.mp3,4187,từnghiễm,mismatch
v03165,nghiễn,v03165.mp3,6102,nghiền,tone_mismatch
v03166,nghiệm,v03166.mp3,484,nghiệm,ok
v03167,nghiện,v03167.mp3,1585,nghiện,ok
v03168,nghiệp,v03168.mp3,129,từnghiệp,mismatch
v03169,nghiệt,v03169.mp3,2340,nhiệt,mismatch
v03170,nghè,v03170.mp3,3359,tựnghe,mismatch
v03171,nghèn,v03171.mp3,4548,từngàn,mismatch
v03172,nghèo,v03172.mp3,870,nghèo,ok
v03173,nghé,v03173.mp3,3038,nghé,ok
v03174,nghén,v03174.mp3,3478,nhãn,mismatch
v03175,nghéo,v03175.mp3,6513,nếu,mismatch
v03176,nghép,v03176.mp3,6679,từnghếp,mismatch
v03177,nghét,v03177.mp3,4550,nghét,ok
v03178,nghê,v03178.mp3,3683,nhê,mismatch
v03179,nghênh,v03179.mp3,2389,nghen,mismatch
v03180,nghêu,v03180.mp3,3507,từnghèo,mismatch
v03181,nghì,v03181.mp3,6863,tửghê,mismatch
v03182,nghìn,v03182.mp3,1104,ngân,mismatch
v03183,nghía,v03183.mp3,4392,từnghiếc,mismatch
v03184,nghín,v03184.mp3,6862,nghiên,mismatch
v03185,nghĩ,v03185.mp3,541,nghỉ,tone_mismatch
v03186,nghĩa,v03186.mp3,530,nghĩa,ok
v03187,nghĩnh,v03187.mp3,3481,từnghính,mismatch
v03188,nghẹ,v03188.mp3,6591,từnhé,mismatch
v03189,nghẹn,v03189.mp3,2305,từnhững,mismatch
v03190,nghẹt,v03190.mp3,2925,nhiệt,mismatch
v03191,nghẻ,v03191.mp3,6793,từnghẽ,mismatch
v03192,nghẽn,v03192.mp3,2587,nghiền,mismatch
v03193,nghẽo,v03193.mp3,5513,từnghẻo,mismatch
v03194,nghế,v03194.mp3,6740,tựnghĩ,mismatch
v03195,nghếch,v03195.mp3,4555,nhất,mismatch
v03196,nghề,v03196.mp3,672,nghề,ok
v03197,nghể,v03197.mp3,6992,nghể,ok
v03198,nghển,v03198.mp3,6920,nghiền,mismatch
v03199,nghễ,v03199.mp3,5601,nghể,tone_mismatch
v03200,nghệ,v03200.mp3,280,nhảy,mismatch
v03201,nghệch,v03201.mp3,4765,nghiệp,mismatch
v03202,nghệm,v03202.mp3,6739,nghẹm,mismatch
v03203,nghệp,v03203.mp3,5613,nghề,mismatch
v03204,nghỉ,v03204.mp3,690,nghĩ,tone_mismatch
v03205,nghỉm,v03205.mp3,5040,nghiệm,mismatch
v03206,nghỉu,v03206.mp3,6338,ngủ,mismatch
v03207,nghị,v03207.mp3,303,nghỉ,tone_mismatch
v03208,nghịch,v03208.mp3,2216,đó,mismatch
v03209,nghịt,v03209.mp3,4202,nhiệt,mismatch
v03210,nghịu,v03210.mp3,5003,tựngủ,mismatch
v03211,ngo,v03211.mp3,2401,từngo,mismatch
v03212,ngoa,v03212.mp3,4270,từngoa,mismatch
v03213,ngoai,v03213.mp3,3570,ngoài,tone_mismatch
v03214,ngoan,v03214.mp3,1822,hoan,mismatch
v03215,ngoe,v03215.mp3,4592,mới,mismatch
v03216,ngoi,v03216.mp3,3968,tựngoi,mismatch
v03217,ngon,v03217.mp3,1205,từngon,mismatch
v03218,ngong,v03218.mp3,6642,ngông,mismatch
v03219,ngoài,v03219.mp3,185,từngoài,mismatch
v03220,ngoác,v03220.mp3,6439,ngóa,mismatch
v03221,ngoái,v03221.mp3,1378,ngoải,tone_mismatch
v03222,ngoáy,v03222.mp3,4816,ngoái,mismatch
v03223,ngoã,v03223.mp3,5674,hoa,mismatch
v03224,ngoãn,v03224.mp3,3023,ngoảng,mismatch
v03225,ngoạ,v03225.mp3,4557,khônghóa,mismatch
v03226,ngoạc,v03226.mp3,4791,ngoạt,mismatch
v03227,ngoại,v03227.mp3,514,ngoại,ok
v03228,ngoạm,v03228.mp3,5374,khoảm,mismatch
v03229,ngoạn,v03229.mp3,2619,hoảng,mismatch
v03230,ngoạt,v03230.mp3,6337,ngọt,mismatch
v03231,ngoải,v03231.mp3,5223,ngoải,ok
v03232,ngoắt,v03232.mp3,5079,ngóa,mismatch
v03233,ngoằng,v03233.mp3,5084,hoằng,mismatch
v03234,ngu,v03234.mp3,3105,từngu,mismatch
v03235,ngum,v03235.mp3,6919,ngâm,mismatch
v03236,nguy,v03236.mp3,643,nguy,ok
v03237,nguyên,v03237.mp3,263,nguyên,ok
v03238,nguyến,v03238.mp3,5712,từnguyễn,mismatch
v03239,nguyền,v03239.mp3,3209,nguyên,tone_mismatch
v03240,nguyển,v03240.mp3,6676,từmiễn,mismatch
v03241,nguyễn,v03241.mp3,133,nguyễn,ok
v03242,nguyện,v03242.mp3,920,nguyện,ok
v03243,nguyệt,v03243.mp3,1783,tựnguyệt,mismatch
v03244,nguây,v03244.mp3,6737,nguôi,mismatch
v03245,nguôi,v03245.mp3,3221,từnúi,mismatch
v03246,nguýt,v03246.mp3,5301,quýt,mismatch
v03247,nguầy,v03247.mp3,6472,tựnguôi,mismatch
v03248,nguẩy,v03248.mp3,5471,nguẩy,ok
v03249,nguậy,v03249.mp3,5244,ngoậy,mismatch
v03250,nguốn,v03250.mp3,6470,từngủ,mismatch
v03251,nguồi,v03251.mp3,7111,ngôi,mismatch
v03252,nguồn,v03252.mp3,473,từnguồn,mismatch
v03253,nguội,v03253.mp3,2618,từnguội,mismatch
v03254,nguỵ,v03254.mp3,2826,ngụy,tone_mismatch
v03255,ngà,v03255.mp3,2346,từnga,mismatch
v03256,ngài,v03256.mp3,2393,ngày,mismatch
v03257,ngàm,v03257.mp3,6594,từngàm,mismatch
v03258,ngàn,v03258.mp3,1124,từngang,mismatch
v03259,ngàng,v03259.mp3,2584,từnhàm,mismatch
v03260,ngành,v03260.mp3,355,nhanh,mismatch
v03261,ngào,v03261.mp3,1856,tưởngnào,mismatch
v03262,ngàu,v03262.mp3,6993,ngâu,mismatch
v03263,ngày,v03263.mp3,44,nghề,mismatch
v03264,ngác,v03264.mp3,3603,nếp,mismatch
v03265,ngách,v03265.mp3,3008,nất,mismatch
v03266,ngái,v03266.mp3,4740,ngáy,mismatch
v03267,ngán,v03267.mp3,2718,nhắn,mismatch
v03268,ngáng,v03268.mp3,5239,nhấn,mismatch
v03269,ngáo,v03269.mp3,3077,từngáo,mismatch
v03270,ngáp,v03270.mp3,4358,từnháp,mismatch
v03271,ngát,v03271.mp3,3809,nhắc,mismatch
v03272,ngáy,v03272.mp3,3543,nấy,mismatch
v03273,ngâm,v03273.mp3,1841,năm,mismatch
v03274,ngân,v03274.mp3,351,ngưng,mismatch
v03275,ngâu,v03275.mp3,4761,ngao,mismatch
v03276,ngây,v03276.mp3,2489,tửnghe,mismatch
v03277,ngã,v03277.mp3,1074,ngã,ok
v03278,ngãi,v03278.mp3,1591,ngẫy,mismatch
v03279,ngãng,v03279.mp3,6593,nhãn,mismatch
v03280,ngò,v03280.mp3,3955,do,mismatch
v03281,ngòi,v03281.mp3,3210,ngồi,mismatch
v03282,ngòm,v03282.mp3,4384,ngon,mismatch
v03283,ngòn,v03283.mp3,5761,ngầm,mismatch
v03284,ngó,v03284.mp3,2917,ngó,ok
v03285,ngóc,v03285.mp3,3830,từngốc,mismatch
v03286,ngói,v03286.mp3,3064,ngói,ok
v03287,ngón,v03287.mp3,1938,hướng,mismatch
v03288,ngóng,v03288.mp3,2748,ngóng,ok
v03289,ngóp,v03289.mp3,5950,từngất,mismatch
v03290,ngót,v03290.mp3,3236,ngất,mismatch
v03291,ngô,v03291.mp3,1108,mô,mismatch
v03292,ngôi,v03292.mp3,772,ngôi,ok
v03293,ngôn,v03293.mp3,1222,ngông,mismatch
v03294,ngông,v03294.mp3,3687,từngông,mismatch
v03295,ngõ,v03295.mp3,1614,từngõ,mismatch
v03296,ngùi,v03296.mp3,2768,ngồi,mismatch
v03297,ngùn,v03297.mp3,3999,ngúng,mismatch
v03298,ngùng,v03298.mp3,3079,từngùng,mismatch
v03299,ngúm,v03299.mp3,6249,ngấm,mismatch
v03300,ngúng,v03300.mp3,6360,ngúng,ok
v03301,ngút,v03301.mp3,3104,ngúc,mismatch
v03302,ngăm,v03302.mp3,4455,cửngâm,mismatch
v03303,ngăn,v03303.mp3,1004,nhanh,mismatch
v03304,ngũ,v03304.mp3,1167,ngủ,tone_mismatch
v03305,ngơ,v03305.mp3,2810,nhớ,mismatch
v03306,ngơi,v03306.mp3,1898,từngơi,mismatch
v03307,ngư,v03307.mp3,1188,ngư,ok
v03308,ngưng,v03308.mp3,2104,từngưng,mismatch
v03309,ngưu,v03309.mp3,3405,ngưu,ok
v03310,ngươi,v03310.mp3,4280,ngươi,ok
v03311,ngươn,v03311.mp3,5606,từngân,mismatch
v03312,ngước,v03312.mp3,4024,ngực,mismatch
v03313,ngưới,v03313.mp3,6471,ngưới,ok
v03314,người,v03314.mp3,10,tưngý,mismatch
v03315,ngườm,v03315.mp3,5939,tửngưng,mismatch
v03316,ngưởi,v03316.mp3,5899,ngửi,mismatch
v03317,ngưởng,v03317.mp3,3690,ngưỡng,tone_mismatch
v03318,ngưỡng,v03318.mp3,1411,ngưỡng,ok
v03319,ngược,v03319.mp3,1114,từngược,mismatch
v03320,ngượi,v03320.mp3,6590,từngười,mismatch
v03321,ngượng,v03321.mp3,3348,từngưỡng,mismatch
v03322,ngạ,v03322.mp3,6921,nhàạ,mismatch
v03323,ngạc,v03323.mp3,1813,tửngạc,mismatch
v03324,ngạch,v03324.mp3,1875,nhặt,mismatch
v03325,ngại,v03325.mp3,1012,ngày,mismatch
v03326,ngạn,v03326.mp3,3162,nhắn,mismatch
v03327,ngạnh,v03327.mp3,5048,ngẫn,mismatch
v03328,ngạo,v03328.mp3,3748,nhậu,mismatch
v03329,ngạt,v03329.mp3,2424,từnhà,mismatch
v03330,ngả,v03330.mp3,2702,nhá,mismatch
v03331,ngải,v03331.mp3,3711,ngãi,tone_mismatch
v03332,ngảo,v03332.mp3,6361,ngảo,ok
v03333,ngấm,v03333.mp3,2746,ngấm,ok
v03334,ngấn,v03334.mp3,4035,dạ,mismatch
v03335,ngấp,v03335.mp3,4804,ngắt,mismatch
v03336,ngất,v03336.mp3,2080,từmất,mismatch
v03337,ngấu,v03337.mp3,5013,từngấu,mismatch
v03338,ngấy,v03338.mp3,4072,ngấy,ok
v03339,ngầm,v03339.mp3,1649,từngầm,mismatch
v03340,ngần,v03340.mp3,2289,từngừng,mismatch
v03341,ngầu,v03341.mp3,3984,ngầu,ok
v03342,ngầy,v03342.mp3,5900,nghề,mismatch
v03343,ngẩm,v03343.mp3,3644,từngấm,mismatch
v03344,ngẩn,v03344.mp3,3388,ngững,mismatch
v03345,ngẩng,v03345.mp3,4013,ngẫn,mismatch
v03346,ngẩy,v03346.mp3,6402,từnghỉ,mismatch
v03347,ngẫm,v03347.mp3,2861,ngẫm,ok
v03348,ngẫu,v03348.mp3,2499,ngẫu,ok
v03349,ngậm,v03349.mp3,2408,tựnhậm,mismatch
v03350,ngập,v03350.mp3,1119,ngập,ok
v03351,ngật,v03351.mp3,6741,từngực,mismatch
v03352,ngậy,v03352.mp3,3458,ngày,mismatch
v03353,ngắc,v03353.mp3,4838,ngắt,mismatch
v03354,ngắm,v03354.mp3,1800,ngấm,mismatch
v03355,ngắn,v03355.mp3,1040,từngắn,mismatch
v03356,ngắt,v03356.mp3,2816,nhé,mismatch
v03357,ngằn,v03357.mp3,5305,ngằng,mismatch
v03358,ngặt,v03358.mp3,2330,nhạc,mismatch
v03359,ngọ,v03359.mp3,2999,từngọ,mismatch
v03360,ngọc,v03360.mp3,502,ngọc,ok
v03361,ngọn,v03361.mp3,1645,tựngỏng,mismatch
v03362,ngọng,v03362.mp3,4380,ngổng,mismatch
v03363,ngọt,v03363.mp3,1197,tửngọt,mismatch
v03364,ngỏ,v03364.mp3,2501,từngõ,mismatch
v03365,ngố,v03365.mp3,4676,ngủ,mismatch
v03366,ngốc,v03366.mp3,3372,gốc,mismatch
v03367,ngốn,v03367.mp3,3869,ngốn,ok
v03368,ngốt,v03368.mp3,6548,ngốc,mismatch
v03369,ngồ,v03369.mp3,6549,từngô,mismatch
v03370,ngồi,v03370.mp3,780,ngồi,ok
v03371,ngồn,v03371.mp3,5125,tửngồm,mismatch
v03372,ngồng,v03372.mp3,5415,tửvong,mismatch
v03373,ngổ,v03373.mp3,4468,từngỗ,mismatch
v03374,ngổm,v03374.mp3,6678,ngõm,mismatch
v03375,ngổn,v03375.mp3,2974,ngổn,ok
v03376,ngỗ,v03376.mp3,4764,từngủ,mismatch
v03377,ngỗn,v03377.mp3,6738,ngủ,mismatch
v03378,ngỗng,v03378.mp3,3933,ngỗng,ok
v03379,ngộ,v03379.mp3,1588,từngộ,mismatch
v03380,ngộc,v03380.mp3,6146,ngọc,mismatch
v03381,ngộn,v03381.mp3,5364,từngộm,mismatch
v03382,ngộp,v03382.mp3,4732,ngập,mismatch
v03383,ngột,v03383.mp3,1912,ngục,mismatch
v03384,ngớ,v03384.mp3,3715,ngớ,ok
v03385,ngớn,v03385.mp3,6280,từngấn,mismatch
v03386,ngớt,v03386.mp3,3437,ngất,mismatch
v03387,ngờ,v03387.mp3,696,ngờ,ok
v03388,ngời,v03388.mp3,3015,người,mismatch
v03389,ngởi,v03389.mp3,6281,ngởi,ok
v03390,ngỡ,v03390.mp3,2190,từngỡ,mismatch
v03391,ngợ,v03391.mp3,5304,từngợi,mismatch
v03392,ngợi,v03392.mp3,1974,từngngười,mismatch
v03393,ngợm,v03393.mp3,3457,ngậm,mismatch
v03394,ngợp,v03394.mp3,3275,ngợp,ok
v03395,ngụ,v03395.mp3,1103,ngủ,tone_mismatch
v03396,ngụa,v03396.mp3,4815,từngũ,mismatch
v03397,ngục,v03397.mp3,3111,ngục,ok
v03398,ngụm,v03398.mp3,4170,ngấm,mismatch
v03399,ngụp,v03399.mp3,4531,từngực,mismatch
v03400,ngụt,v03400.mp3,4007,ngục,mismatch
v03401,ngủ,v03401.mp3,818,ngủ,ok
v03402,ngủi,v03402.mp3,3071,từngũi,mismatch
v03403,ngủn,v03403.mp3,5779,từngũng,mismatch
v03404,ngủng,v03404.mp3,7112,ngũng,tone_mismatch
v03405,ngứ,v03405.mp3,6063,ngứ,ok
v03406,ngứa,v03406.mp3,2503,ngứa,ok
v03407,ngừ,v03407.mp3,2852,từngực,mismatch
v03408,ngừa,v03408.mp3,1517,tựngờ,mismatch
v03409,ngừm,v03409.mp3,6792,nghiêm,mismatch
v03410,ngừng,v03410.mp3,1311,ngừng,ok
v03411,ngửa,v03411.mp3,2624,ngựa,tone_mismatch
v03412,ngửi,v03412.mp3,3242,ngửi,ok
v03413,ngữ,v03413.mp3,895,ngữ,ok
v03414,ngữa,v03414.mp3,6677,ngữ,mismatch
v03415,ngự,v03415.mp3,2758,ngữ,tone_mismatch
v03416,ngựa,v03416.mp3,2122,ngựa,ok
v03417,ngực,v03417.mp3,1512,ngực,ok
v03418,ngựu,v03418.mp3,7110,nghiều,mismatch
v03419,nha,v03419.mp3,1235,nha,ok
v03420,nhai,v03420.mp3,2688,tíaanh,mismatch
v03421,nham,v03421.mp3,3151,nhem,mismatch
v03422,nhan,v03422.mp3,1653,nhiền,mismatch
v03423,nhang,v03423.mp3,2727,nhang,ok
v03424,nhanh,v03424.mp3,567,nhanh,ok
v03425,nhao,v03425.mp3,4797,từnhau,mismatch
v03426,nhau,v03426.mp3,316,từnhau,mismatch
v03427,nhay,v03427.mp3,6438,nhây,mismatch
v03428,nhe,v03428.mp3,4625,nha,mismatch
v03429,nhem,v03429.mp3,4363,tựnhám,mismatch
v03430,nhen,v03430.mp3,3801,nhang,mismatch
v03431,nheo,v03431.mp3,3302,từnhau,mismatch
v03432,nhi,v03432.mp3,941,nhi,ok
v03433,nhia,v03433.mp3,5831,nhe,mismatch
v03434,nhim,v03434.mp3,5098,tựnhiên,mismatch
v03435,nhin,v03435.mp3,5572,từnhững,mismatch
v03436,nhinh,v03436.mp3,5815,nhân,mismatch
v03437,nhiu,v03437.mp3,6735,từnhu,mismatch
v03438,nhiêm,v03438.mp3,5163,nhiêm,ok
v03439,nhiên,v03439.mp3,227,nhưng,mismatch
v03440,nhiêu,v03440.mp3,1187,nhiều,tone_mismatch
v03441,nhiếc,v03441.mp3,4487,viết,mismatch
v03442,nhiếp,v03442.mp3,2006,nhíp,mismatch
v03443,nhiếu,v03443.mp3,5986,nhớ,mismatch
v03444,nhiềm,v03444.mp3,6512,niềm,mismatch
v03445,nhiền,v03445.mp3,5798,nhiên,tone_mismatch
v03446,nhiều,v03446.mp3,27,từnhiều,mismatch
v03447,nhiểm,v03447.mp3,6062,từnhiễm,mismatch
v03448,nhiển,v03448.mp3,6025,từnhiễn,mismatch
v03449,nhiểu,v03449.mp3,5421,nhiều,tone_mismatch
v03450,nhiễm,v03450.mp3,829,từnhiễm,mismatch
v03451,nhiễn,v03451.mp3,5600,nhịn,mismatch
v03452,nhiễu,v03452.mp3,2536,nhiều,tone_mismatch
v03453,nhiệm,v03453.mp3,293,từnhiệm,mismatch
v03454,nhiện,v03454.mp3,5451,những,mismatch
v03455,nhiệp,v03455.mp3,5537,nhịp,mismatch
v03456,nhiệt,v03456.mp3,771,nhạc,mismatch
v03457,nhiệu,v03457.mp3,5673,từnhiều,mismatch
v03458,nho,v03458.mp3,2000,từnhá,mismatch
v03459,nhoay,v03459.mp3,6190,nhầy,mismatch
v03460,nhoi,v03460.mp3,4238,nhôi,mismatch
v03461,nhom,v03461.mp3,4493,nhem,mismatch
v03462,nhon,v03462.mp3,5271,nhưng,mismatch
v03463,nhong,v03463.mp3,5599,từnhau,mismatch
v03464,nhoong,v03464.mp3,6791,nhong,mismatch
v03465,nhoà,v03465.mp3,3638,chỉ,mismatch
v03466,nhoài,v03466.mp3,4312,từngày,mismatch
v03467,nhoáng,v03467.mp3,3258,ngắn,mismatch
v03468,nhoáy,v03468.mp3,6099,lấy,mismatch
v03469,nhoè,v03469.mp3,4335,nghề,mismatch
v03470,nhoét,v03470.mp3,6098,từnhất,mismatch
v03471,nhoóng,v03471.mp3,7106,nhưng,mismatch
v03472,nhoạng,v03472.mp3,5760,từnhỏng,mismatch
v03473,nhoằng,v03473.mp3,7107,nhưng,mismatch
v03474,nhoẹt,v03474.mp3,5443,nhiệt,mismatch
v03475,nhu,v03475.mp3,789,nhu,ok
v03476,nhum,v03476.mp3,4492,nhiêm,mismatch
v03477,nhung,v03477.mp3,1564,nhu,mismatch
v03478,nhuy,v03478.mp3,6277,nghề,mismatch
v03479,nhuyễn,v03479.mp3,2732,từnhững,mismatch
v03480,nhuân,v03480.mp3,5536,nhúng,mismatch
v03481,nhuần,v03481.mp3,3183,nhuần,ok
v03482,nhuận,v03482.mp3,1131,nhổm,mismatch
v03483,nhuật,v03483.mp3,6469,nhật,mismatch
v03484,nhuế,v03484.mp3,4065,nhuế,ok
v03485,nhuệ,v03485.mp3,3347,nhuệ,ok
v03486,nhuốc,v03486.mp3,5083,dước,mismatch
v03487,nhuốm,v03487.mp3,4311,từnhún,mismatch
v03488,nhuộm,v03488.mp3,2493,những,mismatch
v03489,nhuỵ,v03489.mp3,4480,nghị,mismatch
v03490,nhà,v03490.mp3,31,tửnhà,mismatch
v03491,nhài,v03491.mp3,4364,nhầy,mismatch
v03492,nhàm,v03492.mp3,2870,nhem,mismatch
v03493,nhàn,v03493.mp3,2167,nhang,mismatch
v03494,nhàng,v03494.mp3,1637,từnhan,mismatch
v03495,nhành,v03495.mp3,4686,nhành,ok
v03496,nhào,v03496.mp3,2757,nhau,mismatch
v03497,nhàu,v03497.mp3,4186,nhau,tone_mismatch
v03498,nhày,v03498.mp3,5346,từnhây,mismatch
v03499,nhá,v03499.mp3,3764,dạ,mismatch
v03500,nhác,v03500.mp3,3334,nhắc,mismatch
v03501,nhách,v03501.mp3,5582,nhất,mismatch
v03502,nhái,v03502.mp3,2589,nhảy,mismatch
v03503,nhám,v03503.mp3,4287,nhấm,mismatch
v03504,nháng,v03504.mp3,5923,từnhắn,mismatch
v03505,nhánh,v03505.mp3,1327,nhấn,mismatch
v03506,nháo,v03506.mp3,3352,nháo,ok
v03507,nháp,v03507.mp3,3793,nhất,mismatch
v03508,nhát,v03508.mp3,1937,nhé,mismatch
v03509,nháy,v03509.mp3,3516,nháy,ok
v03510,nhâm,v03510.mp3,3118,nhâm,ok
v03511,nhân,v03511.mp3,52,nhân,ok
v03512,nhây,v03512.mp3,6222,nhi,mismatch
v03513,nhã,v03513.mp3,1877,nhả,tone_mismatch
v03514,nhãi,v03514.mp3,6145,nhảy,mismatch
v03515,nhãn,v03515.mp3,1415,từnhững,mismatch
v03516,nhãng,v03516.mp3,4292,nhãn,mismatch
v03517,nhão,v03517.mp3,3611,nhão,ok
v03518,nhè,v03518.mp3,4424,tựnhé,mismatch
v03519,nhèm,v03519.mp3,4696,từnhiệm,mismatch
v03520,nhèo,v03520.mp3,5500,nhiều,mismatch
v03521,nhé,v03521.mp3,1770,nhé,ok
v03522,nhéo,v03522.mp3,5409,nháo,mismatch
v03523,nhép,v03523.mp3,4652,nhiếp,mismatch
v03524,nhét,v03524.mp3,2785,nhếch,mismatch
v03525,nhê,v03525.mp3,6336,nhe,mismatch
v03526,nhì,v03526.mp3,1939,từnhi,mismatch
v03527,nhìa,v03527.mp3,6736,tửnhiệt,mismatch
v03528,nhìn,v03528.mp3,564,nhìn,ok
v03529,nhìu,v03529.mp3,6547,từnhiều,mismatch
v03530,nhí,v03530.mp3,1957,nhí,ok
v03531,nhích,v03531.mp3,2957,nhứt,mismatch
v03532,nhím,v03532.mp3,3898,nghiến,mismatch
v03533,nhín,v03533.mp3,5526,nhấn,mismatch
v03534,nhíp,v03534.mp3,4979,nhiếp,mismatch
v03535,nhít,v03535.mp3,5149,nhứt,mismatch
v03536,nhíu,v03536.mp3,5227,nhíu,ok
v03537,nhò,v03537.mp3,6123,nhờ,mismatch
v03538,nhòm,v03538.mp3,4133,nhôm,mismatch
v03539,nhó,v03539.mp3,4442,từnhớ,mismatch
v03540,nhóc,v03540.mp3,2971,nhấp,mismatch
v03541,nhói,v03541.mp3,3641,nhói,ok
v03542,nhóm,v03542.mp3,476,nhấm,mismatch
v03543,nhón,v03543.mp3,5109,từnhóm,mismatch
v03544,nhóng,v03544.mp3,6990,nhốn,mismatch
v03545,nhóp,v03545.mp3,6545,nhóc,mismatch
v03546,nhót,v03546.mp3,4100,nhớ,mismatch
v03547,nhô,v03547.mp3,3490,nhiều,mismatch
v03548,nhôm,v03548.mp3,3034,nhầm,mismatch
v03549,nhôn,v03549.mp3,6511,nhung,mismatch
v03550,nhông,v03550.mp3,4664,nhông,ok
v03551,nhõm,v03551.mp3,3395,nhấm,mismatch
v03552,nhõn,v03552.mp3,6859,nhẫn,mismatch
v03553,nhõng,v03553.mp3,4874,nhỏng,tone_mismatch
v03554,nhù,v03554.mp3,6674,nhô,mismatch
v03555,nhùi,v03555.mp3,6544,nhùi,ok
v03556,nhùn,v03556.mp3,4988,từnhùng,mismatch
v03557,nhùng,v03557.mp3,4869,từnhùng,mismatch
v03558,nhú,v03558.mp3,4505,từnhúc,mismatch
v03559,nhúa,v03559.mp3,6278,nhúa,ok
v03560,nhúc,v03560.mp3,3945,nhúc,ok
v03561,nhúm,v03561.mp3,4474,từnhúm,mismatch
v03562,nhún,v03562.mp3,3684,nhúng,mismatch
v03563,nhúng,v03563.mp3,3026,nhúng,ok
v03564,nhúp,v03564.mp3,6468,nhiếp,mismatch
v03565,nhút,v03565.mp3,3323,nhúc,mismatch
v03566,nhăm,v03566.mp3,4571,nhăm,ok
v03567,nhăn,v03567.mp3,2405,nhưng,mismatch
v03568,nhăng,v03568.mp3,3780,nhưng,mismatch
v03569,nhĩ,v03569.mp3,1980,nghĩ,mismatch
v03570,nhũ,v03570.mp3,3407,ơinhủ,mismatch
v03571,nhũn,v03571.mp3,4450,từnhủng,mismatch
v03572,nhũng,v03572.mp3,1256,từnhũn,mismatch
v03573,nhơ,v03573.mp3,4266,tựnhờ,mismatch
v03574,nhơn,v03574.mp3,1711,nhưng,mismatch
v03575,như,v03575.mp3,43,như,ok
v03576,nhưn,v03576.mp3,6400,nhưng,mismatch
v03577,nhưng,v03577.mp3,70,nhưng,ok
v03578,nhương,v03578.mp3,5300,tựnhiên,mismatch
v03579,nhướn,v03579.mp3,6335,những,mismatch
v03580,nhường,v03580.mp3,2238,nhưng,mismatch
v03581,nhưỡng,v03581.mp3,3220,những,mismatch
v03582,nhược,v03582.mp3,2433,nhược,ok
v03583,nhượng,v03583.mp3,1732,nhường,tone_mismatch
v03584,nhạ,v03584.mp3,2907,từnhà,mismatch
v03585,nhạc,v03585.mp3,499,tườngnhạc,mismatch
v03586,nhại,v03586.mp3,3840,nhảy,mismatch
v03587,nhạn,v03587.mp3,4095,nhàn,tone_mismatch
v03588,nhạnh,v03588.mp3,4731,nhận,mismatch
v03589,nhạo,v03589.mp3,4182,nhậu,mismatch
v03590,nhạp,v03590.mp3,7109,nhạc,mismatch
v03591,nhạt,v03591.mp3,2060,từnhật,mismatch
v03592,nhạy,v03592.mp3,1731,nhảy,tone_mismatch
v03593,nhả,v03593.mp3,3599,từnhã,mismatch
v03594,nhải,v03594.mp3,6191,từnhảy,mismatch
v03595,nhảm,v03595.mp3,3581,từnhảm,mismatch
v03596,nhản,v03596.mp3,4179,nhãn,tone_mismatch
v03597,nhảnh,v03597.mp3,3851,nhẫn,mismatch
v03598,nhảu,v03598.mp3,4845,nhẩu,mismatch
v03599,nhảy,v03599.mp3,1315,vậy,mismatch
v03600,nhấc,v03600.mp3,3427,nhất,mismatch
v03601,nhấm,v03601.mp3,3876,nhấm,ok
v03602,nhấn,v03602.mp3,973,nhấn,ok
v03603,nhấp,v03603.mp3,3378,nhấp,ok
v03604,nhất,v03604.mp3,92,từnhất,mismatch
v03605,nhầm,v03605.mp3,1665,tưnhầm,mismatch
v03606,nhầy,v03606.mp3,3443,nhầy,ok
v03607,nhẩm,v03607.mp3,3774,nhẫm,tone_mismatch
v03608,nhẩn,v03608.mp3,5039,nhẫn,tone_mismatch
v03609,nhẩu,v03609.mp3,6100,từnhẫu,mismatch
v03610,nhẩy,v03610.mp3,5477,nhảy,mismatch
v03611,nhẫm,v03611.mp3,5987,từnhẩm,mismatch
v03612,nhẫn,v03612.mp3,1733,những,mismatch
v03613,nhẫy,v03613.mp3,5778,nghỉ,mismatch
v03614,nhậm,v03614.mp3,3014,từnhầm,mismatch
v03615,nhận,v03615.mp3,90,nhẩm,mismatch
v03616,nhập,v03616.mp3,354,nhập,ok
v03617,nhật,v03617.mp3,558,từnhật,mismatch
v03618,nhậu,v03618.mp3,1655,nhậu,ok
v03619,nhậy,v03619.mp3,6248,nghỉ,mismatch
v03620,nhắc,v03620.mp3,960,nhắc,ok
v03621,nhắm,v03621.mp3,2234,nhấm,mismatch
v03622,nhắn,v03622.mp3,1314,nhấn,mismatch
v03623,nhắng,v03623.mp3,5373,nhấn,mismatch
v03624,nhắt,v03624.mp3,5061,nhắc,mismatch
v03625,nhằm,v03625.mp3,693,nhầm,mismatch
v03626,nhằn,v03626.mp3,3135,nhang,mismatch
v03627,nhằng,v03627.mp3,4149,nhăng,tone_mismatch
v03628,nhẳng,v03628.mp3,5922,từnhẫn,mismatch
v03629,nhẵn,v03629.mp3,4124,nhẫn,mismatch
v03630,nhặn,v03630.mp3,4321,từnhàng,mismatch
v03631,nhặng,v03631.mp3,4798,từnhẵn,mismatch
v03632,nhặt,v03632.mp3,1979,nhật,mismatch
v03633,nhẹ,v03633.mp3,918,từnhẹ,mismatch
v03634,nhẹm,v03634.mp3,4665,nhiềm,mismatch
v03635,nhẹn,v03635.mp3,3202,nhện,mismatch
v03636,nhẹp,v03636.mp3,5199,từnhiệt,mismatch
v03637,nhẹt,v03637.mp3,3463,từnhật,mismatch
v03638,nhẻm,v03638.mp3,4679,nhiễm,mismatch
v03639,nhẽ,v03639.mp3,3894,dạ,mismatch
v03640,nhẽo,v03640.mp3,3826,nhẽo,ok
v03641,nhếch,v03641.mp3,3598,nhất,mismatch
v03642,nhền,v03642.mp3,6641,tựnhiên,mismatch
v03643,nhều,v03643.mp3,5921,nhiều,mismatch
v03644,nhể,v03644.mp3,6991,nhế,tone_mismatch
v03645,nhễ,v03645.mp3,4628,nhể,tone_mismatch
v03646,nhệch,v03646.mp3,6675,từnhật,mismatch
v03647,nhện,v03647.mp3,3203,từnhện,mismatch
v03648,nhỉ,v03648.mp3,3037,từnhí,mismatch
v03649,nhỉnh,v03649.mp3,3803,nhỉnh,ok
v03650,nhị,v03650.mp3,2173,chị,mismatch
v03651,nhịa,v03651.mp3,7108,nghĩa,mismatch
v03652,nhịn,v03652.mp3,2385,nhìn,tone_mismatch
v03653,nhịp,v03653.mp3,1538,nhịp,ok
v03654,nhịt,v03654.mp3,6124,nhiệt,mismatch
v03655,nhịu,v03655.mp3,6359,từnhiễu,mismatch
v03656,nhọ,v03656.mp3,3467,nhỏ,tone_mismatch
v03657,nhọc,v03657.mp3,2586,nhộc,mismatch
v03658,nhọn,v03658.mp3,2276,nhiều,mismatch
v03659,nhọt,v03659.mp3,3970,nhỏ,mismatch
v03660,nhỏ,v03660.mp3,426,nhỏ,ok
v03661,nhỏm,v03661.mp3,5711,từnhóm,mismatch
v03662,nhố,v03662.mp3,4806,nhốt,mismatch
v03663,nhối,v03663.mp3,3324,nhối,ok
v03664,nhốm,v03664.mp3,6589,từnhóm,mismatch
v03665,nhốn,v03665.mp3,4269,nhống,mismatch
v03666,nhốt,v03666.mp3,2707,nhốc,mismatch
v03667,nhồi,v03667.mp3,2506,từnhồi,mismatch
v03668,nhồm,v03668.mp3,6639,nhườm,mismatch
v03669,nhồng,v03669.mp3,5898,nhông,tone_mismatch
v03670,nhổ,v03670.mp3,2765,nhấu,mismatch
v03671,nhổm,v03671.mp3,4945,nhổm,ok
v03672,nhổn,v03672.mp3,3800,nhũng,mismatch
v03673,nhội,v03673.mp3,6144,tưnhuận,mismatch
v03674,nhộn,v03674.mp3,2362,nhiều,mismatch
v03675,nhộng,v03675.mp3,4254,nhỏng,mismatch
v03676,nhộp,v03676.mp3,7105,từnhỏ,mismatch
v03677,nhột,v03677.mp3,5701,ngủ,mismatch
v03678,nhớ,v03678.mp3,802,từnhớ,mismatch
v03679,nhớp,v03679.mp3,4972,nhấp,mismatch
v03680,nhớt,v03680.mp3,3278,nhấc,mismatch
v03681,nhờ,v03681.mp3,760,nhiều,mismatch
v03682,nhời,v03682.mp3,4994,nhảy,mismatch
v03683,nhờn,v03683.mp3,3232,từnhững,mismatch
v03684,nhở,v03684.mp3,1780,nhỡ,tone_mismatch
v03685,nhởn,v03685.mp3,4773,từnhẫn,mismatch
v03686,nhỡ,v03686.mp3,3351,nhỡ,ok
v03687,nhợ,v03687.mp3,6401,nhờ,tone_mismatch
v03688,nhợi,v03688.mp3,6546,nhởi,tone_mismatch
v03689,nhợt,v03689.mp3,3680,nhiệt,mismatch
v03690,nhụa,v03690.mp3,5442,nhũ,mismatch
v03691,nhục,v03691.mp3,2149,nhục,ok
v03692,nhụi,v03692.mp3,6588,nhúi,tone_mismatch
v03693,nhụng,v03693.mp3,6989,từnhường,mismatch
v03694,nhụt,v03694.mp3,5066,nhục,mismatch
v03695,nhủ,v03695.mp3,2471,nhú,tone_mismatch
v03696,nhủi,v03696.mp3,5777,nhủi,ok
v03697,nhức,v03697.mp3,2233,từnhất,mismatch
v03698,nhứng,v03698.mp3,6638,những,tone_mismatch
v03699,nhứt,v03699.mp3,4046,nhiếc,mismatch
v03700,nhừ,v03700.mp3,3665,cựnhừ,mismatch
v03701,nhừng,v03701.mp3,6437,nhưng,tone_mismatch
v03702,nhử,v03702.mp3,4620,nhữ,tone_mismatch
v03703,nhữ,v03703.mp3,4452,nhỉ,mismatch
v03704,những,v03704.mp3,16,chỉnh,mismatch
v03705,nhự,v03705.mp3,6279,nhược,mismatch
v03706,nhựa,v03706.mp3,1642,nhựa,ok
v03707,nhựt,v03707.mp3,3176,nhật,mismatch
v03708,ni,v03708.mp3,2609,ni,ok
v03709,nia,v03709.mp3,4494,tửđi,mismatch
v03710,nim,v03710.mp3,5656,tựnghiêm,mismatch
v03711,nin,v03711.mp3,4121,ngân,mismatch
v03712,ninh,v03712.mp3,525,nghen,mismatch
v03713,niu,v03713.mp3,3403,miuniu,mismatch
v03714,niêm,v03714.mp3,1447,nim,mismatch
v03715,niên,v03715.mp3,654,nhiều,mismatch
v03716,niêng,v03716.mp3,6435,từninh,mismatch
v03717,niêu,v03717.mp3,4344,nhiều,mismatch
v03718,niết,v03718.mp3,5420,mr,mismatch
v03719,niềm,v03719.mp3,937,niềm,ok
v03720,niền,v03720.mp3,5966,từnền,mismatch
v03721,niềng,v03721.mp3,4201,tửđình,mismatch
v03722,niễn,v03722.mp3,5938,từmiễn,mismatch
v03723,niệm,v03723.mp3,900,từnhiễm,mismatch
v03724,niện,v03724.mp3,6988,từnghiện,mismatch
v03725,niệp,v03725.mp3,6543,nhịp,mismatch
v03726,niệu,v03726.mp3,2717,từmịu,mismatch
v03727,no,v03727.mp3,2002,tựno,mismatch
v03728,noa,v03728.mp3,6012,đâuai,mismatch
v03729,noan,v03729.mp3,6734,từnoang,mismatch
v03730,noe,v03730.mp3,5792,nó,mismatch
v03731,noi,v03731.mp3,2871,từnoi,mismatch
v03732,nom,v03732.mp3,3229,năm,mismatch
v03733,non,v03733.mp3,1280,tửnon,mismatch
v03734,nong,v03734.mp3,3331,nào,mismatch
v03735,noong,v03735.mp3,5672,từnông,mismatch
v03736,noãn,v03736.mp3,4438,từmãng,mismatch
v03737,noé,v03737.mp3,5571,từmé,mismatch
v03738,noọc,v03738.mp3,6790,từhọc,mismatch
v03739,noọng,v03739.mp3,6985,từmộng,mismatch
v03740,nu,v03740.mp3,4063,noo,mismatch
v03741,nua,v03741.mp3,4057,nu,mismatch
v03742,nui,v03742.mp3,4928,tửnuôi,mismatch
v03743,num,v03743.mp3,6789,từnăm,mismatch
v03744,nun,v03744.mp3,6585,từnùng,mismatch
v03745,nung,v03745.mp3,3063,từnung,mismatch
v03746,nuy,v03746.mp3,5896,mây,mismatch
v03747,nuôi,v03747.mp3,648,từnúi,mismatch
v03748,nuôn,v03748.mp3,6982,từlũ,mismatch
v03749,nuông,v03749.mp3,4062,nóithếnósẽlàmmịnmàngxoáyxoáyxoáyxoáymịnmàngxoáymịnmàng,mismatch
v03750,nuốc,v03750.mp3,6160,từnước,mismatch
v03751,nuối,v03751.mp3,2464,từnúi,mismatch
v03752,nuốt,v03752.mp3,2457,từnước,mismatch
v03753,nuột,v03753.mp3,4295,tựnộp,mismatch
v03754,ny,v03754.mp3,3615,mèo,mismatch
v03755,nà,v03755.mp3,2887,từnạc,mismatch
v03756,nài,v03756.mp3,3604,ngày,mismatch
v03757,nàn,v03757.mp3,2345,từngàn,mismatch
v03758,nàng,v03758.mp3,1414,từnàng,mismatch
v03759,nành,v03759.mp3,2341,từngàn,mismatch
v03760,nào,v03760.mp3,212,từnào,mismatch
v03761,nàu,v03761.mp3,7114,nào,mismatch
v03762,này,v03762.mp3,20,từnày,mismatch
v03763,ná,v03763.mp3,3369,ná,ok
v03764,nác,v03764.mp3,5967,nè,mismatch
v03765,nách,v03765.mp3,3134,lắc,mismatch
v03766,nái,v03766.mp3,3773,từnãy,mismatch
v03767,nám,v03767.mp3,2577,nám,ok
v03768,nán,v03768.mp3,3989,từnắng,mismatch
v03769,náng,v03769.mp3,5951,từnắng,mismatch
v03770,náo,v03770.mp3,2456,nó,mismatch
v03771,nát,v03771.mp3,1812,từnát,mismatch
v03772,náu,v03772.mp3,3742,từnấu,mismatch
v03773,náy,v03773.mp3,3978,tửnấy,mismatch
v03774,nâm,v03774.mp3,5056,từnăm,mismatch
v03775,nân,v03775.mp3,6473,ngừng,mismatch
v03776,nâng,v03776.mp3,704,nâng,ok
v03777,nâu,v03777.mp3,2364,nâu,ok
v03778,nã,v03778.mp3,2009,từlá,mismatch
v03779,nãi,v03779.mp3,6103,từnãy,mismatch
v03780,não,v03780.mp3,1185,từnão,mismatch
v03781,nãy,v03781.mp3,4036,từnãy,mismatch
v03782,nè,v03782.mp3,4341,tựnền,mismatch
v03783,nèn,v03783.mp3,6440,tưđền,mismatch
v03784,nèo,v03784.mp3,5118,từnêu,mismatch
v03785,né,v03785.mp3,2313,nế,mismatch
v03786,ném,v03786.mp3,1740,nếm,mismatch
v03787,nén,v03787.mp3,1691,từnén,mismatch
v03788,néo,v03788.mp3,5501,nếu,mismatch
v03789,nép,v03789.mp3,3860,từmét,mismatch
v03790,nét,v03790.mp3,1331,nết,mismatch
v03791,nê,v03791.mp3,4255,nghe,mismatch
v03792,nêm,v03792.mp3,2517,nèm,mismatch
v03793,nên,v03793.mp3,89,nên,ok
v03794,nênh,v03794.mp3,7113,tựnên,mismatch
v03795,nêu,v03795.mp3,921,nếu,tone_mismatch
v03796,nì,v03796.mp3,5897,từnay,mismatch
v03797,nình,v03797.mp3,6097,nền,mismatch
v03798,ní,v03798.mp3,6436,nếp,mismatch
v03799,ních,v03799.mp3,5002,nhất,mismatch
v03800,nín,v03800.mp3,3361,từninh,mismatch
v03801,nính,v03801.mp3,6587,từninh,mismatch
v03802,níp,v03802.mp3,6542,n,mismatch
v03803,nít,v03803.mp3,3882,nhất,mismatch
v03804,níu,v03804.mp3,2797,nếu,mismatch
v03805,nò,v03805.mp3,6858,từnọ,mismatch
v03806,nòi,v03806.mp3,3845,nòi,ok
v03807,nòng,v03807.mp3,2933,từnòng,mismatch
v03808,nó,v03808.mp3,563,từnó,mismatch
v03809,nóc,v03809.mp3,2596,từnóc,mismatch
v03810,nói,v03810.mp3,123,nói,ok
v03811,nón,v03811.mp3,2652,nóng,mismatch
v03812,nóng,v03812.mp3,794,nóng,ok
v03813,nóp,v03813.mp3,6586,từnát,mismatch
v03814,nót,v03814.mp3,5020,nó,mismatch
v03815,nô,v03815.mp3,2402,từnoo,mismatch
v03816,nôi,v03816.mp3,3247,nôi,ok
v03817,nôm,v03817.mp3,3448,tửnom,mismatch
v03818,nôn,v03818.mp3,1972,ngồng,mismatch
v03819,nông,v03819.mp3,523,từnông,mismatch
v03820,nõ,v03820.mp3,6399,từnó,mismatch
v03821,nõn,v03821.mp3,4675,từnõn,mismatch
v03822,nùa,v03822.mp3,6539,từnguồn,mismatch
v03823,nùi,v03823.mp3,6984,tửnổi,mismatch
v03824,nùng,v03824.mp3,4189,nùng,ok
v03825,nú,v03825.mp3,6221,nhú,mismatch
v03826,núa,v03826.mp3,6918,nhú,mismatch
v03827,núc,v03827.mp3,3929,nước,mismatch
v03828,núi,v03828.mp3,1027,núi,ok
v03829,núm,v03829.mp3,3783,nấm,mismatch
v03830,núng,v03830.mp3,5019,từnóng,mismatch
v03831,núp,v03831.mp3,3317,nấc,mismatch
v03832,nút,v03832.mp3,1838,núc,mismatch
v03833,năm,v03833.mp3,26,năm,ok
v03834,năn,v03834.mp3,2778,tựnăng,mismatch
v03835,năng,v03835.mp3,167,tựnăng,mismatch
v03836,nĩa,v03836.mp3,5357,từnỉa,mismatch
v03837,nũng,v03837.mp3,4444,núng,tone_mismatch
v03838,nơ,v03838.mp3,3436,từnhờ,mismatch
v03839,nơi,v03839.mp3,364,từnơi,mismatch
v03840,nơm,v03840.mp3,3821,tựnhấm,mismatch
v03841,nơn,v03841.mp3,5985,tựnâng,mismatch
v03842,nư,v03842.mp3,6540,từnước,mismatch
v03843,nưa,v03843.mp3,4436,từnưa,mismatch
v03844,nưng,v03844.mp3,6334,nâng,mismatch
v03845,nương,v03845.mp3,2182,từnương,mismatch
v03846,nước,v03846.mp3,47,từnước,mismatch
v03847,nướng,v03847.mp3,1704,từnướng,mismatch
v03848,nướu,v03848.mp3,4089,nhu,mismatch
v03849,nười,v03849.mp3,6433,từnơi,mismatch
v03850,nườm,v03850.mp3,4200,nơm,mismatch
v03851,nường,v03851.mp3,6467,tượngnương,mismatch
v03852,nượp,v03852.mp3,4209,nước,mismatch
v03853,nạ,v03853.mp3,2629,tửnà,mismatch
v03854,nạc,v03854.mp3,2724,từnạc,mismatch
v03855,nại,v03855.mp3,1631,cựnãy,mismatch
v03856,nạm,v03856.mp3,4588,từnạm,mismatch
v03857,nạn,v03857.mp3,357,tửnáng,mismatch
v03858,nạng,v03858.mp3,4572,nặng,mismatch
v03859,nạnh,v03859.mp3,5049,lần,mismatch
v03860,nạo,v03860.mp3,2639,tươnglai,mismatch
v03861,nạp,v03861.mp3,2246,từnạp,mismatch
v03862,nạt,v03862.mp3,2954,mạc,mismatch
v03863,nạy,v03863.mp3,5422,từngngày,mismatch
v03864,nả,v03864.mp3,5780,từđã,mismatch
v03865,nải,v03865.mp3,3652,từnãy,mismatch
v03866,nản,v03866.mp3,2361,từnắng,mismatch
v03867,nảo,v03867.mp3,6550,não,tone_mismatch
v03868,nảy,v03868.mp3,1743,nẫy,mismatch
v03869,nấc,v03869.mp3,3096,nứt,mismatch
v03870,nấm,v03870.mp3,1840,nấm,ok
v03871,nấn,v03871.mp3,5265,từnấng,mismatch
v03872,nấng,v03872.mp3,3772,nấng,ok
v03873,nấp,v03873.mp3,3585,nấc,mismatch
v03874,nấu,v03874.mp3,1231,nấu,ok
v03875,nấy,v03875.mp3,2422,nấy,ok
v03876,nầm,v03876.mp3,4283,năm,mismatch
v03877,nần,v03877.mp3,2599,nâng,mismatch
v03878,nầy,v03878.mp3,5028,tửnày,mismatch
v03879,nẩu,v03879.mp3,6223,từnấu,mismatch
v03880,nẩy,v03880.mp3,4922,này,mismatch
v03881,nẫm,v03881.mp3,5614,nẫm,ok
v03882,nẫn,v03882.mp3,7116,tựnẫn,mismatch
v03883,nẫng,v03883.mp3,5583,từnấng,mismatch
v03884,nẫu,v03884.mp3,5234,từnấu,mismatch
v03885,nậm,v03885.mp3,3009,nẩm,tone_mismatch
v03886,nập,v03886.mp3,2841,từnọc,mismatch
v03887,nật,v03887.mp3,6595,tựlập,mismatch
v03888,nậu,v03888.mp3,3451,nấu,tone_mismatch
v03889,nậy,v03889.mp3,6339,này,mismatch
v03890,nắc,v03890.mp3,5634,nhắc,mismatch
v03891,nắm,v03891.mp3,1057,nấm,mismatch
v03892,nắn,v03892.mp3,3204,nắng,mismatch
v03893,nắng,v03893.mp3,1050,cửnắng,mismatch
v03894,nắp,v03894.mp3,2368,từnếp,mismatch
v03895,nằm,v03895.mp3,603,từnăm,mismatch
v03896,nằn,v03896.mp3,6282,nàng,mismatch
v03897,nằng,v03897.mp3,4288,nào,mismatch
v03898,nẳng,v03898.mp3,7115,từnắng,mismatch
v03899,nẵng,v03899.mp3,825,nắng,tone_mismatch
v03900,nặc,v03900.mp3,2867,nặc,ok
v03901,nặm,v03901.mp3,5175,từnăm,mismatch
v03902,nặn,v03902.mp3,3307,tửnặng,mismatch
v03903,nặng,v03903.mp3,639,nặng,ok
v03904,nẹp,v03904.mp3,3985,nẹp,ok
v03905,nẹt,v03905.mp3,4387,tửnghệ,mismatch
v03906,nẻ,v03906.mp3,3818,cửnã,mismatch
v03907,nẻo,v03907.mp3,3433,nẻo,ok
v03908,nếm,v03908.mp3,2747,nếm,ok
v03909,nến,v03909.mp3,2873,nến,ok
v03910,nếnh,v03910.mp3,4188,từnến,mismatch
v03911,nếp,v03911.mp3,1991,nét,mismatch
v03912,nết,v03912.mp3,3724,nếp,mismatch
v03913,nếu,v03913.mp3,221,từnếu,mismatch
v03914,nề,v03914.mp3,1648,tưnề,mismatch
v03915,nền,v03915.mp3,791,nên,tone_mismatch
v03916,nềnh,v03916.mp3,6742,nên,mismatch
v03917,nể,v03917.mp3,2552,từnến,mismatch
v03918,nệ,v03918.mp3,4502,từnệm,mismatch
v03919,nệm,v03919.mp3,3472,từnền,mismatch
v03920,nện,v03920.mp3,5067,cửnền,mismatch
v03921,nỉ,v03921.mp3,2972,từmỹ,mismatch
v03922,nị,v03922.mp3,6189,từnị,mismatch
v03923,nịch,v03923.mp3,4441,mệt,mismatch
v03924,nịnh,v03924.mp3,3825,từniềm,mismatch
v03925,nịt,v03925.mp3,4782,từnệt,mismatch
v03926,nịu,v03926.mp3,4602,nhiều,mismatch
v03927,nọ,v03927.mp3,2416,nó,tone_mismatch
v03928,nọc,v03928.mp3,3756,từnhọc,mismatch
v03929,nọi,v03929.mp3,5743,nói,tone_mismatch
v03930,nọng,v03930.mp3,5117,lỏng,mismatch
v03931,nọt,v03931.mp3,5437,từnọc,mismatch
v03932,nỏ,v03932.mp3,4672,từnó,mismatch
v03933,nỏng,v03933.mp3,6986,nóng,tone_mismatch
v03934,nốc,v03934.mp3,5335,từnấc,mismatch
v03935,nối,v03935.mp3,964,từnúi,mismatch
v03936,nống,v03936.mp3,6434,nóng,mismatch
v03937,nốp,v03937.mp3,6541,nấc,mismatch
v03938,nốt,v03938.mp3,2128,nốc,mismatch
v03939,nồi,v03939.mp3,1964,từnội,mismatch
v03940,nồm,v03940.mp3,4361,tửnợm,mismatch
v03941,nồng,v03941.mp3,1656,từlòng,mismatch
v03942,nổ,v03942.mp3,1078,từnó,mismatch
v03943,nổi,v03943.mp3,546,từnổi,mismatch
v03944,nỗ,v03944.mp3,1121,nấu,mismatch
v03945,nỗi,v03945.mp3,1107,từnổi,mismatch
v03946,nộ,v03946.mp3,2823,từnội,mismatch
v03947,nội,v03947.mp3,130,nội,ok
v03948,nộm,v03948.mp3,3807,từngộng,mismatch
v03949,nộn,v03949.mp3,5557,nổng,mismatch
v03950,nộp,v03950.mp3,961,nợ,mismatch
v03951,nột,v03951.mp3,6637,họcthửtháchtruyềnthôngtrêncáctàungầmgiatănggiaiđoạntríchgiatănggiaiđoạntăngtrưởnggiaiđoạntăngtrưởnggiaiđoạntăngtrưởnggiaiđoạntăngtrưởnggiaiđoạntăngtrưởnggiaiđoạntăngtrưởnggiaiđoạntăngtrưởnggiaiđoạntăngtrưởnggiaiđoạntăngtrưởnggiaiđoạntăngtrưởnggiaiđoạntăngtăngtrưởnggiaiđoạntăngtăngtăngtăngtăngtăngtăngtăngtăngtăngtăngtăngtăngtăngtăngtăngtăngtăngtăngtăngtăngtăngtăngtăngtăngtăngtăngtăngtăngtăngtăngtăngtăngtăngtăngtăngtăngtăngtăngtăngtăngtăngtratratratratratratratratratratratratratratratratratratratratratratratratratratratratratratratratratratratratratratratratratratratratratratratratratratratratratratratratratratratratratratratratratratratratratratratra,mismatch
v03952,nớ,v03952.mp3,5633,từnớ,mismatch
v03953,nới,v03953.mp3,2376,từnới,mismatch
v03954,nớp,v03954.mp3,3934,từnước,mismatch
v03955,nớt,v03955.mp3,3733,nấc,mismatch
v03956,nờ,v03956.mp3,6987,nơ,tone_mismatch
v03957,nở,v03957.mp3,1590,từnở,mismatch
v03958,nởi,v03958.mp3,6161,nới,tone_mismatch
v03959,nỡ,v03959.mp3,3408,nở,tone_mismatch
v03960,nợ,v03960.mp3,723,nợ,ok
v03961,nụ,v03961.mp3,1672,ngấu,mismatch
v03962,nục,v03962.mp3,4029,từlục,mismatch
v03963,nủ,v03963.mp3,6081,nấu,mismatch
v03964,nủa,v03964.mp3,6510,nũa,tone_mismatch
v03965,nứa,v03965.mp3,3893,từnước,mismatch
v03966,nức,v03966.mp3,2444,nước,mismatch
v03967,nứt,v03967.mp3,2125,nấc,mismatch
v03968,nừng,v03968.mp3,6983,ngữ,mismatch
v03969,nửa,v03969.mp3,1067,từnữ,mismatch
v03970,nữ,v03970.mp3,320,từnữ,mismatch
v03971,nữa,v03971.mp3,492,từnữa,mismatch
v03972,nững,v03972.mp3,6733,từnứng,mismatch
v03973,nự,v03973.mp3,6188,từnữ,mismatch
v03974,nực,v03974.mp3,3593,tựlực,mismatch
v03975,nựng,v03975.mp3,4339,từnấng,mismatch
v03976,o,v03976.mp3,1851,ô,mismatch
v03977,oa,v03977.mp3,5372,oa,ok
v03978,oai,v03978.mp3,2537,coi,mismatch
v03979,oan,v03979.mp3,1479,tửoanh,mismatch
v03980,oang,v03980.mp3,4685,oan,mismatch
v03981,oanh,v03981.mp3,1797,vân,mismatch
v03982,oe,v03982.mp3,5758,khoe,mismatch
v03983,oi,v03983.mp3,3241,ơi,mismatch
v03984,om,v03984.mp3,3510,âm,mismatch
v03985,on,v03985.mp3,2740,ư,mismatch
v03986,ong,v03986.mp3,2010,ông,mismatch
v03987,oong,v03987.mp3,6276,ông,mismatch
v03988,oà,v03988.mp3,2926,hoa,mismatch
v03989,oách,v03989.mp3,5174,quất,mismatch
v03990,oái,v03990.mp3,4084,oái,ok
v03991,oán,v03991.mp3,3113,oán,ok
v03992,oánh,v03992.mp3,4583,quấn,mismatch
v03993,oát,v03993.mp3,5895,quát,mismatch
v03994,oét,v03994.mp3,6432,quếch,mismatch
v03995,oải,v03995.mp3,3643,oái,tone_mismatch
v03996,oản,v03996.mp3,6143,oán,tone_mismatch
v03997,pa,v03997.mp3,2184,ba,mismatch
v03998,pai,v03998.mp3,5632,tai,mismatch
v03999,pam,v03999.mp3,5720,bam,mismatch
v04000,pan,v04000.mp3,3637,tánh,mismatch
v04001,pang,v04001.mp3,5299,tăng,mismatch
v04002,panh,v04002.mp3,4960,tân,mismatch
v04003,pao,v04003.mp3,4322,tao,mismatch
v04004,pau,v04004.mp3,6583,tao,mismatch
v04005,pay,v04005.mp3,4334,tết,mismatch
v04006,pe,v04006.mp3,5047,bé,mismatch
v04007,pen,v04007.mp3,4663,tên,mismatch
v04008,peng,v04008.mp3,4547,hang,mismatch
v04009,peo,v04009.mp3,6914,teo,mismatch
v04010,pha,v04010.mp3,1469,từphát,mismatch
v04011,phai,v04011.mp3,2936,phai,ok
v04012,pham,v04012.mp3,1658,phàm,tone_mismatch
v04013,phan,v04013.mp3,864,saoanh,mismatch
v04014,phang,v04014.mp3,4767,phan,mismatch
v04015,phanh,v04015.mp3,2373,từphanh,mismatch
v04016,phao,v04016.mp3,2638,phao,ok
v04017,phau,v04017.mp3,5037,vâu,mismatch
v04018,phay,v04018.mp3,4646,phây,mismatch
v04019,phe,v04019.mp3,2959,kè,mismatch
v04020,phen,v04020.mp3,3146,fan,mismatch
v04021,pheng,v04021.mp3,5570,vinh,mismatch
v04022,pheo,v04022.mp3,5671,veo,mismatch
v04023,phi,v04023.mp3,884,vì,mismatch
v04024,phia,v04024.mp3,4638,phia,ok
v04025,phim,v04025.mp3,345,phim,ok
v04026,phin,v04026.mp3,3917,từphấn,mismatch
v04027,phinh,v04027.mp3,6430,phần,mismatch
v04028,phiu,v04028.mp3,4906,phù,mismatch
v04029,phiên,v04029.mp3,748,phinh,mismatch
v04030,phiêng,v04030.mp3,5001,phim,mismatch
v04031,phiêu,v04031.mp3,2621,phiếu,tone_mismatch
v04032,phiếm,v04032.mp3,4105,tiếp,mismatch
v04033,phiến,v04033.mp3,2730,phính,mismatch
v04034,phiếp,v04034.mp3,7099,từphía,mismatch
v04035,phiếu,v04035.mp3,899,phiếu,ok
v04036,phiền,v04036.mp3,1943,phiền,ok
v04037,phiềng,v04037.mp3,6979,viên,mismatch
v04038,phiểu,v04038.mp3,6182,từphiếu,mismatch
v04039,phiện,v04039.mp3,3583,từviễn,mismatch
v04040,phiệt,v04040.mp3,4023,từphỉt,mismatch
v04041,pho,v04041.mp3,2911,vo,mismatch
v04042,phoanh,v04042.mp3,6728,phấn,mismatch
v04043,phoi,v04043.mp3,6010,phơi,mismatch
v04044,phom,v04044.mp3,3957,phòm,tone_mismatch
v04045,phon,v04045.mp3,6181,từphan,mismatch
v04046,phong,v04046.mp3,538,phong,ok
v04047,phoong,v04047.mp3,6727,phong,mismatch
v04048,phoóc,v04048.mp3,6506,phúc,mismatch
v04049,phu,v04049.mp3,1727,phục,mismatch
v04050,phui,v04050.mp3,3720,vui,mismatch
v04051,phum,v04051.mp3,5894,phương,mismatch
v04052,phun,v04052.mp3,2016,phùng,mismatch
v04053,phung,v04053.mp3,3362,tửvong,mismatch
v04054,phuy,v04054.mp3,4043,phi,mismatch
v04055,phuông,v04055.mp3,6219,phùng,mismatch
v04056,phuộc,v04056.mp3,6505,sựphục,mismatch
v04057,phà,v04057.mp3,2743,pha,tone_mismatch
v04058,phài,v04058.mp3,6121,tay,mismatch
v04059,phàm,v04059.mp3,3982,phàm,ok
v04060,phàn,v04060.mp3,2582,tàn,mismatch
v04061,phàng,v04061.mp3,3966,vàng,mismatch
v04062,phành,v04062.mp3,6636,phần,mismatch
v04063,phào,v04063.mp3,3600,phao,tone_mismatch
v04064,phá,v04064.mp3,711,phá,ok
v04065,phác,v04065.mp3,2601,tắt,mismatch
v04066,phách,v04066.mp3,2924,phất,mismatch
v04067,phái,v04067.mp3,1818,váy,mismatch
v04068,phám,v04068.mp3,5984,tắm,mismatch
v04069,phán,v04069.mp3,1303,vánh,mismatch
v04070,pháo,v04070.mp3,1651,sấu,mismatch
v04071,pháp,v04071.mp3,197,pháp,ok
v04072,phát,v04072.mp3,88,phất,mismatch
v04073,phâm,v04073.mp3,7101,tửpham,mismatch
v04074,phân,v04074.mp3,478,phương,mismatch
v04075,phâng,v04075.mp3,6580,từphân,mismatch
v04076,phâu,v04076.mp3,6673,từphâu,mismatch
v04077,phây,v04077.mp3,4658,phây,ok
v04078,phè,v04078.mp3,6397,về,mismatch
v04079,phèn,v04079.mp3,3569,phèn,ok
v04080,phèng,v04080.mp3,6246,kền,mismatch
v04081,phèo,v04081.mp3,4106,từphèo,mismatch
v04082,phéc,v04082.mp3,6184,vết,mismatch
v04083,phéng,v04083.mp3,5709,vén,mismatch
v04084,phéo,v04084.mp3,7100,phéo,ok
v04085,phép,v04085.mp3,574,thế,mismatch
v04086,phét,v04086.mp3,5590,vết,mismatch
v04087,phê,v04087.mp3,781,phế,tone_mismatch
v04088,phên,v04088.mp3,4619,thân,mismatch
v04089,phì,v04089.mp3,2193,từphi,mismatch
v04090,phìn,v04090.mp3,3679,kênh,mismatch
v04091,phình,v04091.mp3,2996,từphần,mismatch
v04092,phí,v04092.mp3,384,phí,ok
v04093,phía,v04093.mp3,520,phí,mismatch
v04094,phích,v04094.mp3,4136,phích,ok
v04095,phím,v04095.mp3,3462,phím,ok
v04096,phính,v04096.mp3,5949,phính,ok
v04097,phò,v04097.mp3,4562,phà,mismatch
v04098,phòng,v04098.mp3,169,phóng,tone_mismatch
v04099,phó,v04099.mp3,375,phớt,mismatch
v04100,phóc,v04100.mp3,5918,từphút,mismatch
v04101,phóng,v04101.mp3,835,phóng,ok
v04102,phóp,v04102.mp3,6726,phấp,mismatch
v04103,phô,v04103.mp3,2575,vô,mismatch
v04104,phôi,v04104.mp3,2603,phôi,ok
v04105,phôm,v04105.mp3,6635,vùng,mismatch
v04106,phôn,v04106.mp3,5282,phom,mismatch
v04107,phông,v04107.mp3,3181,phong,mismatch
v04108,phù,v04108.mp3,692,từphù,mismatch
v04109,phùa,v04109.mp3,6978,phù,mismatch
v04110,phùn,v04110.mp3,3965,phùng,mismatch
v04111,phùng,v04111.mp3,1757,từphùng,mismatch
v04112,phú,v04112.mp3,540,phú,ok
v04113,phúc,v04113.mp3,573,phúc,ok
v04114,phún,v04114.mp3,6724,phúng,mismatch
v04115,phúng,v04115.mp3,4417,phúng,ok
v04116,phút,v04116.mp3,796,phúc,mismatch
v04117,phăm,v04117.mp3,5757,tửphong,mismatch
v04118,phăn,v04118.mp3,4582,phăng,mismatch
v04119,phăng,v04119.mp3,3656,từphân,mismatch
v04120,phũ,v04120.mp3,3986,phú,tone_mismatch
v04121,phơ,v04121.mp3,4873,từphớ,mismatch
v04122,phơi,v04122.mp3,2109,tửphơi,mismatch
v04123,phơn,v04123.mp3,5046,vâng,mismatch
v04124,phư,v04124.mp3,6725,phư,ok
v04125,phưng,v04125.mp3,6220,vưng,mismatch
v04126,phươn,v04126.mp3,7097,phương,mismatch
v04127,phương,v04127.mp3,168,từphương,mismatch
v04128,phước,v04128.mp3,1047,từphước,mismatch
v04129,phướn,v04129.mp3,5669,phướng,mismatch
v04130,phướng,v04130.mp3,5281,từphướng,mismatch
v04131,phường,v04131.mp3,653,phường,ok
v04132,phưởng,v04132.mp3,6218,phữ,mismatch
v04133,phưỡng,v04133.mp3,6913,phưởng,tone_mismatch
v04134,phượng,v04134.mp3,1612,phường,tone_mismatch
v04135,phượt,v04135.mp3,2879,phước,mismatch
v04136,phạ,v04136.mp3,4944,và,mismatch
v04137,phạc,v04137.mp3,4894,từphạt,mismatch
v04138,phạch,v04138.mp3,6358,từphạt,mismatch
v04139,phạm,v04139.mp3,206,thẩm,mismatch
v04140,phạn,v04140.mp3,5512,sản,mismatch
v04141,phạt,v04141.mp3,725,và,mismatch
v04142,phả,v04142.mp3,2725,phá,tone_mismatch
v04143,phải,v04143.mp3,48,phái,tone_mismatch
v04144,phảm,v04144.mp3,5937,từphẩm,mismatch
v04145,phản,v04145.mp3,671,phản,ok
v04146,phảng,v04146.mp3,4315,từphản,mismatch
v04147,phảo,v04147.mp3,6786,pháo,tone_mismatch
v04148,phấm,v04148.mp3,6431,từphóng,mismatch
v04149,phấn,v04149.mp3,1318,từphóng,mismatch
v04150,phấp,v04150.mp3,4898,phấp,ok
v04151,phất,v04151.mp3,3399,từphất,mismatch
v04152,phầm,v04152.mp3,4634,tửphẩm,mismatch
v04153,phần,v04153.mp3,213,phần,ok
v04154,phẩm,v04154.mp3,255,phẩm,ok
v04155,phẩn,v04155.mp3,4694,tưphấn,mismatch
v04156,phẩu,v04156.mp3,5338,phẩu,ok
v04157,phẩy,v04157.mp3,4486,phẩy,ok
v04158,phẫn,v04158.mp3,2883,vẫn,mismatch
v04159,phẫu,v04159.mp3,1059,phấu,tone_mismatch
v04160,phậm,v04160.mp3,6537,phẩm,tone_mismatch
v04161,phận,v04161.mp3,1062,từphẩm,mismatch
v04162,phập,v04162.mp3,4413,thực,mismatch
v04163,phật,v04163.mp3,1749,phật,ok
v04164,phắc,v04164.mp3,5414,phất,mismatch
v04165,phắt,v04165.mp3,4932,phất,mismatch
v04166,phẳng,v04166.mp3,2533,từphẳng,mismatch
v04167,phặng,v04167.mp3,6853,phẳng,tone_mismatch
v04168,phế,v04168.mp3,2027,tuế,mismatch
v04169,phếch,v04169.mp3,6729,phất,mismatch
v04170,phến,v04170.mp3,6183,tính,mismatch
v04171,phết,v04171.mp3,3580,phất,mismatch
v04172,phềnh,v04172.mp3,6011,phần,mismatch
v04173,phệ,v04173.mp3,5363,thuế,mismatch
v04174,phỉ,v04174.mp3,4467,phỉ,ok
v04175,phỉnh,v04175.mp3,5413,vấn,mismatch
v04176,phịch,v04176.mp3,5756,phật,mismatch
v04177,phịu,v04177.mp3,5670,phiếu,mismatch
v04178,phọ,v04178.mp3,7098,phọ,ok
v04179,phọt,v04179.mp3,5642,phó,mismatch
v04180,phỏm,v04180.mp3,6245,phẩm,mismatch
v04181,phỏng,v04181.mp3,1527,phóng,tone_mismatch
v04182,phố,v04182.mp3,302,từphố,mismatch
v04183,phốc,v04183.mp3,6158,phúc,mismatch
v04184,phối,v04184.mp3,626,phối,ok
v04185,phốp,v04185.mp3,6309,phớp,mismatch
v04186,phốt,v04186.mp3,3808,phúc,mismatch
v04187,phồ,v04187.mp3,6852,phồ,ok
v04188,phồn,v04188.mp3,3412,phồm,mismatch
v04189,phồng,v04189.mp3,2842,phòng,mismatch
v04190,phổ,v04190.mp3,930,phổ,ok
v04191,phổi,v04191.mp3,1634,vội,mismatch
v04192,phổng,v04192.mp3,5065,từphỏng,mismatch
v04193,phỗng,v04193.mp3,6851,phỏng,mismatch
v04194,phộc,v04194.mp3,6466,phộc,ok
v04195,phộng,v04195.mp3,3493,phỏng,mismatch
v04196,phớ,v04196.mp3,4465,phới,mismatch
v04197,phới,v04197.mp3,4615,từphới,mismatch
v04198,phớt,v04198.mp3,3268,từphước,mismatch
v04199,phờ,v04199.mp3,4157,phờ,ok
v04200,phời,v04200.mp3,6332,phẩy,mismatch
v04201,phở,v04201.mp3,2065,vở,mismatch
v04202,phụ,v04202.mp3,331,phủ,tone_mismatch
v04203,phục,v04203.mp3,377,phục,ok
v04204,phụng,v04204.mp3,1971,phụng,ok
v04205,phụt,v04205.mp3,5172,n,mismatch
v04206,phủ,v04206.mp3,444,từphủ,mismatch
v04207,phủi,v04207.mp3,4542,từphủi,mismatch
v04208,phức,v04208.mp3,1274,phức,ok
v04209,phừng,v04209.mp3,5243,sửdụngphần,mismatch
v04210,phử,v04210.mp3,5000,từphử,mismatch
v04211,phực,v04211.mp3,6396,phật,mismatch
v04212,pi,v04212.mp3,4421,ti,mismatch
v04213,pia,v04213.mp3,3495,bi,mismatch
v04214,pim,v04214.mp3,6180,kim,mismatch
v04215,pin,v04215.mp3,2413,pin,ok
v04216,piu,v04216.mp3,6977,hu,mismatch
v04217,piên,v04217.mp3,7096,bình,mismatch
v04218,piêng,v04218.mp3,6634,tỉnh,mismatch
v04219,piêu,v04219.mp3,4827,bill,mismatch
v04220,piềng,v04220.mp3,6672,bình,mismatch
v04221,po,v04221.mp3,4307,thôi,mismatch
v04222,poan,v04222.mp3,6976,coianh,mismatch
v04223,poe,v04223.mp3,5719,pâu,mismatch
v04224,pom,v04224.mp3,6022,tăm,mismatch
v04225,pon,v04225.mp3,6040,con,mismatch
v04226,pong,v04226.mp3,5948,phong,mismatch
v04227,poọc,v04227.mp3,6850,thục,mismatch
v04228,poọng,v04228.mp3,6157,khổng,mismatch
v04229,pu,v04229.mp3,2876,u,mismatch
v04230,pua,v04230.mp3,5858,cua,mismatch
v04231,pui,v04231.mp3,5814,cười,mismatch
v04232,pun,v04232.mp3,6307,cần,mismatch
v04233,pung,v04233.mp3,6785,ông,mismatch
v04234,py,v04234.mp3,5667,vi,mismatch
v04235,pà,v04235.mp3,4422,à,mismatch
v04236,pài,v04236.mp3,6508,hai,mismatch
v04237,pàn,v04237.mp3,6917,anh,mismatch
v04238,pàng,v04238.mp3,6916,an,mismatch
v04239,pành,v04239.mp3,6915,thần,mismatch
v04240,pá,v04240.mp3,4695,tát,mismatch
v04241,pác,v04241.mp3,4895,tát,mismatch
v04242,pách,v04242.mp3,6122,tết,mismatch
v04243,pán,v04243.mp3,5651,hánh,mismatch
v04244,páo,v04244.mp3,4844,táo,mismatch
v04245,páp,v04245.mp3,6096,áp,mismatch
v04246,pát,v04246.mp3,6787,tát,mismatch
v04247,pây,v04247.mp3,7102,tây,mismatch
v04248,pè,v04248.mp3,6507,bè,mismatch
v04249,pèng,v04249.mp3,6247,ben,mismatch
v04250,pé,v04250.mp3,6854,té,mismatch
v04251,pém,v04251.mp3,6333,tém,mismatch
v04252,péo,v04252.mp3,6273,tếu,mismatch
v04253,pét,v04253.mp3,6582,tết,mismatch
v04254,pê,v04254.mp3,4899,pê,ok
v04255,pênh,v04255.mp3,5598,vân,mismatch
v04256,pì,v04256.mp3,5589,p,mismatch
v04257,pí,v04257.mp3,5490,biết,mismatch
v04258,pía,v04258.mp3,6061,ký,mismatch
v04259,pín,v04259.mp3,5776,tính,mismatch
v04260,pít,v04260.mp3,6723,biết,mismatch
v04261,pò,v04261.mp3,5162,to,mismatch
v04262,pó,v04262.mp3,4836,pớt,mismatch
v04263,pô,v04263.mp3,3614,pog,mismatch
v04264,pôn,v04264.mp3,3864,pom,mismatch
v04265,pông,v04265.mp3,5655,thông,mismatch
v04266,pù,v04266.mp3,4026,bộ,mismatch
v04267,pùa,v04267.mp3,6912,pua,tone_mismatch
v04268,pú,v04268.mp3,5668,hú,mismatch
v04269,púa,v04269.mp3,6579,cúa,mismatch
v04270,púng,v04270.mp3,5718,cúng,mismatch
v04271,pút,v04271.mp3,6578,púc,mismatch
v04272,păm,v04272.mp3,6980,tăm,mismatch
v04273,păn,v04273.mp3,6856,tăng,mismatch
v04274,păng,v04274.mp3,5283,tăng,mismatch
v04275,pơ,v04275.mp3,3923,tờ,mismatch
v04276,pư,v04276.mp3,6330,ứ,mismatch
v04277,pưn,v04277.mp3,6911,bừng,mismatch
v04278,pạ,v04278.mp3,6275,pa,tone_mismatch
v04279,pạc,v04279.mp3,6186,học,mismatch
v04280,pả,v04280.mp3,5387,pá,tone_mismatch
v04281,pản,v04281.mp3,6730,thắng,mismatch
v04282,pấc,v04282.mp3,6584,huất,mismatch
v04283,pầng,v04283.mp3,6855,vâng,mismatch
v04284,pẩu,v04284.mp3,5623,phấu,mismatch
v04285,pắc,v04285.mp3,5038,tức,mismatch
v04286,pằn,v04286.mp3,6731,tặng,mismatch
v04287,pết,v04287.mp3,6185,bếp,mismatch
v04288,pếu,v04288.mp3,6581,tếu,mismatch
v04289,pềnh,v04289.mp3,6274,vấn,mismatch
v04290,pỉnh,v04290.mp3,6244,bĩnh,mismatch
v04291,pịa,v04291.mp3,6331,bí,mismatch
v04292,pọng,v04292.mp3,7095,tổng,mismatch
v04293,pố,v04293.mp3,5936,péc,mismatch
v04294,pốc,v04294.mp3,6308,tốp,mismatch
v04295,pốt,v04295.mp3,6009,púc,mismatch
v04296,pồ,v04296.mp3,5394,cổ,mismatch
v04297,pồn,v04297.mp3,5842,pụng,mismatch
v04298,pớ,v04298.mp3,6722,hớ,mismatch
v04299,pớn,v04299.mp3,6465,vẫn,mismatch
v04300,pờ,v04300.mp3,5581,cờ,mismatch
v04301,pủa,v04301.mp3,5114,có,mismatch
v04302,pứa,v04302.mp3,6329,vứa,mismatch
v04303,qua,v04303.mp3,98,qua,ok
v04304,quai,v04304.mp3,3188,quay,mismatch
v04305,quan,v04305.mp3,55,quay,mismatch
v04306,quang,v04306.mp3,566,quanh,mismatch
v04307,quanh,v04307.mp3,806,quân,mismatch
v04308,quao,v04308.mp3,5097,quao,ok
v04309,quay,v04309.mp3,769,quay,ok
v04310,que,v04310.mp3,2798,khoe,mismatch
v04311,quen,v04311.mp3,785,quyền,mismatch
v04312,queo,v04312.mp3,4812,kêu,mismatch
v04313,qui,v04313.mp3,2136,quý,mismatch
v04314,quin,v04314.mp3,7094,khuynh,mismatch
v04315,quo,v04315.mp3,7093,qua,mismatch
v04316,quy,v04316.mp3,188,quý,tone_mismatch
v04317,quyn,v04317.mp3,6849,quỳnh,mismatch
v04318,quyên,v04318.mp3,1764,quyên,ok
v04319,quyến,v04319.mp3,1852,quyến,ok
v04320,quyết,v04320.mp3,205,quyết,ok
v04321,quyền,v04321.mp3,336,quỳnh,mismatch
v04322,quyển,v04322.mp3,2295,quyển,ok
v04323,quyện,v04323.mp3,2979,quỳnh,mismatch
v04324,quyệt,v04324.mp3,4243,quyệt,ok
v04325,quà,v04325.mp3,1048,qua,tone_mismatch
v04326,quài,v04326.mp3,6328,khoài,mismatch
v04327,quàn,v04327.mp3,5123,quang,mismatch
v04328,quàng,v04328.mp3,3316,quang,tone_mismatch
v04329,quào,v04329.mp3,6910,quào,ok
v04330,quày,v04330.mp3,6721,quầy,mismatch
v04331,quá,v04331.mp3,230,quá,ok
v04332,quác,v04332.mp3,6975,quắt,mismatch
v04333,quách,v04333.mp3,2435,quất,mismatch
v04334,quái,v04334.mp3,2094,quái,ok
v04335,quán,v04335.mp3,650,quán,ok
v04336,quáng,v04336.mp3,3651,quán,mismatch
v04337,quánh,v04337.mp3,4253,quánh,ok
v04338,quát,v04338.mp3,2150,quét,mismatch
v04339,quân,v04339.mp3,460,quân,ok
v04340,quây,v04340.mp3,2825,khuấy,mismatch
v04341,quãng,v04341.mp3,2024,khoảng,mismatch
v04342,què,v04342.mp3,5060,khuê,mismatch
v04343,quèn,v04343.mp3,5012,quên,mismatch
v04344,quèo,v04344.mp3,6429,quèo,ok
v04345,quéo,v04345.mp3,6633,quéo,ok
v04346,quét,v04346.mp3,2039,quếch,mismatch
v04347,quê,v04347.mp3,756,quê,ok
v04348,quên,v04348.mp3,1229,quân,mismatch
v04349,quì,v04349.mp3,6079,quỳ,mismatch
v04350,quí,v04350.mp3,3076,quý,mismatch
v04351,quít,v04351.mp3,5078,quyết,mismatch
v04352,quóc,v04352.mp3,6631,cốc,mismatch
v04353,quý,v04353.mp3,709,quý,ok
v04354,quýt,v04354.mp3,2734,quếch,mismatch
v04355,quăn,v04355.mp3,5775,quang,mismatch
v04356,quăng,v04356.mp3,2886,còn,mismatch
v04357,quĩ,v04357.mp3,5214,quỹ,mismatch
v04358,quơ,v04358.mp3,4459,quá,mismatch
v04359,quơn,v04359.mp3,5511,cuông,mismatch
v04360,quạ,v04360.mp3,4528,quá,tone_mismatch
v04361,quạch,v04361.mp3,5641,quạt,mismatch
v04362,quại,v04362.mp3,4328,quẩy,mismatch
v04363,quạng,v04363.mp3,5717,quảng,tone_mismatch
v04364,quạnh,v04364.mp3,4432,khoảng,mismatch
v04365,quạt,v04365.mp3,2404,quạc,mismatch
v04366,quạu,v04366.mp3,6464,cầu,mismatch
v04367,quả,v04367.mp3,226,quá,tone_mismatch
v04368,quản,v04368.mp3,338,quản,ok
v04369,quảng,v04369.mp3,464,quẳng,mismatch
v04370,quảy,v04370.mp3,5947,quẩy,mismatch
v04371,quấc,v04371.mp3,6974,quốc,mismatch
v04372,quấn,v04372.mp3,2642,quấn,ok
v04373,quất,v04373.mp3,2334,quốc,mismatch
v04374,quấy,v04374.mp3,2518,quấy,ok
v04375,quần,v04375.mp3,882,cuồng,mismatch
v04376,quầng,v04376.mp3,3949,quân,mismatch
v04377,quầy,v04377.mp3,2148,quầy,ok
v04378,quẩn,v04378.mp3,2849,cuẩn,mismatch
v04379,quẩy,v04379.mp3,4208,quẩy,ok
v04380,quẫn,v04380.mp3,3588,cuấn,mismatch
v04381,quẫy,v04381.mp3,4890,quẩy,tone_mismatch
v04382,quận,v04382.mp3,447,cuỗng,mismatch
v04383,quật,v04383.mp3,2480,cuộc,mismatch
v04384,quậy,v04384.mp3,3018,quẩy,tone_mismatch
v04385,quắc,v04385.mp3,5597,khoác,mismatch
v04386,quắm,v04386.mp3,4905,khoắm,mismatch
v04387,quắn,v04387.mp3,5983,quắng,mismatch
v04388,quắp,v04388.mp3,4395,quốc,mismatch
v04389,quắt,v04389.mp3,4314,khoác,mismatch
v04390,quằn,v04390.mp3,4235,quặng,mismatch
v04391,quẳng,v04391.mp3,4760,quẳng,ok
v04392,quặc,v04392.mp3,3928,qua,mismatch
v04393,quặm,v04393.mp3,6536,quặm,ok
v04394,quặn,v04394.mp3,3988,quẳng,mismatch
v04395,quặng,v04395.mp3,3251,quảng,mismatch
v04396,quặp,v04396.mp3,5857,qua,mismatch
v04397,quặt,v04397.mp3,4951,qua,mismatch
v04398,quẹo,v04398.mp3,4222,quéo,tone_mismatch
v04399,quẹt,v04399.mp3,3061,quệt,mismatch
v04400,quẻ,v04400.mp3,5208,quét,mismatch
v04401,quẽ,v04401.mp3,6179,quẻ,tone_mismatch
v04402,quế,v04402.mp3,1849,quế,ok
v04403,quết,v04403.mp3,4897,quất,mismatch
v04404,quềnh,v04404.mp3,4558,quần,mismatch
v04405,quệ,v04405.mp3,3750,quậy,mismatch
v04406,quện,v04406.mp3,5829,quên,tone_mismatch
v04407,quệt,v04407.mp3,3747,của,mismatch
v04408,quị,v04408.mp3,5148,quỷ,mismatch
v04409,quịt,v04409.mp3,6632,cuộc,mismatch
v04410,quố,v04410.mp3,7092,quốc,mismatch
v04411,quốc,v04411.mp3,73,quốc,ok
v04412,quộc,v04412.mp3,6909,cuộc,mismatch
v04413,quớ,v04413.mp3,6272,cuống,mismatch
v04414,quới,v04414.mp3,3675,cuối,mismatch
v04415,quớt,v04415.mp3,6908,quốc,mismatch
v04416,quờ,v04416.mp3,5687,cuộc,mismatch
v04417,quở,v04417.mp3,5386,quở,ok
v04418,quỳ,v04418.mp3,2365,quỳ,ok
v04419,quỵ,v04419.mp3,2311,quỹ,tone_mismatch
v04420,quỵt,v04420.mp3,4156,cuối,mismatch
v04421,quỷ,v04421.mp3,2789,quỹ,tone_mismatch
v04422,quỹ,v04422.mp3,1008,quỹ,ok
v04423,qùa,v04423.mp3,6395,cuộc,mismatch
v04424,qúa,v04424.mp3,4745,cuốc,mismatch
v04425,qúi,v04425.mp3,6039,cúi,mismatch
v04426,qủa,v04426.mp3,4862,của,mismatch
v04427,ra,v04427.mp3,25,chắc,mismatch
v04428,rai,v04428.mp3,3094,trai,mismatch
v04429,ram,v04429.mp3,4348,giam,mismatch
v04430,ran,v04430.mp3,3732,tran,mismatch
v04431,rang,v04431.mp3,2463,kênh,mismatch
v04432,ranh,v04432.mp3,1924,chân,mismatch
v04433,rao,v04433.mp3,2235,trao,mismatch
v04434,rau,v04434.mp3,869,châu,mismatch
v04435,ray,v04435.mp3,2782,rây,mismatch
v04436,re,v04436.mp3,3754,re,ok
v04437,rem,v04437.mp3,5256,xem,mismatch
v04438,ren,v04438.mp3,3115,tên,mismatch
v04439,reng,v04439.mp3,6971,trang,mismatch
v04440,reo,v04440.mp3,3125,gieo,mismatch
v04441,ri,v04441.mp3,3049,xi,mismatch
v04442,ria,v04442.mp3,4383,sì,mismatch
v04443,rim,v04443.mp3,4347,chim,mismatch
v04444,rin,v04444.mp3,4753,trinh,mismatch
v04445,rinh,v04445.mp3,3767,trinh,mismatch
v04446,riu,v04446.mp3,4435,râu,mismatch
v04447,riêng,v04447.mp3,513,trinh,mismatch
v04448,riêu,v04448.mp3,3713,triều,mismatch
v04449,riết,v04449.mp3,3069,chí,mismatch
v04450,riếu,v04450.mp3,5510,triều,mismatch
v04451,riềng,v04451.mp3,3824,trình,mismatch
v04452,riều,v04452.mp3,6784,từrìu,mismatch
v04453,riệc,v04453.mp3,6970,triệt,mismatch
v04454,riệp,v04454.mp3,6120,chịp,mismatch
v04455,riệt,v04455.mp3,6720,triệt,mismatch
v04456,riệu,v04456.mp3,5893,rượu,mismatch
v04457,ro,v04457.mp3,1441,rõ,tone_mismatch
v04458,roa,v04458.mp3,5221,ra,mismatch
v04459,roe,v04459.mp3,4959,rớt,mismatch
v04460,roi,v04460.mp3,2714,trời,mismatch
v04461,rom,v04461.mp3,5509,trump,mismatch
v04462,ron,v04462.mp3,3013,từràn,mismatch
v04463,rong,v04463.mp3,2202,trông,mismatch
v04464,roong,v04464.mp3,6119,trông,mismatch
v04465,roàng,v04465.mp3,6907,unkrằng,mismatch
v04466,roát,v04466.mp3,6629,trát,mismatch
v04467,roãn,v04467.mp3,7088,từsoảng,mismatch
v04468,roòng,v04468.mp3,6906,rong,mismatch
v04469,roóng,v04469.mp3,6845,rống,mismatch
v04470,roẹt,v04470.mp3,6719,kệch,mismatch
v04471,ru,v04471.mp3,2958,trước,mismatch
v04472,rua,v04472.mp3,4527,trước,mismatch
v04473,rui,v04473.mp3,5568,rơi,mismatch
v04474,rum,v04474.mp3,4993,trâm,mismatch
v04475,run,v04475.mp3,2407,từtrung,mismatch
v04476,rung,v04476.mp3,2321,chung,mismatch
v04477,ruy,v04477.mp3,5206,truy,mismatch
v04478,ruệ,v04478.mp3,5700,tuổi,mismatch
v04479,ruốc,v04479.mp3,3217,rút,mismatch
v04480,ruồi,v04480.mp3,2673,rồi,mismatch
v04481,ruồng,v04481.mp3,4605,trung,mismatch
v04482,ruổi,v04482.mp3,3632,chối,mismatch
v04483,ruộc,v04483.mp3,6718,rục,mismatch
v04484,ruộm,v04484.mp3,4936,chúng,mismatch
v04485,ruộng,v04485.mp3,1754,trưởng,mismatch
v04486,ruột,v04486.mp3,1237,sược,mismatch
v04487,ry,v04487.mp3,5045,tri,mismatch
v04488,rà,v04488.mp3,1359,ca,mismatch
v04489,rài,v04489.mp3,6095,dài,mismatch
v04490,ràm,v04490.mp3,5569,từtrang,mismatch
v04491,ràn,v04491.mp3,5935,trang,mismatch
v04492,ràng,v04492.mp3,1127,cảng,mismatch
v04493,rành,v04493.mp3,3137,trần,mismatch
v04494,rào,v04494.mp3,1319,chào,mismatch
v04495,rày,v04495.mp3,5470,từdề,mismatch
v04496,rá,v04496.mp3,4999,rác,mismatch
v04497,rác,v04497.mp3,1215,sét,mismatch
v04498,rách,v04498.mp3,2369,rất,mismatch
v04499,rái,v04499.mp3,5011,từráy,mismatch
v04500,rám,v04500.mp3,4684,trám,mismatch
v04501,rán,v04501.mp3,2685,tráng,mismatch
v04502,ráng,v04502.mp3,3170,từsáng,mismatch
v04503,ráo,v04503.mp3,2279,cháo,mismatch
v04504,ráp,v04504.mp3,2339,dạ,mismatch
v04505,rát,v04505.mp3,2930,chắc,mismatch
v04506,ráy,v04506.mp3,4160,rấy,mismatch
v04507,râm,v04507.mp3,3293,trâm,mismatch
v04508,rân,v04508.mp3,6357,hìnhảnh,mismatch
v04509,râu,v04509.mp3,2440,sau,mismatch
v04510,rây,v04510.mp3,4927,từđây,mismatch
v04511,rã,v04511.mp3,2576,trả,mismatch
v04512,rãi,v04512.mp3,1821,trái,mismatch
v04513,rãnh,v04513.mp3,2980,trấn,mismatch
v04514,rè,v04514.mp3,3575,trẻ,mismatch
v04515,rèm,v04515.mp3,3653,xem,mismatch
v04516,rèn,v04516.mp3,1721,chàng,mismatch
v04517,ré,v04517.mp3,4978,rét,mismatch
v04518,rén,v04518.mp3,4868,tránh,mismatch
v04519,réo,v04519.mp3,4601,chéo,mismatch
v04520,rép,v04520.mp3,7089,từdép,mismatch
v04521,rét,v04521.mp3,1765,sét,mismatch
v04522,rê,v04522.mp3,3197,chỉ,mismatch
v04523,rêm,v04523.mp3,6972,từren,mismatch
v04524,rên,v04524.mp3,4175,trên,mismatch
v04525,rêu,v04525.mp3,3122,chêu,mismatch
v04526,rì,v04526.mp3,4282,tri,mismatch
v04527,rìa,v04527.mp3,3779,dì,mismatch
v04528,rình,v04528.mp3,3184,trên,mismatch
v04529,rìu,v04529.mp3,4178,triều,mismatch
v04530,rí,v04530.mp3,4738,trí,mismatch
v04531,rích,v04531.mp3,4678,trích,mismatch
v04532,rít,v04532.mp3,3602,trích,mismatch
v04533,ríu,v04533.mp3,4489,ríu,ok
v04534,rò,v04534.mp3,2840,trâu,mismatch
v04535,ròi,v04535.mp3,4271,rồi,mismatch
v04536,ròm,v04536.mp3,6156,trump,mismatch
v04537,ròn,v04537.mp3,5666,trời,mismatch
v04538,ròng,v04538.mp3,2460,trông,mismatch
v04539,ró,v04539.mp3,5547,rõ,tone_mismatch
v04540,róc,v04540.mp3,4908,tróc,mismatch
v04541,rói,v04541.mp3,4144,rồi,mismatch
v04542,róm,v04542.mp3,6846,choáng,mismatch
v04543,rón,v04543.mp3,4889,sống,mismatch
v04544,rót,v04544.mp3,2744,chất,mismatch
v04545,rô,v04545.mp3,2947,ro,mismatch
v04546,rôi,v04546.mp3,6037,rồi,tone_mismatch
v04547,rôm,v04547.mp3,3608,roma,mismatch
v04548,rôn,v04548.mp3,3301,run,mismatch
v04549,rông,v04549.mp3,3484,trong,mismatch
v04550,rõ,v04550.mp3,395,trở,mismatch
v04551,rù,v04551.mp3,5345,khu,mismatch
v04552,rùa,v04552.mp3,2283,rồi,mismatch
v04553,rùi,v04553.mp3,5476,rồi,mismatch
v04554,rùm,v04554.mp3,5124,trùm,mismatch
v04555,rùng,v04555.mp3,3143,trung,mismatch
v04556,rú,v04556.mp3,3759,trú,mismatch
v04557,rúc,v04557.mp3,4950,súp,mismatch
v04558,rúi,v04558.mp3,6008,rối,mismatch
v04559,rúm,v04559.mp3,4556,súng,mismatch
v04560,rún,v04560.mp3,6844,sống,mismatch
v04561,rúng,v04561.mp3,3358,từsúng,mismatch
v04562,rúp,v04562.mp3,3967,trước,mismatch
v04563,rút,v04563.mp3,865,trước,mismatch
v04564,răm,v04564.mp3,3642,trăm,mismatch
v04565,răn,v04565.mp3,2458,răng,mismatch
v04566,răng,v04566.mp3,1413,răng,ok
v04567,rĩ,v04567.mp3,4591,trỉ,mismatch
v04568,rũ,v04568.mp3,1887,chủ,mismatch
v04569,rũa,v04569.mp3,6118,rúa,tone_mismatch
v04570,rơ,v04570.mp3,3128,rất,mismatch
v04571,rơi,v04571.mp3,1024,rơi,ok
v04572,rơm,v04572.mp3,2704,trớm,mismatch
v04573,rơn,v04573.mp3,5742,trơn,mismatch
v04574,rưng,v04574.mp3,2844,trưng,mismatch
v04575,rươi,v04575.mp3,4088,rơi,mismatch
v04576,rươm,v04576.mp3,6969,sươm,mismatch
v04577,rương,v04577.mp3,5270,rừng,mismatch
v04578,rước,v04578.mp3,2351,rước,ok
v04579,rưới,v04579.mp3,4196,rưới,ok
v04580,rướm,v04580.mp3,5498,chướng,mismatch
v04581,rướn,v04581.mp3,5122,trứng,mismatch
v04582,rười,v04582.mp3,5328,cháy,mismatch
v04583,rườm,v04583.mp3,3401,sườn,mismatch
v04584,rường,v04584.mp3,4691,trường,mismatch
v04585,rưởi,v04585.mp3,4943,rưỡi,tone_mismatch
v04586,rưỡi,v04586.mp3,2691,rưới,tone_mismatch
v04587,rược,v04587.mp3,7085,trực,mismatch
v04588,rượi,v04588.mp3,4075,trời,mismatch
v04589,rượt,v04589.mp3,2992,sược,mismatch
v04590,rượu,v04590.mp3,1060,từrủ,mismatch
v04591,rạ,v04591.mp3,3842,trà,mismatch
v04592,rạc,v04592.mp3,3974,dạ,mismatch
v04593,rạch,v04593.mp3,1944,mộtgiọngtrẻ,mismatch
v04594,rạm,v04594.mp3,5631,trạm,mismatch
v04595,rạn,v04595.mp3,2620,chẳng,mismatch
v04596,rạng,v04596.mp3,1644,chẳng,mismatch
v04597,rạnh,v04597.mp3,6038,từrành,mismatch
v04598,rạo,v04598.mp3,4781,rảo,tone_mismatch
v04599,rạp,v04599.mp3,1756,rạp,ok
v04600,rạt,v04600.mp3,6242,chạc,mismatch
v04601,rả,v04601.mp3,3746,từtrá,mismatch
v04602,rải,v04602.mp3,1966,trái,mismatch
v04603,rảng,v04603.mp3,5828,chảng,mismatch
v04604,rảnh,v04604.mp3,2495,tránh,mismatch
v04605,rảo,v04605.mp3,4203,ráo,tone_mismatch
v04606,rấm,v04606.mp3,5812,sấm,mismatch
v04607,rấn,v04607.mp3,6973,trứng,mismatch
v04608,rất,v04608.mp3,95,rất,ok
v04609,rấy,v04609.mp3,6848,trấy,mismatch
v04610,rầm,v04610.mp3,2692,chăm,mismatch
v04611,rần,v04611.mp3,4213,hìnhtrưng,mismatch
v04612,rầng,v04612.mp3,6630,trần,mismatch
v04613,rầu,v04613.mp3,3216,trầu,mismatch
v04614,rầy,v04614.mp3,3981,rầy,ok
v04615,rẩy,v04615.mp3,3706,trẩy,mismatch
v04616,rẫy,v04616.mp3,1826,trẩy,mismatch
v04617,rậm,v04617.mp3,3284,chấm,mismatch
v04618,rận,v04618.mp3,4909,rẫng,mismatch
v04619,rập,v04619.mp3,2653,sau,mismatch
v04620,rật,v04620.mp3,7091,sợ,mismatch
v04621,rắc,v04621.mp3,2115,sắc,mismatch
v04622,rắm,v04622.mp3,4530,sấm,mismatch
v04623,rắn,v04623.mp3,1946,trắng,mismatch
v04624,rắp,v04624.mp3,4576,chấp,mismatch
v04625,rắt,v04625.mp3,4850,trách,mismatch
v04626,rằm,v04626.mp3,3001,trăm,mismatch
v04627,rằn,v04627.mp3,4739,răng,mismatch
v04628,rằng,v04628.mp3,223,sang,mismatch
v04629,rẳng,v04629.mp3,6535,chẳng,mismatch
v04630,rặn,v04630.mp3,4683,rằng,mismatch
v04631,rặng,v04631.mp3,4242,chẳng,mismatch
v04632,rặt,v04632.mp3,5367,dạ,mismatch
v04633,rẹc,v04633.mp3,7090,unkrồi,mismatch
v04634,rẹt,v04634.mp3,6078,rể,mismatch
v04635,rẻ,v04635.mp3,1312,trẻ,mismatch
v04636,rẻo,v04636.mp3,5222,rễu,mismatch
v04637,rẽ,v04637.mp3,2158,tựsẽ,mismatch
v04638,rế,v04638.mp3,5797,sẽ,mismatch
v04639,rến,v04639.mp3,6847,chín,mismatch
v04640,rết,v04640.mp3,3890,chết,mismatch
v04641,rếu,v04641.mp3,5588,chéo,mismatch
v04642,rề,v04642.mp3,5319,từrê,mismatch
v04643,rền,v04643.mp3,4876,trên,mismatch
v04644,rều,v04644.mp3,5841,triều,mismatch
v04645,rể,v04645.mp3,1936,rể,ok
v04646,rễ,v04646.mp3,2481,trễ,mismatch
v04647,rệp,v04647.mp3,5362,triệt,mismatch
v04648,rệt,v04648.mp3,2426,sệt,mismatch
v04649,rệu,v04649.mp3,5010,triệu,mismatch
v04650,rỉ,v04650.mp3,2427,trí,mismatch
v04651,rỉa,v04651.mp3,5917,kìa,mismatch
v04652,rỉnh,v04652.mp3,4651,chín,mismatch
v04653,rịa,v04653.mp3,2049,triệt,mismatch
v04654,rịch,v04654.mp3,3916,chết,mismatch
v04655,rịn,v04655.mp3,4893,trình,mismatch
v04656,rịp,v04656.mp3,6504,kịp,mismatch
v04657,rịt,v04657.mp3,5755,triệt,mismatch
v04658,rọ,v04658.mp3,4504,rõ,tone_mismatch
v04659,rọc,v04659.mp3,4775,trọc,mismatch
v04660,rọi,v04660.mp3,3937,rồi,mismatch
v04661,rọt,v04661.mp3,4822,sắc,mismatch
v04662,rỏ,v04662.mp3,5892,trở,mismatch
v04663,rỏi,v04663.mp3,4621,rõý,mismatch
v04664,rốc,v04664.mp3,5198,sốc,mismatch
v04665,rối,v04665.mp3,1184,rối,ok
v04666,rốn,v04666.mp3,2984,chúng,mismatch
v04667,rống,v04667.mp3,5546,sống,mismatch
v04668,rốp,v04668.mp3,6462,rứt,mismatch
v04669,rốt,v04669.mp3,2420,rốt,ok
v04670,rồ,v04670.mp3,3035,số,mismatch
v04671,rồi,v04671.mp3,301,rồi,ok
v04672,rồng,v04672.mp3,1999,trông,mismatch
v04673,rổ,v04673.mp3,2755,rượu,mismatch
v04674,rổi,v04674.mp3,6463,rồi,tone_mismatch
v04675,rổn,v04675.mp3,5891,trốn,mismatch
v04676,rỗ,v04676.mp3,4212,rẫu,mismatch
v04677,rỗi,v04677.mp3,2703,rỗi,ok
v04678,rỗng,v04678.mp3,2963,sống,mismatch
v04679,rộ,v04679.mp3,2312,từrổ,mismatch
v04680,rộc,v04680.mp3,4671,chậu,mismatch
v04681,rộm,v04681.mp3,5612,trộm,mismatch
v04682,rộn,v04682.mp3,1805,từrủng,mismatch
v04683,rộng,v04683.mp3,621,sống,mismatch
v04684,rộp,v04684.mp3,3990,rợp,mismatch
v04685,rột,v04685.mp3,6628,chợt,mismatch
v04686,rớ,v04686.mp3,4539,sớ,mismatch
v04687,rớm,v04687.mp3,3856,sớm,mismatch
v04688,rớt,v04688.mp3,2352,chết,mismatch
v04689,rờ,v04689.mp3,5298,sợ,mismatch
v04690,rời,v04690.mp3,1251,rời,ok
v04691,rờn,v04691.mp3,5059,sơn,mismatch
v04692,rởm,v04692.mp3,4199,trẫm,mismatch
v04693,rỡ,v04693.mp3,1948,sở,mismatch
v04694,rỡn,v04694.mp3,7087,từrừng,mismatch
v04695,rợ,v04695.mp3,4019,sợ,mismatch
v04696,rợn,v04696.mp3,3265,trận,mismatch
v04697,rợp,v04697.mp3,4099,sợ,mismatch
v04698,rụa,v04698.mp3,6428,rùa,tone_mismatch
v04699,rục,v04699.mp3,3778,sụp,mismatch
v04700,rụi,v04700.mp3,2509,rồi,mismatch
v04701,rụm,v04701.mp3,4843,chùm,mismatch
v04702,rụng,v04702.mp3,2344,trùng,mismatch
v04703,rụp,v04703.mp3,5934,tựrợp,mismatch
v04704,rụt,v04704.mp3,3578,trục,mismatch
v04705,rủ,v04705.mp3,1831,rú,tone_mismatch
v04706,rủa,v04706.mp3,3806,trốn,mismatch
v04707,rủi,v04707.mp3,1445,rưỡi,mismatch
v04708,rủn,v04708.mp3,4831,rốn,mismatch
v04709,rủng,v04709.mp3,4631,chúng,mismatch
v04710,rứ,v04710.mp3,6671,chứ,mismatch
v04711,rứa,v04711.mp3,3710,từtrước,mismatch
v04712,rức,v04712.mp3,5207,sức,mismatch
v04713,rứt,v04713.mp3,3863,trước,mismatch
v04714,rừng,v04714.mp3,972,rừng,ok
v04715,rửa,v04715.mp3,1348,sửa,mismatch
v04716,rửng,v04716.mp3,6393,trứng,mismatch
v04717,rữa,v04717.mp3,4554,rửa,tone_mismatch
v04718,rự,v04718.mp3,7086,từrượu,mismatch
v04719,rựa,v04719.mp3,3878,sửa,mismatch
v04720,rực,v04720.mp3,2076,chức,mismatch
v04721,rỳ,v04721.mp3,7084,trịgì,mismatch
v04722,rỹ,v04722.mp3,6968,trĩ,mismatch
v04723,sa,v04723.mp3,990,từxa,mismatch
v04724,sai,v04724.mp3,713,sai,ok
v04725,sam,v04725.mp3,2550,điềutrịtừthiện,mismatch
v04726,san,v04726.mp3,1786,sen,mismatch
v04727,sang,v04727.mp3,467,từsang,mismatch
v04728,sanh,v04728.mp3,2802,săn,mismatch
v04729,sao,v04729.mp3,399,ừsau,mismatch
v04730,sau,v04730.mp3,65,sau,ok
v04731,say,v04731.mp3,1510,từxây,mismatch
v04732,se,v04732.mp3,2877,xe,mismatch
v04733,sem,v04733.mp3,6306,xem,mismatch
v04734,sen,v04734.mp3,1726,sen,ok
v04735,seng,v04735.mp3,4630,tựasinh,mismatch
v04736,seo,v04736.mp3,3406,từseoul,mismatch
v04737,si,v04737.mp3,2829,xi,mismatch
v04738,sia,v04738.mp3,4883,sỉ,mismatch
v04739,sim,v04739.mp3,2527,sim,ok
v04740,sin,v04740.mp3,3776,xin,mismatch
v04741,sinh,v04741.mp3,63,xin,mismatch
v04742,siu,v04742.mp3,3306,sâu,mismatch
v04743,siêm,v04743.mp3,5855,sim,mismatch
v04744,siên,v04744.mp3,5854,sinh,mismatch
v04745,siêng,v04745.mp3,3874,từsin,mismatch
v04746,siêu,v04746.mp3,819,từsiêu,mismatch
v04747,siết,v04747.mp3,2387,suýt,mismatch
v04748,so,v04748.mp3,466,sao,mismatch
v04749,soa,v04749.mp3,4496,xa,mismatch
v04750,soan,v04750.mp3,5840,sanh,mismatch
v04751,soi,v04751.mp3,1883,soi,ok
v04752,som,v04752.mp3,4599,hầm,mismatch
v04753,son,v04753.mp3,1798,sang,mismatch
v04754,song,v04754.mp3,828,từsông,mismatch
v04755,soong,v04755.mp3,6576,song,mismatch
v04756,soài,v04756.mp3,4174,sai,mismatch
v04757,soàn,v04757.mp3,6967,từsàn,mismatch
v04758,soái,v04758.mp3,3694,chỉ,mismatch
v04759,soán,v04759.mp3,4440,từsáng,mismatch
v04760,soát,v04760.mp3,770,từsuất,mismatch
v04761,soóc,v04761.mp3,4858,từsóc,mismatch
v04762,soạn,v04762.mp3,1742,sáng,mismatch
v04763,soạng,v04763.mp3,4826,sáng,mismatch
v04764,soạt,v04764.mp3,5890,từsạch,mismatch
v04765,soản,v04765.mp3,5361,sáng,mismatch
v04766,soọc,v04766.mp3,6534,sộc,mismatch
v04767,soọng,v04767.mp3,6217,từsống,mismatch
v04768,su,v04768.mp3,1562,từsu,mismatch
v04769,sua,v04769.mp3,4391,từxưa,mismatch
v04770,sui,v04770.mp3,4904,xôi,mismatch
v04771,sum,v04771.mp3,2812,sâm,mismatch
v04772,sun,v04772.mp3,2459,súng,mismatch
v04773,sung,v04773.mp3,908,sông,mismatch
v04774,suy,v04774.mp3,838,suy,ok
v04775,suyển,v04775.mp3,6216,từxuyến,mismatch
v04776,suyễn,v04776.mp3,3413,sĩnh,mismatch
v04777,suê,v04777.mp3,5449,suê,ok
v04778,suôn,v04778.mp3,2991,từsu,mismatch
v04779,suông,v04779.mp3,3636,từsung,mismatch
v04780,suý,v04780.mp3,4641,sĩ,mismatch
v04781,suýt,v04781.mp3,2774,từrít,mismatch
v04782,suất,v04782.mp3,717,sức,mismatch
v04783,suối,v04783.mp3,1700,từsuối,mismatch
v04784,suốt,v04784.mp3,859,chútsuốt,mismatch
v04785,suồng,v04785.mp3,5436,unksung,mismatch
v04786,sy,v04786.mp3,4087,xi,mismatch
v04787,sà,v04787.mp3,2801,từxa,mismatch
v04788,sài,v04788.mp3,893,từsai,mismatch
v04789,sàm,v04789.mp3,3610,từsam,mismatch
v04790,sàn,v04790.mp3,1275,sành,mismatch
v04791,sàng,v04791.mp3,1100,sang,tone_mismatch
v04792,sành,v04792.mp3,2336,săn,mismatch
v04793,sào,v04793.mp3,2645,từsàounk,mismatch
v04794,sá,v04794.mp3,3163,từxa,mismatch
v04795,sác,v04795.mp3,4730,sắc,mismatch
v04796,sách,v04796.mp3,343,sếp,mismatch
v04797,sái,v04797.mp3,4772,từtrái,mismatch
v04798,sám,v04798.mp3,4244,từsáng,mismatch
v04799,sán,v04799.mp3,3153,sáng,mismatch
v04800,sáng,v04800.mp3,261,sáng,ok
v04801,sánh,v04801.mp3,1663,sánh,ok
v04802,sáo,v04802.mp3,3060,sáu,mismatch
v04803,sáp,v04803.mp3,2163,từsếp,mismatch
v04804,sát,v04804.mp3,278,sác,mismatch
v04805,sáu,v04805.mp3,1555,sáu,ok
v04806,sáy,v04806.mp3,6843,sáy,ok
v04807,sâm,v04807.mp3,1836,sâm,ok
v04808,sân,v04808.mp3,614,sang,mismatch
v04809,sâng,v04809.mp3,6905,sông,mismatch
v04810,sâu,v04810.mp3,718,sâu,ok
v04811,sây,v04811.mp3,5104,tửxây,mismatch
v04812,sã,v04812.mp3,5371,từxã,mismatch
v04813,sãi,v04813.mp3,5135,từsái,mismatch
v04814,são,v04814.mp3,6717,từsảo,mismatch
v04815,sè,v04815.mp3,6627,sẹt,mismatch
v04816,sèo,v04816.mp3,5605,xẹo,mismatch
v04817,séc,v04817.mp3,2614,chết,mismatch
v04818,sém,v04818.mp3,4729,xén,mismatch
v04819,séng,v04819.mp3,6716,sáng,mismatch
v04820,sét,v04820.mp3,2510,séc,mismatch
v04821,sê,v04821.mp3,2892,xe,mismatch
v04822,sên,v04822.mp3,4132,từsinh,mismatch
v04823,sênh,v04823.mp3,6392,sen,mismatch
v04824,sì,v04824.mp3,4794,tửsĩ,mismatch
v04825,sìn,v04825.mp3,4388,xin,mismatch
v04826,sình,v04826.mp3,4064,từsền,mismatch
v04827,sí,v04827.mp3,7080,sí,ok
v04828,sím,v04828.mp3,6577,xiếm,mismatch
v04829,sín,v04829.mp3,5044,xứng,mismatch
v04830,sính,v04830.mp3,3903,xin,mismatch
v04831,síp,v04831.mp3,5036,từxiết,mismatch
v04832,sít,v04832.mp3,5289,xích,mismatch
v04833,síu,v04833.mp3,6669,xíu,mismatch
v04834,sò,v04834.mp3,3057,sợ,mismatch
v04835,sòm,v04835.mp3,5566,song,mismatch
v04836,sòn,v04836.mp3,5686,sau,mismatch
v04837,sòng,v04837.mp3,2806,song,tone_mismatch
v04838,só,v04838.mp3,5630,só,ok
v04839,sóc,v04839.mp3,805,sốc,mismatch
v04840,sói,v04840.mp3,3300,sói,ok
v04841,són,v04841.mp3,4955,sáu,mismatch
v04842,sóng,v04842.mp3,994,sống,mismatch
v04843,sót,v04843.mp3,1525,từsóc,mismatch
v04844,sô,v04844.mp3,2728,từsau,mismatch
v04845,sôi,v04845.mp3,1456,rồi,mismatch
v04846,sôn,v04846.mp3,6783,tửxuân,mismatch
v04847,sông,v04847.mp3,731,song,mismatch
v04848,sõi,v04848.mp3,4921,sởi,mismatch
v04849,sõng,v04849.mp3,4867,sáu,mismatch
v04850,sù,v04850.mp3,5469,sau,mismatch
v04851,sùi,v04851.mp3,3180,từsùi,mismatch
v04852,sùm,v04852.mp3,5962,sâm,mismatch
v04853,sùng,v04853.mp3,3067,sung,tone_mismatch
v04854,sú,v04854.mp3,3544,số,mismatch
v04855,súa,v04855.mp3,5303,từsúđến,mismatch
v04856,súc,v04856.mp3,2189,súp,mismatch
v04857,súi,v04857.mp3,6533,sới,mismatch
v04858,sún,v04858.mp3,5853,súng,mismatch
v04859,súng,v04859.mp3,1241,súng,ok
v04860,súp,v04860.mp3,2779,sức,mismatch
v04861,sút,v04861.mp3,2191,từsuất,mismatch
v04862,sý,v04862.mp3,6842,tửxí,mismatch
v04863,săm,v04863.mp3,3921,từsâm,mismatch
v04864,săn,v04864.mp3,1542,sắng,mismatch
v04865,săng,v04865.mp3,6021,từxăng,mismatch
v04866,sĩ,v04866.mp3,207,trí,mismatch
v04867,sũ,v04867.mp3,5450,sấu,mismatch
v04868,sũng,v04868.mp3,4618,sống,mismatch
v04869,sơ,v04869.mp3,518,sao,mismatch
v04870,sơi,v04870.mp3,6304,từxây,mismatch
v04871,sơm,v04871.mp3,6019,sớm,tone_mismatch
v04872,sơn,v04872.mp3,432,từsưng,mismatch
v04873,sư,v04873.mp3,638,sư,ok
v04874,sưa,v04874.mp3,2919,xưa,mismatch
v04875,sưng,v04875.mp3,2286,tựxưng,mismatch
v04876,sưu,v04876.mp3,1867,xu,mismatch
v04877,sương,v04877.mp3,1886,từsương,mismatch
v04878,sướng,v04878.mp3,2147,sướng,ok
v04879,sướt,v04879.mp3,5071,sức,mismatch
v04880,sườn,v04880.mp3,2331,khi,mismatch
v04881,sưởi,v04881.mp3,2961,sới,mismatch
v04882,sượng,v04882.mp3,4885,từsửng,mismatch
v04883,sượt,v04883.mp3,4861,sực,mismatch
v04884,sạ,v04884.mp3,4245,chà,mismatch
v04885,sạc,v04885.mp3,3230,từxa,mismatch
v04886,sạch,v04886.mp3,923,từsạch,mismatch
v04887,sại,v04887.mp3,5708,trái,mismatch
v04888,sạm,v04888.mp3,3213,từtrạm,mismatch
v04889,sạn,v04889.mp3,1105,từsàn,mismatch
v04890,sạnh,v04890.mp3,6020,sẵn,mismatch
v04891,sạo,v04891.mp3,5716,cháo,mismatch
v04892,sạp,v04892.mp3,2860,tựsạp,mismatch
v04893,sạt,v04893.mp3,1829,sạc,mismatch
v04894,sả,v04894.mp3,3273,sả,ok
v04895,sải,v04895.mp3,3492,sải,ok
v04896,sảm,v04896.mp3,6670,sám,tone_mismatch
v04897,sản,v04897.mp3,113,từsáng,mismatch
v04898,sảng,v04898.mp3,2976,sáng,tone_mismatch
v04899,sảnh,v04899.mp3,2808,từsắn,mismatch
v04900,sảo,v04900.mp3,3189,từsảo,mismatch
v04901,sảy,v04901.mp3,3262,sẩy,mismatch
v04902,sấm,v04902.mp3,3799,từxóm,mismatch
v04903,sấn,v04903.mp3,5161,sớm,mismatch
v04904,sấp,v04904.mp3,3766,sắc,mismatch
v04905,sất,v04905.mp3,6503,từsức,mismatch
v04906,sấu,v04906.mp3,2644,sấu,ok
v04907,sấy,v04907.mp3,2752,từxế,mismatch
v04908,sầm,v04908.mp3,2375,sâm,tone_mismatch
v04909,sần,v04909.mp3,3460,sang,mismatch
v04910,sầu,v04910.mp3,2513,sâu,tone_mismatch
v04911,sẩm,v04911.mp3,4821,từsẩm,mismatch
v04912,sẩn,v04912.mp3,5102,sẵn,mismatch
v04913,sẩy,v04913.mp3,3816,sảy,mismatch
v04914,sẫm,v04914.mp3,3534,sấm,tone_mismatch
v04915,sậm,v04915.mp3,4003,sẫm,tone_mismatch
v04916,sập,v04916.mp3,1630,sạp,mismatch
v04917,sật,v04917.mp3,4926,sặc,mismatch
v04918,sậu,v04918.mp3,5567,sầu,tone_mismatch
v04919,sậy,v04919.mp3,4726,sảy,mismatch
v04920,sắc,v04920.mp3,607,sắc,ok
v04921,sắm,v04921.mp3,1384,sấm,mismatch
v04922,sắn,v04922.mp3,2800,sắn,ok
v04923,sắng,v04923.mp3,4211,từsáng,mismatch
v04924,sắp,v04924.mp3,970,sắp,ok
v04925,sắt,v04925.mp3,993,từsắc,mismatch
v04926,sằn,v04926.mp3,6094,cửsân,mismatch
v04927,sằng,v04927.mp3,6142,sẵn,mismatch
v04928,sẳn,v04928.mp3,5856,từsẵn,mismatch
v04929,sẵn,v04929.mp3,946,sóng,mismatch
v04930,sẵng,v04930.mp3,5791,sẵn,mismatch
v04931,sặc,v04931.mp3,3054,sạc,mismatch
v04932,sặt,v04932.mp3,5964,sắc,mismatch
v04933,sẹc,v04933.mp3,6060,sẽ,mismatch
v04934,sẹo,v04934.mp3,2454,sều,mismatch
v04935,sẻ,v04935.mp3,411,sẽ,tone_mismatch
v04936,sẻn,v04936.mp3,5280,sảnh,mismatch
v04937,sẻng,v04937.mp3,7082,sánh,mismatch
v04938,sẽ,v04938.mp3,53,sẽ,ok
v04939,sến,v04939.mp3,3650,sến,ok
v04940,sếnh,v04940.mp3,5916,từsánh,mismatch
v04941,sếp,v04941.mp3,2137,xếp,mismatch
v04942,sết,v04942.mp3,7081,sếp,mismatch
v04943,sếu,v04943.mp3,4931,sếu,ok
v04944,sề,v04944.mp3,4412,xề,mismatch
v04945,sền,v04945.mp3,4633,sen,mismatch
v04946,sềnh,v04946.mp3,6502,sân,mismatch
v04947,sển,v04947.mp3,4965,sảnh,mismatch
v04948,sểnh,v04948.mp3,5587,sẵn,mismatch
v04949,sệ,v04949.mp3,5205,sẽ,mismatch
v04950,sện,v04950.mp3,7083,từsảnh,mismatch
v04951,sệt,v04951.mp3,3440,sẽ,mismatch
v04952,sỉ,v04952.mp3,3000,từsĩ,mismatch
v04953,sỉa,v04953.mp3,6117,sĩa,tone_mismatch
v04954,sỉn,v04954.mp3,6305,chính,mismatch
v04955,sị,v04955.mp3,7079,sì,tone_mismatch
v04956,sịa,v04956.mp3,6391,sĩa,tone_mismatch
v04957,sịch,v04957.mp3,6626,từsự,mismatch
v04958,sịp,v04958.mp3,7078,xịp,mismatch
v04959,sịt,v04959.mp3,5580,sệt,mismatch
v04960,sọ,v04960.mp3,2215,từsọ,mismatch
v04961,sọc,v04961.mp3,3630,từsọc,mismatch
v04962,sọt,v04962.mp3,4286,sặc,mismatch
v04963,sỏ,v04963.mp3,4725,rõ,mismatch
v04964,sỏi,v04964.mp3,2400,sởi,mismatch
v04965,số,v04965.mp3,60,từsuốt,mismatch
v04966,sốc,v04966.mp3,1602,sốc,ok
v04967,sống,v04967.mp3,204,từsóng,mismatch
v04968,sốp,v04968.mp3,5197,từshop,mismatch
v04969,sốt,v04969.mp3,1203,sốt,ok
v04970,sồ,v04970.mp3,5419,từsố,mismatch
v04971,sồi,v04971.mp3,4811,tửsố,mismatch
v04972,sồn,v04972.mp3,5963,từsông,mismatch
v04973,sồng,v04973.mp3,4842,song,mismatch
v04974,sổ,v04974.mp3,1276,số,tone_mismatch
v04975,sổi,v04975.mp3,6271,sổi,ok
v04976,sổm,v04976.mp3,6904,từsổm,mismatch
v04977,sổng,v04977.mp3,4546,sống,tone_mismatch
v04978,sỗ,v04978.mp3,5556,sấu,mismatch
v04979,sộ,v04979.mp3,3353,họ,mismatch
v04980,sộc,v04980.mp3,6059,từsộc,mismatch
v04981,sội,v04981.mp3,7077,từsổi,mismatch
v04982,sộng,v04982.mp3,6966,sốc,mismatch
v04983,sộp,v04983.mp3,5279,sạp,mismatch
v04984,sột,v04984.mp3,5915,số,mismatch
v04985,sớ,v04985.mp3,4702,từsuất,mismatch
v04986,sới,v04986.mp3,4012,sấy,mismatch
v04987,sớm,v04987.mp3,732,sớm,ok
v04988,sớt,v04988.mp3,5654,sức,mismatch
v04989,sờ,v04989.mp3,2648,tựdo,mismatch
v04990,sờn,v04990.mp3,4749,từsân,mismatch
v04991,sở,v04991.mp3,187,sở,ok
v04992,sởi,v04992.mp3,3084,sới,tone_mismatch
v04993,sởn,v04993.mp3,5255,sững,mismatch
v04994,sỡ,v04994.mp3,3024,sở,tone_mismatch
v04995,sợ,v04995.mp3,848,từsở,mismatch
v04996,sợi,v04996.mp3,1779,sợi,ok
v04997,sụ,v04997.mp3,5147,số,mismatch
v04998,sụa,v04998.mp3,4982,sủa,tone_mismatch
v04999,sục,v04999.mp3,3130,sục,ok
v05000,sụm,v05000.mp3,7076,sấm,mismatch
v05001,sụn,v05001.mp3,3052,sống,mismatch
v05002,sụng,v05002.mp3,6093,sống,mismatch
v05003,sụp,v05003.mp3,2245,từsập,mismatch
v05004,sụt,v05004.mp3,1940,từsục,mismatch
v05005,sủ,v05005.mp3,3731,từsố,mismatch
v05006,sủa,v05006.mp3,3398,từsuốt,mismatch
v05007,sủi,v05007.mp3,4248,sối,mismatch
v05008,sủng,v05008.mp3,4399,súng,tone_mismatch
v05009,sứ,v05009.mp3,1228,từsức,mismatch
v05010,sứa,v05010.mp3,3699,chứ,mismatch
v05011,sức,v05011.mp3,347,sức,ok
v05012,sứt,v05012.mp3,3881,sức,mismatch
v05013,sừ,v05013.mp3,5622,sự,tone_mismatch
v05014,sừn,v05014.mp3,6782,tựsưng,mismatch
v05015,sừng,v05015.mp3,2583,từsừng,mismatch
v05016,sử,v05016.mp3,249,từsử,mismatch
v05017,sửa,v05017.mp3,901,từxứ,mismatch
v05018,sửng,v05018.mp3,3468,từsứng,mismatch
v05019,sửu,v05019.mp3,3090,xỉu,mismatch
v05020,sữa,v05020.mp3,919,từsữa,mismatch
v05021,sững,v05021.mp3,3365,sứng,tone_mismatch
v05022,sự,v05022.mp3,56,sự,ok
v05023,sực,v05023.mp3,4402,sức,tone_mismatch
v05024,sựt,v05024.mp3,6007,từsự,mismatch
v05025,sỳ,v05025.mp3,6625,từgì,mismatch
v05026,sỹ,v05026.mp3,933,từsĩ,mismatch
v05027,ta,v05027.mp3,317,ta,ok
v05028,tai,v05028.mp3,601,tay,mismatch
v05029,tam,v05029.mp3,1407,tăm,mismatch
v05030,tan,v05030.mp3,1412,tăng,mismatch
v05031,tang,v05031.mp3,1180,tanh,mismatch
v05032,tanh,v05032.mp3,3191,tấn,mismatch
v05033,tao,v05033.mp3,2206,tao,ok
v05034,tau,v05034.mp3,4397,tấu,mismatch
v05035,tay,v05035.mp3,361,tây,mismatch
v05036,te,v05036.mp3,4131,tê,mismatch
v05037,tem,v05037.mp3,2482,tem,ok
v05038,ten,v05038.mp3,2762,tên,mismatch
v05039,teng,v05039.mp3,5774,tên,mismatch
v05040,teo,v05040.mp3,2898,teo,ok
v05041,tha,v05041.mp3,1654,tha,ok
v05042,thai,v05042.mp3,886,thay,mismatch
v05043,tham,v05043.mp3,246,tham,ok
v05044,than,v05044.mp3,1439,thao,mismatch
v05045,thang,v05045.mp3,1341,than,mismatch
v05046,thanh,v05046.mp3,154,thanh,ok
v05047,thao,v05047.mp3,1125,khẩu,mismatch
v05048,thau,v05048.mp3,3723,thâu,mismatch
v05049,thay,v05049.mp3,418,thầy,mismatch
v05050,the,v05050.mp3,891,kê,mismatch
v05051,them,v05051.mp3,4220,thêm,mismatch
v05052,then,v05052.mp3,2916,khen,mismatch
v05053,theo,v05053.mp3,41,theo,ok
v05054,thi,v05054.mp3,124,khi,mismatch
v05055,thia,v05055.mp3,5238,kỳ,mismatch
v05056,thim,v05056.mp3,6839,thêm,mismatch
v05057,thin,v05057.mp3,4903,khanh,mismatch
v05058,thinh,v05058.mp3,3393,thân,mismatch
v05059,thiu,v05059.mp3,3571,thưu,mismatch
v05060,thiêm,v05060.mp3,2690,khiêm,mismatch
v05061,thiên,v05061.mp3,729,phiên,mismatch
v05062,thiêng,v05062.mp3,2197,hình,mismatch
v05063,thiêu,v05063.mp3,2252,thêu,mismatch
v05064,thiếc,v05064.mp3,4434,thiếc,ok
v05065,thiến,v05065.mp3,5870,thính,mismatch
v05066,thiếp,v05066.mp3,3461,thiếp,ok
v05067,thiết,v05067.mp3,373,thích,mismatch
v05068,thiếu,v05068.mp3,543,thiếu,ok
v05069,thiềm,v05069.mp3,5578,khiêm,mismatch
v05070,thiền,v05070.mp3,2831,thiên,tone_mismatch
v05071,thiềng,v05071.mp3,5277,thiền,mismatch
v05072,thiều,v05072.mp3,2441,cừu,mismatch
v05073,thiểm,v05073.mp3,4697,hiếm,mismatch
v05074,thiển,v05074.mp3,4508,thiển,ok
v05075,thiểu,v05075.mp3,1313,thiếu,tone_mismatch
v05076,thiện,v05076.mp3,647,thị,mismatch
v05077,thiệp,v05077.mp3,1599,thịt,mismatch
v05078,thiệt,v05078.mp3,904,kiệt,mismatch
v05079,thiệu,v05079.mp3,986,hiểu,mismatch
v05080,tho,v05080.mp3,2406,thơ,mismatch
v05081,thoa,v05081.mp3,2274,thoa,ok
v05082,thoai,v05082.mp3,3195,thay,mismatch
v05083,thoan,v05083.mp3,4771,vâng,mismatch
v05084,thoang,v05084.mp3,4596,thưaanh,mismatch
v05085,thoi,v05085.mp3,3504,thay,mismatch
v05086,thom,v05086.mp3,4763,thăm,mismatch
v05087,thon,v05087.mp3,2447,thân,mismatch
v05088,thong,v05088.mp3,3327,không,mismatch
v05089,thoong,v05089.mp3,5226,thông,mismatch
v05090,thoàn,v05090.mp3,5468,hoàng,mismatch
v05091,thoá,v05091.mp3,5035,thoáng,mismatch
v05092,thoái,v05092.mp3,1741,thoái,ok
v05093,thoán,v05093.mp3,6529,hắn,mismatch
v05094,thoáng,v05094.mp3,1796,thoáng,ok
v05095,thoát,v05095.mp3,942,thoát,ok
v05096,thoã,v05096.mp3,5869,thoáng,mismatch
v05097,thoăn,v05097.mp3,4485,thăng,mismatch
v05098,thoại,v05098.mp3,666,khải,mismatch
v05099,thoạn,v05099.mp3,7069,thoáng,mismatch
v05100,thoạt,v05100.mp3,3528,thoạt,ok
v05101,thoả,v05101.mp3,1098,thỏa,tone_mismatch
v05102,thoải,v05102.mp3,1483,hỏi,mismatch
v05103,thoản,v05103.mp3,6575,thoáng,mismatch
v05104,thoảng,v05104.mp3,1837,thoảng,ok
v05105,thoắt,v05105.mp3,3932,thất,mismatch
v05106,thu,v05106.mp3,161,thu,ok
v05107,thua,v05107.mp3,1499,thuốc,mismatch
v05108,thui,v05108.mp3,3931,thôi,mismatch
v05109,thum,v05109.mp3,5621,thươm,mismatch
v05110,thun,v05110.mp3,3269,thung,mismatch
v05111,thung,v05111.mp3,2835,thống,mismatch
v05112,thuy,v05112.mp3,1769,thuê,mismatch
v05113,thuyên,v05113.mp3,2412,thuyên,ok
v05114,thuyến,v05114.mp3,5620,thuyến,ok
v05115,thuyết,v05115.mp3,1177,thuyết,ok
v05116,thuyền,v05116.mp3,1217,thuyền,ok
v05117,thuyển,v05117.mp3,3936,thiển,mismatch
v05118,thuyện,v05118.mp3,5913,thiện,mismatch
v05119,thuân,v05119.mp3,5116,thúng,mismatch
v05120,thuê,v05120.mp3,763,thuê,ok
v05121,thuôn,v05121.mp3,5457,thôn,mismatch
v05122,thuông,v05122.mp3,6500,thung,mismatch
v05123,thuý,v05123.mp3,1281,thuyết,mismatch
v05124,thuấn,v05124.mp3,3326,thúng,mismatch
v05125,thuần,v05125.mp3,1747,thuần,ok
v05126,thuẩn,v05126.mp3,5707,thứng,mismatch
v05127,thuẫn,v05127.mp3,1440,thúng,mismatch
v05128,thuận,v05128.mp3,556,thuận,ok
v05129,thuật,v05129.mp3,431,thuộc,mismatch
v05130,thuế,v05130.mp3,665,thuế,ok
v05131,thuốc,v05131.mp3,550,thuốc,ok
v05132,thuồng,v05132.mp3,5034,thùng,mismatch
v05133,thuổng,v05133.mp3,5933,thủng,mismatch
v05134,thuộc,v05134.mp3,420,thuộc,ok
v05135,thuộm,v05135.mp3,4724,thơm,mismatch
v05136,thuột,v05136.mp3,2451,thuộc,mismatch
v05137,thuở,v05137.mp3,2708,thở,mismatch
v05138,thuỳ,v05138.mp3,1584,thuyền,mismatch
v05139,thuỵ,v05139.mp3,1635,thủy,tone_mismatch
v05140,thuỷ,v05140.mp3,616,thủy,tone_mismatch
v05141,thy,v05141.mp3,2966,thi,mismatch
v05142,thà,v05142.mp3,2615,tha,tone_mismatch
v05143,thài,v05143.mp3,6178,thầy,mismatch
v05144,thàn,v05144.mp3,6006,hàng,mismatch
v05145,thàng,v05145.mp3,4810,than,mismatch
v05146,thành,v05146.mp3,49,thành,ok
v05147,thào,v05147.mp3,3954,thao,tone_mismatch
v05148,thày,v05148.mp3,4171,thay,tone_mismatch
v05149,thá,v05149.mp3,6390,hả,mismatch
v05150,thác,v05150.mp3,932,thác,ok
v05151,thách,v05151.mp3,1168,thất,mismatch
v05152,thái,v05152.mp3,436,thấy,mismatch
v05153,thám,v05153.mp3,2251,thắm,mismatch
v05154,thán,v05154.mp3,3173,thánh,mismatch
v05155,tháng,v05155.mp3,173,kháng,mismatch
v05156,thánh,v05156.mp3,1768,khánh,mismatch
v05157,tháo,v05157.mp3,1369,tháo,ok
v05158,tháp,v05158.mp3,1460,tháp,ok
v05159,thát,v05159.mp3,5741,thác,mismatch
v05160,tháy,v05160.mp3,6841,thấy,mismatch
v05161,thâm,v05161.mp3,1799,thăm,mismatch
v05162,thân,v05162.mp3,333,thân,ok
v05163,thâu,v05163.mp3,2735,thầu,tone_mismatch
v05164,thây,v05164.mp3,4744,hay,mismatch
v05165,thãi,v05165.mp3,4690,thái,tone_mismatch
v05166,thão,v05166.mp3,6965,tháo,tone_mismatch
v05167,thè,v05167.mp3,5871,thè,ok
v05168,thèm,v05168.mp3,2260,thêm,mismatch
v05169,thèn,v05169.mp3,5740,than,mismatch
v05170,thé,v05170.mp3,5715,thế,mismatch
v05171,thém,v05171.mp3,7072,thèm,tone_mismatch
v05172,thén,v05172.mp3,7071,tháng,mismatch
v05173,théo,v05173.mp3,6840,thếu,mismatch
v05174,thép,v05174.mp3,1405,thế,mismatch
v05175,thét,v05175.mp3,3145,thế,mismatch
v05176,thê,v05176.mp3,3127,thế,tone_mismatch
v05177,thêm,v05177.mp3,322,thêm,ok
v05178,thên,v05178.mp3,6501,then,mismatch
v05179,thênh,v05179.mp3,4297,thân,mismatch
v05180,thêu,v05180.mp3,2929,theo,mismatch
v05181,thì,v05181.mp3,74,thiệt,mismatch
v05182,thìa,v05182.mp3,2358,kìa,mismatch
v05183,thìm,v05183.mp3,6531,khiêm,mismatch
v05184,thìn,v05184.mp3,3200,tìm,mismatch
v05185,thình,v05185.mp3,4078,thần,mismatch
v05186,thí,v05186.mp3,485,thích,mismatch
v05187,thía,v05187.mp3,3535,thế,mismatch
v05188,thích,v05188.mp3,450,thích,ok
v05189,thím,v05189.mp3,4533,hiến,mismatch
v05190,thín,v05190.mp3,6530,thính,mismatch
v05191,thính,v05191.mp3,2439,kính,mismatch
v05192,thíp,v05192.mp3,5889,thiếp,mismatch
v05193,thít,v05193.mp3,4223,thích,mismatch
v05194,thò,v05194.mp3,3634,thơ,mismatch
v05195,thòi,v05195.mp3,2390,thời,mismatch
v05196,thòm,v05196.mp3,5497,thơm,mismatch
v05197,thòn,v05197.mp3,5685,thân,mismatch
v05198,thòng,v05198.mp3,4598,thông,mismatch
v05199,thó,v05199.mp3,4522,thoát,mismatch
v05200,thóc,v05200.mp3,3288,thóc,ok
v05201,thói,v05201.mp3,1455,thới,mismatch
v05202,thóng,v05202.mp3,6964,thống,mismatch
v05203,thóp,v05203.mp3,3909,thấp,mismatch
v05204,thót,v05204.mp3,3704,thất,mismatch
v05205,thô,v05205.mp3,1759,thô,ok
v05206,thôi,v05206.mp3,914,thôi,ok
v05207,thôm,v05207.mp3,6668,thơm,mismatch
v05208,thôn,v05208.mp3,795,thôn,ok
v05209,thông,v05209.mp3,80,không,mismatch
v05210,thõng,v05210.mp3,5249,thống,mismatch
v05211,thù,v05211.mp3,1355,thồ,mismatch
v05212,thùa,v05212.mp3,5356,thua,tone_mismatch
v05213,thùm,v05213.mp3,6963,thùm,ok
v05214,thùng,v05214.mp3,1337,thông,mismatch
v05215,thú,v05215.mp3,850,thuốc,mismatch
v05216,thúc,v05216.mp3,816,thúc,ok
v05217,thúi,v05217.mp3,5489,thúi,ok
v05218,thúng,v05218.mp3,3546,thúng,ok
v05219,thút,v05219.mp3,4992,thúc,mismatch
v05220,thăm,v05220.mp3,761,thăm,ok
v05221,thăn,v05221.mp3,4443,thắng,mismatch
v05222,thăng,v05222.mp3,1092,thăng,ok
v05223,thũng,v05223.mp3,5141,thúng,tone_mismatch
v05224,thơ,v05224.mp3,826,thơ,ok
v05225,thơi,v05225.mp3,3714,thi,mismatch
v05226,thơm,v05226.mp3,1446,thơm,ok
v05227,thơn,v05227.mp3,7067,hơn,mismatch
v05228,thư,v05228.mp3,387,thư,ok
v05229,thưa,v05229.mp3,1661,thưa,ok
v05230,thưn,v05230.mp3,7066,thức,mismatch
v05231,thưng,v05231.mp3,5739,thương,mismatch
v05232,thươn,v05232.mp3,7065,thương,mismatch
v05233,thương,v05233.mp3,178,cưng,mismatch
v05234,thước,v05234.mp3,1718,trước,mismatch
v05235,thướng,v05235.mp3,5650,thứ,mismatch
v05236,thướt,v05236.mp3,4083,thước,mismatch
v05237,thườn,v05237.mp3,5753,thực,mismatch
v05238,thường,v05238.mp3,181,thường,ok
v05239,thưởng,v05239.mp3,730,thưởng,ok
v05240,thược,v05240.mp3,4529,được,mismatch
v05241,thượng,v05241.mp3,1019,thưởng,tone_mismatch
v05242,thượt,v05242.mp3,5475,thực,mismatch
v05243,thạ,v05243.mp3,6241,hà,mismatch
v05244,thạc,v05244.mp3,1785,hạ,mismatch
v05245,thạch,v05245.mp3,1383,thật,mismatch
v05246,thạnh,v05246.mp3,1443,thành,tone_mismatch
v05247,thạo,v05247.mp3,2607,tháo,tone_mismatch
v05248,thạp,v05248.mp3,5596,hạ,mismatch
v05249,thạt,v05249.mp3,5961,thẹ,mismatch
v05250,thả,v05250.mp3,1551,hả,mismatch
v05251,thải,v05251.mp3,1044,thải,ok
v05252,thảm,v05252.mp3,1398,thắm,mismatch
v05253,thản,v05253.mp3,2374,tháng,mismatch
v05254,thảng,v05254.mp3,4437,thẳng,mismatch
v05255,thảnh,v05255.mp3,3697,thánh,tone_mismatch
v05256,thảo,v05256.mp3,645,thảo,ok
v05257,thảy,v05257.mp3,3927,thấy,mismatch
v05258,thấm,v05258.mp3,2057,khấm,mismatch
v05259,thấn,v05259.mp3,6326,thắng,mismatch
v05260,thấp,v05260.mp3,674,thấp,ok
v05261,thất,v05261.mp3,885,thức,mismatch
v05262,thấu,v05262.mp3,1934,thấu,ok
v05263,thấy,v05263.mp3,171,thấy,ok
v05264,thầm,v05264.mp3,1931,thăm,mismatch
v05265,thần,v05265.mp3,613,thần,ok
v05266,thầu,v05266.mp3,1279,cậu,mismatch
v05267,thầy,v05267.mp3,801,thầy,ok
v05268,thẩm,v05268.mp3,678,thẩm,ok
v05269,thẩn,v05269.mp3,4479,thẩn,ok
v05270,thẩu,v05270.mp3,6240,thổ,mismatch
v05271,thẩy,v05271.mp3,6270,thấy,tone_mismatch
v05272,thẫm,v05272.mp3,4221,thấm,tone_mismatch
v05273,thẫn,v05273.mp3,3939,thẩn,tone_mismatch
v05274,thậm,v05274.mp3,811,thậm,ok
v05275,thận,v05275.mp3,1192,thần,tone_mismatch
v05276,thập,v05276.mp3,1308,thập,ok
v05277,thật,v05277.mp3,544,thực,mismatch
v05278,thắc,v05278.mp3,1760,cắt,mismatch
v05279,thắm,v05279.mp3,2162,thắm,ok
v05280,thắn,v05280.mp3,1916,thắng,mismatch
v05281,thắng,v05281.mp3,773,thắng,ok
v05282,thắp,v05282.mp3,2212,thấp,mismatch
v05283,thắt,v05283.mp3,1917,thắt,ok
v05284,thằn,v05284.mp3,4581,thăng,mismatch
v05285,thằng,v05285.mp3,1945,thăng,tone_mismatch
v05286,thẳm,v05286.mp3,3142,thắm,tone_mismatch
v05287,thẳn,v05287.mp3,6091,thắng,mismatch
v05288,thẳng,v05288.mp3,911,thắng,tone_mismatch
v05289,thặng,v05289.mp3,3835,thắng,tone_mismatch
v05290,thặt,v05290.mp3,7073,thật,mismatch
v05291,thẹn,v05291.mp3,3948,thệnh,mismatch
v05292,thẹo,v05292.mp3,3489,khều,mismatch
v05293,thẻ,v05293.mp3,1209,hẽ,mismatch
v05294,thẻn,v05294.mp3,5914,kính,mismatch
v05295,thẻo,v05295.mp3,6902,théo,tone_mismatch
v05296,thẽ,v05296.mp3,6780,thế,mismatch
v05297,thế,v05297.mp3,111,thế,ok
v05298,thếch,v05298.mp3,5297,khách,mismatch
v05299,thếnh,v05299.mp3,5789,thần,mismatch
v05300,thếp,v05300.mp3,5082,kép,mismatch
v05301,thết,v05301.mp3,5262,kết,mismatch
v05302,thề,v05302.mp3,2759,thề,ok
v05303,thềm,v05303.mp3,2781,thèm,mismatch
v05304,thềnh,v05304.mp3,6239,thần,mismatch
v05305,thều,v05305.mp3,4780,theo,mismatch
v05306,thể,v05306.mp3,40,thể,ok
v05307,thểu,v05307.mp3,5393,théo,mismatch
v05308,thệ,v05308.mp3,3056,thể,tone_mismatch
v05309,thỉ,v05309.mp3,3915,thị,tone_mismatch
v05310,thỉnh,v05310.mp3,2020,kính,mismatch
v05311,thỉu,v05311.mp3,4130,thiếu,mismatch
v05312,thị,v05312.mp3,112,kỳ,mismatch
v05313,thịch,v05313.mp3,5385,thật,mismatch
v05314,thịnh,v05314.mp3,1396,thịnh,ok
v05315,thịt,v05315.mp3,820,thật,mismatch
v05316,thịu,v05316.mp3,7070,thiếu,mismatch
v05317,thọ,v05317.mp3,1137,thở,mismatch
v05318,thọc,v05318.mp3,4849,thọc,ok
v05319,thọn,v05319.mp3,6714,thận,mismatch
v05320,thọt,v05320.mp3,5811,thọ,mismatch
v05321,thỏ,v05321.mp3,3025,thở,mismatch
v05322,thỏi,v05322.mp3,3270,thởi,mismatch
v05323,thỏm,v05323.mp3,3374,thẩm,mismatch
v05324,thỏn,v05324.mp3,7068,thỏm,mismatch
v05325,thố,v05325.mp3,3920,thuốc,mismatch
v05326,thốc,v05326.mp3,4689,thóc,mismatch
v05327,thối,v05327.mp3,2174,thối,ok
v05328,thốn,v05328.mp3,2474,húng,mismatch
v05329,thống,v05329.mp3,295,thống,ok
v05330,thốt,v05330.mp3,2532,thúc,mismatch
v05331,thồ,v05331.mp3,4535,thổ,tone_mismatch
v05332,thồng,v05332.mp3,6077,thông,tone_mismatch
v05333,thổ,v05333.mp3,1358,thổ,ok
v05334,thổi,v05334.mp3,2105,thối,tone_mismatch
v05335,thổn,v05335.mp3,4060,thủng,mismatch
v05336,thớ,v05336.mp3,4094,thớ,ok
v05337,thới,v05337.mp3,2348,thới,ok
v05338,thớm,v05338.mp3,5731,thớm,ok
v05339,thớt,v05339.mp3,3290,thớt,ok
v05340,thờ,v05340.mp3,1475,thật,mismatch
v05341,thời,v05341.mp3,79,thời,ok
v05342,thờm,v05342.mp3,6715,thơm,tone_mismatch
v05343,thở,v05343.mp3,1261,thở,ok
v05344,thởi,v05344.mp3,6090,thới,tone_mismatch
v05345,thợ,v05345.mp3,1657,thở,tone_mismatch
v05346,thụ,v05346.mp3,873,thầu,mismatch
v05347,thục,v05347.mp3,2322,có,mismatch
v05348,thụng,v05348.mp3,5458,thủng,tone_mismatch
v05349,thụp,v05349.mp3,5555,thực,mismatch
v05350,thụt,v05350.mp3,3606,thục,mismatch
v05351,thủ,v05351.mp3,233,thú,tone_mismatch
v05352,thủa,v05352.mp3,4327,thủ,mismatch
v05353,thủi,v05353.mp3,4148,thổi,mismatch
v05354,thủm,v05354.mp3,6838,thấm,mismatch
v05355,thủng,v05355.mp3,2525,tổngthống,mismatch
v05356,thứ,v05356.mp3,300,thước,mismatch
v05357,thức,v05357.mp3,244,thức,ok
v05358,thứu,v05358.mp3,6962,kếhoạch,mismatch
v05359,thừ,v05359.mp3,5237,thư,tone_mismatch
v05360,thừa,v05360.mp3,776,thừa,ok
v05361,thừng,v05361.mp3,3157,thử,mismatch
v05362,thử,v05362.mp3,909,thử,ok
v05363,thửa,v05363.mp3,2315,thử,mismatch
v05364,thửng,v05364.mp3,6667,thử,mismatch
v05365,thững,v05365.mp3,5333,thử,mismatch
v05366,thự,v05366.mp3,1401,thử,tone_mismatch
v05367,thực,v05367.mp3,86,thực,ok
v05368,thựu,v05368.mp3,6666,thiếu,mismatch
v05369,ti,v05369.mp3,2301,tỳ,mismatch
v05370,tia,v05370.mp3,2310,ti,mismatch
v05371,tim,v05371.mp3,883,thêm,mismatch
v05372,tin,v05372.mp3,138,tinh,mismatch
v05373,tinh,v05373.mp3,557,tân,mismatch
v05374,tiu,v05374.mp3,5796,tu,mismatch
v05375,tiêm,v05375.mp3,1295,tim,mismatch
v05376,tiên,v05376.mp3,376,kinh,mismatch
v05377,tiêng,v05377.mp3,4907,kinh,mismatch
v05378,tiêu,v05378.mp3,242,tiêu,ok
v05379,tiếc,v05379.mp3,1406,tiếc,ok
v05380,tiếm,v05380.mp3,5384,tiếng,mismatch
v05381,tiến,v05381.mp3,326,tính,mismatch
v05382,tiếng,v05382.mp3,304,tiếng,ok
v05383,tiếp,v05383.mp3,125,tiếp,ok
v05384,tiết,v05384.mp3,455,tiếc,mismatch
v05385,tiếu,v05385.mp3,2909,tiếu,ok
v05386,tiềm,v05386.mp3,1339,tìm,mismatch
v05387,tiền,v05387.mp3,134,tiền,ok
v05388,tiềng,v05388.mp3,6426,tiền,mismatch
v05389,tiều,v05389.mp3,3956,tiểu,tone_mismatch
v05390,tiểm,v05390.mp3,6389,tiệm,tone_mismatch
v05391,tiển,v05391.mp3,5296,tiễn,tone_mismatch
v05392,tiểng,v05392.mp3,5827,tiễn,mismatch
v05393,tiểu,v05393.mp3,767,tiếu,tone_mismatch
v05394,tiễn,v05394.mp3,1627,tiếng,mismatch
v05395,tiễng,v05395.mp3,6116,tiễn,mismatch
v05396,tiễu,v05396.mp3,5366,tửu,mismatch
v05397,tiệc,v05397.mp3,1537,tiền,mismatch
v05398,tiệm,v05398.mp3,1566,điểm,mismatch
v05399,tiện,v05399.mp3,676,tỉnh,mismatch
v05400,tiệp,v05400.mp3,2799,tiệp,ok
v05401,tiệt,v05401.mp3,3673,tỷ,mismatch
v05402,tiệu,v05402.mp3,5332,tiểu,tone_mismatch
v05403,to,v05403.mp3,912,to,ok
v05404,toa,v05404.mp3,2396,toa,ok
v05405,toan,v05405.mp3,2419,toàn,tone_mismatch
v05406,toang,v05406.mp3,4390,toan,mismatch
v05407,toanh,v05407.mp3,4268,tân,mismatch
v05408,toe,v05408.mp3,4924,tuế,mismatch
v05409,toi,v05409.mp3,4707,tai,mismatch
v05410,tom,v05410.mp3,2370,tom,ok
v05411,ton,v05411.mp3,3700,tân,mismatch
v05412,tong,v05412.mp3,3554,tông,mismatch
v05413,toong,v05413.mp3,5565,tông,mismatch
v05414,toà,v05414.mp3,623,toà,ok
v05415,toài,v05415.mp3,7064,tòa,mismatch
v05416,toàn,v05416.mp3,166,toàn,ok
v05417,toàng,v05417.mp3,4609,toan,mismatch
v05418,toá,v05418.mp3,6499,toa,tone_mismatch
v05419,toác,v05419.mp3,4155,toát,mismatch
v05420,toái,v05420.mp3,3612,toái,ok
v05421,toán,v05421.mp3,597,toán,ok
v05422,toáng,v05422.mp3,4770,toán,mismatch
v05423,toát,v05423.mp3,2890,toát,ok
v05424,toé,v05424.mp3,3709,tế,mismatch
v05425,toét,v05425.mp3,5089,tết,mismatch
v05426,toòng,v05426.mp3,7062,tông,mismatch
v05427,toạ,v05427.mp3,1674,toà,tone_mismatch
v05428,toạc,v05428.mp3,4737,tặc,mismatch
v05429,toại,v05429.mp3,3899,toái,tone_mismatch
v05430,toạn,v05430.mp3,7063,toán,tone_mismatch
v05431,toả,v05431.mp3,1338,tỏa,tone_mismatch
v05432,toản,v05432.mp3,2820,tấn,mismatch
v05433,toẹt,v05433.mp3,5408,tuổi,mismatch
v05434,tra,v05434.mp3,172,dạ,mismatch
v05435,trai,v05435.mp3,575,trai,ok
v05436,tram,v05436.mp3,3538,trâm,mismatch
v05437,tran,v05437.mp3,1403,chanh,mismatch
v05438,trang,v05438.mp3,298,trăng,mismatch
v05439,tranh,v05439.mp3,465,tranh,ok
v05440,trao,v05440.mp3,609,cháu,mismatch
v05441,trau,v05441.mp3,2770,trâu,mismatch
v05442,tray,v05442.mp3,4759,chay,mismatch
v05443,tre,v05443.mp3,1589,tre,ok
v05444,tren,v05444.mp3,5795,chen,mismatch
v05445,treng,v05445.mp3,7060,trang,mismatch
v05446,treo,v05446.mp3,1476,n,mismatch
v05447,tri,v05447.mp3,938,chi,mismatch
v05448,tria,v05448.mp3,6836,chi,mismatch
v05449,trinh,v05449.mp3,1072,trinh,ok
v05450,triêm,v05450.mp3,5488,chim,mismatch
v05451,triên,v05451.mp3,5696,chinh,mismatch
v05452,triêng,v05452.mp3,5868,xin,mismatch
v05453,triêu,v05453.mp3,5611,chiu,mismatch
v05454,triến,v05454.mp3,6425,chín,mismatch
v05455,triết,v05455.mp3,2395,triết,ok
v05456,triền,v05456.mp3,3070,trình,mismatch
v05457,triều,v05457.mp3,1560,chiêu,mismatch
v05458,triển,v05458.mp3,210,triển,ok
v05459,triểu,v05459.mp3,7059,chỉu,mismatch
v05460,triễn,v05460.mp3,5474,chỉnh,mismatch
v05461,triện,v05461.mp3,5318,chuyển,mismatch
v05462,triệt,v05462.mp3,1601,triệt,ok
v05463,triệu,v05463.mp3,211,triệu,ok
v05464,tro,v05464.mp3,2956,cho,mismatch
v05465,troi,v05465.mp3,6385,trời,mismatch
v05466,tron,v05466.mp3,5317,trump,mismatch
v05467,trong,v05467.mp3,7,trông,mismatch
v05468,troóc,v05468.mp3,6617,chất,mismatch
v05469,tru,v05469.mp3,3906,chu,mismatch
v05470,trui,v05470.mp3,5053,chui,mismatch
v05471,trum,v05471.mp3,5730,trưng,mismatch
v05472,trun,v05472.mp3,6663,chung,mismatch
v05473,trung,v05473.mp3,82,trung,ok
v05474,truy,v05474.mp3,846,truy,ok
v05475,truyên,v05475.mp3,5507,kinh,mismatch
v05476,truyến,v05476.mp3,5771,chuyến,mismatch
v05477,truyền,v05477.mp3,382,truyền,ok
v05478,truyển,v05478.mp3,5160,chuyển,mismatch
v05479,truyện,v05479.mp3,1608,truyện,ok
v05480,truyệt,v05480.mp3,6955,truyền,mismatch
v05481,truân,v05481.mp3,4207,khutrung,mismatch
v05482,truông,v05482.mp3,4629,chuông,mismatch
v05483,truất,v05483.mp3,4640,trước,mismatch
v05484,truật,v05484.mp3,4920,chuột,mismatch
v05485,truốt,v05485.mp3,7055,trúc,mismatch
v05486,truồi,v05486.mp3,5524,chui,mismatch
v05487,truồng,v05487.mp3,4491,trung,mismatch
v05488,truột,v05488.mp3,6831,trục,mismatch
v05489,truỵ,v05489.mp3,3671,truỵ,ok
v05490,truỷ,v05490.mp3,6424,trĩ,mismatch
v05491,try,v05491.mp3,5323,trai,mismatch
v05492,trà,v05492.mp3,1055,dạ,mismatch
v05493,trài,v05493.mp3,6960,trai,tone_mismatch
v05494,tràm,v05494.mp3,2635,trump,mismatch
v05495,tràn,v05495.mp3,1350,chàng,mismatch
v05496,tràng,v05496.mp3,1762,trang,tone_mismatch
v05497,trành,v05497.mp3,5467,tranh,tone_mismatch
v05498,trào,v05498.mp3,1409,chào,mismatch
v05499,tràu,v05499.mp3,6388,châu,mismatch
v05500,trá,v05500.mp3,3249,chả,mismatch
v05501,trác,v05501.mp3,3455,chắc,mismatch
v05502,trách,v05502.mp3,508,một,mismatch
v05503,trái,v05503.mp3,548,trái,ok
v05504,trám,v05504.mp3,4082,chám,mismatch
v05505,trán,v05505.mp3,2741,chán,mismatch
v05506,tráng,v05506.mp3,1739,trắng,mismatch
v05507,tránh,v05507.mp3,764,tránh,ok
v05508,tráo,v05508.mp3,3423,cháu,mismatch
v05509,tráp,v05509.mp3,4608,cháp,mismatch
v05510,trát,v05510.mp3,4261,chắc,mismatch
v05511,trâm,v05511.mp3,2194,chăm,mismatch
v05512,trân,v05512.mp3,1576,chân,mismatch
v05513,trâng,v05513.mp3,6712,chân,mismatch
v05514,trâu,v05514.mp3,1795,châu,mismatch
v05515,trây,v05515.mp3,6498,chi,mismatch
v05516,trãi,v05516.mp3,2555,trẻ,mismatch
v05517,trèm,v05517.mp3,6387,chèm,mismatch
v05518,trèo,v05518.mp3,2578,chèo,mismatch
v05519,tré,v05519.mp3,5888,chế,mismatch
v05520,tréo,v05520.mp3,4718,chéo,mismatch
v05521,trép,v05521.mp3,6957,kếp,mismatch
v05522,trét,v05522.mp3,4958,chiếc,mismatch
v05523,trê,v05523.mp3,3855,chê,mismatch
v05524,trên,v05524.mp3,39,trên,ok
v05525,trêu,v05525.mp3,2500,treo,mismatch
v05526,trì,v05526.mp3,783,chi,mismatch
v05527,trình,v05527.mp3,105,trình,ok
v05528,trìu,v05528.mp3,3938,chu,mismatch
v05529,trí,v05529.mp3,325,chết,mismatch
v05530,tría,v05530.mp3,6302,chía,mismatch
v05531,trích,v05531.mp3,1459,chết,mismatch
v05532,trính,v05532.mp3,6140,chín,mismatch
v05533,trò,v05533.mp3,641,cho,mismatch
v05534,tròm,v05534.mp3,6384,trồng,mismatch
v05535,tròn,v05535.mp3,1567,trông,mismatch
v05536,tròng,v05536.mp3,3647,trồng,mismatch
v05537,tró,v05537.mp3,7058,chó,mismatch
v05538,tróc,v05538.mp3,3218,chốc,mismatch
v05539,trói,v05539.mp3,2706,trói,ok
v05540,trót,v05540.mp3,2794,chót,mismatch
v05541,trôi,v05541.mp3,1509,người,mismatch
v05542,trôm,v05542.mp3,4120,tôm,mismatch
v05543,trôn,v05543.mp3,5772,trung,mismatch
v05544,trông,v05544.mp3,1296,trông,ok
v05545,trù,v05545.mp3,2693,chu,mismatch
v05546,trùm,v05546.mp3,1918,chung,mismatch
v05547,trùn,v05547.mp3,4856,trung,mismatch
v05548,trùng,v05548.mp3,1152,trùng,ok
v05549,trú,v05549.mp3,762,chú,mismatch
v05550,trúc,v05550.mp3,1112,trúc,ok
v05551,trúm,v05551.mp3,6301,chúng,mismatch
v05552,trúng,v05552.mp3,1081,chúng,mismatch
v05553,trút,v05553.mp3,2776,trước,mismatch
v05554,trăm,v05554.mp3,915,trăm,ok
v05555,trăn,v05555.mp3,2124,trăng,mismatch
v05556,trăng,v05556.mp3,1579,trắng,tone_mismatch
v05557,trĩ,v05557.mp3,2739,trí,tone_mismatch
v05558,trĩnh,v05558.mp3,5026,chỉnh,mismatch
v05559,trũ,v05559.mp3,7056,chú,mismatch
v05560,trũi,v05560.mp3,6528,trũi,ok
v05561,trũng,v05561.mp3,3058,chúng,mismatch
v05562,trơ,v05562.mp3,2932,chơi,mismatch
v05563,trơi,v05563.mp3,6268,chơi,mismatch
v05564,trơn,v05564.mp3,2399,hìnhtrần,mismatch
v05565,trư,v05565.mp3,5077,chứ,mismatch
v05566,trưa,v05566.mp3,1216,trưa,ok
v05567,trưng,v05567.mp3,1068,trứng,tone_mismatch
v05568,trươi,v05568.mp3,5434,chơi,mismatch
v05569,trương,v05569.mp3,708,chương,mismatch
v05570,trước,v05570.mp3,101,rước,mismatch
v05571,trướng,v05571.mp3,3474,trứng,mismatch
v05572,trườn,v05572.mp3,4532,trường,mismatch
v05573,trường,v05573.mp3,42,trường,ok
v05574,trưởng,v05574.mp3,222,trưởng,ok
v05575,trược,v05575.mp3,6113,n,mismatch
v05576,trượng,v05576.mp3,4478,trưởng,tone_mismatch
v05577,trượt,v05577.mp3,1873,trước,mismatch
v05578,trạc,v05578.mp3,3964,chết,mismatch
v05579,trạch,v05579.mp3,1984,trạch,ok
v05580,trại,v05580.mp3,1214,trại,ok
v05581,trạm,v05581.mp3,1138,chẳng,mismatch
v05582,trạng,v05582.mp3,474,trạng,ok
v05583,trạnh,v05583.mp3,5495,chặn,mismatch
v05584,trạo,v05584.mp3,4857,chảo,mismatch
v05585,trả,v05585.mp3,410,trả,ok
v05586,trải,v05586.mp3,845,trái,tone_mismatch
v05587,trảm,v05587.mp3,4623,trảm,ok
v05588,trảng,v05588.mp3,2952,chẳng,mismatch
v05589,trảo,v05589.mp3,5698,chảo,mismatch
v05590,trảy,v05590.mp3,6114,cháy,mismatch
v05591,trấn,v05591.mp3,1032,chấn,mismatch
v05592,trấp,v05592.mp3,5773,chết,mismatch
v05593,trấu,v05593.mp3,4338,chấu,mismatch
v05594,trầm,v05594.mp3,1386,trăm,mismatch
v05595,trần,v05595.mp3,391,trần,ok
v05596,trầu,v05596.mp3,3394,châu,mismatch
v05597,trầy,v05597.mp3,3160,chày,mismatch
v05598,trẩu,v05598.mp3,7061,chẩu,mismatch
v05599,trẩy,v05599.mp3,4888,cháy,mismatch
v05600,trẫm,v05600.mp3,6115,chấm,mismatch
v05601,trận,v05601.mp3,1049,trận,ok
v05602,trập,v05602.mp3,5586,chập,mismatch
v05603,trật,v05603.mp3,1238,trực,mismatch
v05604,trắc,v05604.mp3,1720,chắc,mismatch
v05605,trắm,v05605.mp3,3572,chấm,mismatch
v05606,trắng,v05606.mp3,922,trắng,ok
v05607,trằm,v05607.mp3,6238,chăm,mismatch
v05608,trằn,v05608.mp3,4373,trăng,mismatch
v05609,trằng,v05609.mp3,6959,chân,mismatch
v05610,trặc,v05610.mp3,2809,chắc,mismatch
v05611,trẹm,v05611.mp3,5809,chẻm,mismatch
v05612,trẹo,v05612.mp3,5697,trẻo,tone_mismatch
v05613,trẹt,v05613.mp3,6901,chẹp,mismatch
v05614,trẻ,v05614.mp3,214,trẻ,ok
v05615,trẻo,v05615.mp3,3325,sẽo,mismatch
v05616,trẽn,v05616.mp3,5070,kẻng,mismatch
v05617,trến,v05617.mp3,6778,chín,mismatch
v05618,trề,v05618.mp3,4370,chè,mismatch
v05619,trể,v05619.mp3,6958,chỉ,mismatch
v05620,trển,v05620.mp3,6386,trễn,tone_mismatch
v05621,trễ,v05621.mp3,2097,trễ,ok
v05622,trệ,v05622.mp3,2945,trễ,tone_mismatch
v05623,trệt,v05623.mp3,3112,chết,mismatch
v05624,trỉ,v05624.mp3,6303,chỉ,mismatch
v05625,trỉa,v05625.mp3,6005,trẻtrẻ,mismatch
v05626,trị,v05626.mp3,234,chị,mismatch
v05627,trịa,v05627.mp3,3998,chỉ,mismatch
v05628,trịch,v05628.mp3,4394,kịch,mismatch
v05629,trịnh,v05629.mp3,1366,chín,mismatch
v05630,trịt,v05630.mp3,6835,kịch,mismatch
v05631,trọ,v05631.mp3,1481,chỏ,mismatch
v05632,trọc,v05632.mp3,3333,trọng,mismatch
v05633,trọi,v05633.mp3,4637,trời,mismatch
v05634,trọn,v05634.mp3,1659,trận,mismatch
v05635,trọng,v05635.mp3,228,trọng,ok
v05636,trọt,v05636.mp3,2986,chọn,mismatch
v05637,trỏ,v05637.mp3,3859,trợ,mismatch
v05638,trỏng,v05638.mp3,6618,trỏng,ok
v05639,trố,v05639.mp3,5383,chú,mismatch
v05640,trốc,v05640.mp3,6574,chúc,mismatch
v05641,trối,v05641.mp3,4570,rồi,mismatch
v05642,trốn,v05642.mp3,1179,đúng,mismatch
v05643,trống,v05643.mp3,1609,trống,ok
v05644,trốt,v05644.mp3,6956,chốt,mismatch
v05645,trồ,v05645.mp3,3396,chô,mismatch
v05646,trồi,v05646.mp3,3997,trời,mismatch
v05647,trồng,v05647.mp3,849,chồng,mismatch
v05648,trổ,v05648.mp3,2854,chuột,mismatch
v05649,trổng,v05649.mp3,6834,trống,tone_mismatch
v05650,trỗ,v05650.mp3,6459,chủ,mismatch
v05651,trỗi,v05651.mp3,3043,trỗi,ok
v05652,trộc,v05652.mp3,6664,trục,mismatch
v05653,trội,v05653.mp3,2161,trỗi,tone_mismatch
v05654,trộm,v05654.mp3,1099,trộm,ok
v05655,trộn,v05655.mp3,1650,trộn,ok
v05656,trớ,v05656.mp3,3292,chớ,mismatch
v05657,trới,v05657.mp3,6777,chới,mismatch
v05658,trớn,v05658.mp3,4747,trứng,mismatch
v05659,trớt,v05659.mp3,6833,chớp,mismatch
v05660,trờ,v05660.mp3,4793,chơi,mismatch
v05661,trời,v05661.mp3,807,trời,ok
v05662,trở,v05662.mp3,282,trở,ok
v05663,trợ,v05663.mp3,423,chở,mismatch
v05664,trợi,v05664.mp3,7057,trời,tone_mismatch
v05665,trợn,v05665.mp3,3338,trận,mismatch
v05666,trợt,v05666.mp3,5261,chợt,mismatch
v05667,trụ,v05667.mp3,1006,chủ,mismatch
v05668,trụa,v05668.mp3,6497,chuốc,mismatch
v05669,trục,v05669.mp3,1596,chụp,mismatch
v05670,trụi,v05670.mp3,3520,rồi,mismatch
v05671,trụng,v05671.mp3,4779,chúng,mismatch
v05672,trụt,v05672.mp3,6711,chụp,mismatch
v05673,trủng,v05673.mp3,6616,chúng,mismatch
v05674,trứ,v05674.mp3,2843,chứ,mismatch
v05675,trức,v05675.mp3,6832,chứ,mismatch
v05676,trứng,v05676.mp3,1302,trứng,ok
v05677,trừ,v05677.mp3,1236,sư,mismatch
v05678,trừng,v05678.mp3,2535,trứng,tone_mismatch
v05679,trừu,v05679.mp3,4031,chịu,mismatch
v05680,trữ,v05680.mp3,1370,trữ,ok
v05681,trự,v05681.mp3,6053,sử,mismatch
v05682,trực,v05682.mp3,506,trực,ok
v05683,tu,v05683.mp3,1606,tu,ok
v05684,tua,v05684.mp3,3444,tua,ok
v05685,tui,v05685.mp3,2117,sự,mismatch
v05686,tum,v05686.mp3,2210,tươm,mismatch
v05687,tun,v05687.mp3,5392,tung,mismatch
v05688,tung,v05688.mp3,1352,tung,ok
v05689,tuy,v05689.mp3,286,tuy,ok
v05690,tuyn,v05690.mp3,5428,tuỳnh,mismatch
v05691,tuynh,v05691.mp3,5664,tân,mismatch
v05692,tuyên,v05692.mp3,737,kình,mismatch
v05693,tuyến,v05693.mp3,602,tiếng,mismatch
v05694,tuyết,v05694.mp3,1523,tuyết,ok
v05695,tuyền,v05695.mp3,2397,tuyền,ok
v05696,tuyển,v05696.mp3,510,tuỳnh,mismatch
v05697,tuyễn,v05697.mp3,6496,tuyển,tone_mismatch
v05698,tuyện,v05698.mp3,6830,tỉnh,mismatch
v05699,tuyệt,v05699.mp3,1035,tuyệt,ok
v05700,tuân,v05700.mp3,1530,từng,mismatch
v05701,tuôi,v05701.mp3,5665,tôi,mismatch
v05702,tuôn,v05702.mp3,3728,tuông,mismatch
v05703,tuông,v05703.mp3,2869,tung,mismatch
v05704,tuý,v05704.mp3,1025,túy,tone_mismatch
v05705,tuýt,v05705.mp3,4219,rích,mismatch
v05706,tuấn,v05706.mp3,719,đúng,mismatch
v05707,tuất,v05707.mp3,3523,túc,mismatch
v05708,tuần,v05708.mp3,583,tùng,mismatch
v05709,tuẫn,v05709.mp3,4976,tuấn,tone_mismatch
v05710,tuận,v05710.mp3,5171,tuấn,tone_mismatch
v05711,tuế,v05711.mp3,4429,tuế,ok
v05712,tuệ,v05712.mp3,1712,tuệ,ok
v05713,tuốc,v05713.mp3,4743,tuất,mismatch
v05714,tuối,v05714.mp3,5751,túi,mismatch
v05715,tuốt,v05715.mp3,4168,tuốc,mismatch
v05716,tuồi,v05716.mp3,5930,tôi,mismatch
v05717,tuồn,v05717.mp3,3386,tuồng,mismatch
v05718,tuồng,v05718.mp3,3166,tường,mismatch
v05719,tuổi,v05719.mp3,158,túi,mismatch
v05720,tuộc,v05720.mp3,3963,tổ,mismatch
v05721,tuột,v05721.mp3,3051,tục,mismatch
v05722,tuỳ,v05722.mp3,1284,tùy,tone_mismatch
v05723,tuỵ,v05723.mp3,2671,tuổi,mismatch
v05724,tuỷ,v05724.mp3,2705,tỉ,mismatch
v05725,ty,v05725.mp3,243,ti,mismatch
v05726,tà,v05726.mp3,2428,ta,tone_mismatch
v05727,tài,v05727.mp3,156,tai,tone_mismatch
v05728,tàm,v05728.mp3,4617,tam,tone_mismatch
v05729,tàn,v05729.mp3,1730,tàng,mismatch
v05730,tàng,v05730.mp3,1422,tăng,mismatch
v05731,tành,v05731.mp3,3993,tần,mismatch
v05732,tào,v05732.mp3,3363,tao,tone_mismatch
v05733,tàu,v05733.mp3,488,tàu,ok
v05734,tày,v05734.mp3,3231,tây,mismatch
v05735,tá,v05735.mp3,1013,ta,tone_mismatch
v05736,tác,v05736.mp3,145,tát,mismatch
v05737,tách,v05737.mp3,1675,tất,mismatch
v05738,tái,v05738.mp3,866,tái,ok
v05739,tám,v05739.mp3,1761,tám,ok
v05740,tán,v05740.mp3,1394,tắng,mismatch
v05741,táng,v05741.mp3,2175,tán,mismatch
v05742,tánh,v05742.mp3,3875,tấn,mismatch
v05743,táo,v05743.mp3,1322,tấu,mismatch
v05744,táp,v05744.mp3,4045,tát,mismatch
v05745,tát,v05745.mp3,2303,đác,mismatch
v05746,táu,v05746.mp3,5484,tấu,mismatch
v05747,táy,v05747.mp3,5579,đáy,mismatch
v05748,tâm,v05748.mp3,149,tăm,mismatch
v05749,tân,v05749.mp3,588,tân,ok
v05750,tâng,v05750.mp3,4755,tầng,tone_mismatch
v05751,tâu,v05751.mp3,5699,tâu,ok
v05752,tây,v05752.mp3,618,tây,ok
v05753,tã,v05753.mp3,3185,ta,tone_mismatch
v05754,tãng,v05754.mp3,6624,tảng,tone_mismatch
v05755,tè,v05755.mp3,3417,tế,mismatch
v05756,tèm,v05756.mp3,6460,tem,tone_mismatch
v05757,tèn,v05757.mp3,6532,tỉnh,mismatch
v05758,tèo,v05758.mp3,3476,tèo,ok
v05759,té,v05759.mp3,2553,tết,mismatch
v05760,téc,v05760.mp3,4866,tết,mismatch
v05761,tém,v05761.mp3,5334,tém,ok
v05762,tén,v05762.mp3,6215,tính,mismatch
v05763,tép,v05763.mp3,3239,tết,mismatch
v05764,tét,v05764.mp3,3674,tết,mismatch
v05765,tê,v05765.mp3,1952,tê,ok
v05766,têm,v05766.mp3,6018,tem,mismatch
v05767,tên,v05767.mp3,443,tên,ok
v05768,tênh,v05768.mp3,4891,tân,mismatch
v05769,têu,v05769.mp3,6056,tèo,mismatch
v05770,tì,v05770.mp3,3556,tiền,mismatch
v05771,tìa,v05771.mp3,6961,tia,tone_mismatch
v05772,tìm,v05772.mp3,329,tìm,ok
v05773,tìn,v05773.mp3,6055,tình,mismatch
v05774,tình,v05774.mp3,131,cần,mismatch
v05775,tí,v05775.mp3,2432,tiếp,mismatch
v05776,tía,v05776.mp3,3719,tiếc,mismatch
v05777,tích,v05777.mp3,344,thích,mismatch
v05778,tím,v05778.mp3,1857,tiếng,mismatch
v05779,tín,v05779.mp3,726,tính,mismatch
v05780,tính,v05780.mp3,248,tính,ok
v05781,típ,v05781.mp3,4086,tiếp,mismatch
v05782,tít,v05782.mp3,3020,tích,mismatch
v05783,tíu,v05783.mp3,4404,tứ,mismatch
v05784,tò,v05784.mp3,2226,to,tone_mismatch
v05785,tòi,v05785.mp3,2921,tội,mismatch
v05786,tòm,v05786.mp3,5483,tầm,mismatch
v05787,tòn,v05787.mp3,5839,tổng,mismatch
v05788,tòng,v05788.mp3,2512,tổng,mismatch
v05789,tó,v05789.mp3,5188,tết,mismatch
v05790,tóc,v05790.mp3,1163,tóc,ok
v05791,tói,v05791.mp3,6713,tới,mismatch
v05792,tóm,v05792.mp3,2200,tấm,mismatch
v05793,tóng,v05793.mp3,6356,tống,mismatch
v05794,tóp,v05794.mp3,3734,tắt,mismatch
v05795,tót,v05795.mp3,4038,tất,mismatch
v05796,tô,v05796.mp3,784,tôi,mismatch
v05797,tôi,v05797.mp3,24,tôi,ok
v05798,tôm,v05798.mp3,1377,tôm,ok
v05799,tôn,v05799.mp3,976,tôm,mismatch
v05800,tông,v05800.mp3,1361,tông,ok
v05801,tõm,v05801.mp3,5931,tổng,mismatch
v05802,tù,v05802.mp3,944,tù,ok
v05803,tùm,v05803.mp3,3829,tâm,mismatch
v05804,tùng,v05804.mp3,1085,tùng,ok
v05805,tú,v05805.mp3,1305,tú,ok
v05806,túa,v05806.mp3,4820,tú,mismatch
v05807,túc,v05807.mp3,1264,túc,ok
v05808,túi,v05808.mp3,1154,túi,ok
v05809,túm,v05809.mp3,3123,túng,mismatch
v05810,túng,v05810.mp3,2204,túng,ok
v05811,túp,v05811.mp3,4294,túp,ok
v05812,tút,v05812.mp3,4792,túc,mismatch
v05813,tý,v05813.mp3,2636,tí,mismatch
v05814,tăm,v05814.mp3,2641,tăm,ok
v05815,tăn,v05815.mp3,4240,tăng,mismatch
v05816,tăng,v05816.mp3,165,tăng,ok
v05817,tĩnh,v05817.mp3,907,tính,tone_mismatch
v05818,tĩu,v05818.mp3,4185,tửu,mismatch
v05819,tơ,v05819.mp3,2308,từ,mismatch
v05820,tơi,v05820.mp3,3042,tý,mismatch
v05821,tư,v05821.mp3,127,tư,ok
v05822,tưa,v05822.mp3,5466,tước,mismatch
v05823,tưng,v05823.mp3,3031,từng,tone_mismatch
v05824,tưu,v05824.mp3,7053,từô,mismatch
v05825,tươi,v05825.mp3,1071,tươi,ok
v05826,tươm,v05826.mp3,3594,tường,mismatch
v05827,tương,v05827.mp3,522,từng,mismatch
v05828,tước,v05828.mp3,2258,tức,mismatch
v05829,tưới,v05829.mp3,2126,tía,mismatch
v05830,tướng,v05830.mp3,493,tứng,mismatch
v05831,tướt,v05831.mp3,6662,tước,mismatch
v05832,tường,v05832.mp3,1193,tường,ok
v05833,tưởi,v05833.mp3,4274,tưởi,ok
v05834,tưởng,v05834.mp3,652,tử,mismatch
v05835,tược,v05835.mp3,4882,từ,mismatch
v05836,tượng,v05836.mp3,314,tưởng,tone_mismatch
v05837,tạ,v05837.mp3,1825,đã,mismatch
v05838,tạc,v05838.mp3,2846,tạc,ok
v05839,tạch,v05839.mp3,5288,số,mismatch
v05840,tại,v05840.mp3,21,tại,ok
v05841,tạm,v05841.mp3,743,tám,tone_mismatch
v05842,tạn,v05842.mp3,6058,tán,tone_mismatch
v05843,tạng,v05843.mp3,1926,tạng,ok
v05844,tạnh,v05844.mp3,4401,tần,mismatch
v05845,tạo,v05845.mp3,225,táo,tone_mismatch
v05846,tạp,v05846.mp3,995,đã,mismatch
v05847,tạt,v05847.mp3,2667,ta,mismatch
v05848,tạu,v05848.mp3,7074,tàu,tone_mismatch
v05849,tả,v05849.mp3,1595,ta,tone_mismatch
v05850,tải,v05850.mp3,576,tái,tone_mismatch
v05851,tản,v05851.mp3,2965,tảng,mismatch
v05852,tảng,v05852.mp3,1767,cánh,mismatch
v05853,tảo,v05853.mp3,2367,táo,tone_mismatch
v05854,tảy,v05854.mp3,6327,tẩy,mismatch
v05855,tấc,v05855.mp3,3536,tức,mismatch
v05856,tấm,v05856.mp3,1096,tắm,mismatch
v05857,tấn,v05857.mp3,629,tấn,ok
v05858,tấng,v05858.mp3,7075,tấn,mismatch
v05859,tấp,v05859.mp3,2277,tấp,ok
v05860,tất,v05860.mp3,481,tức,mismatch
v05861,tấu,v05861.mp3,2244,tấu,ok
v05862,tấy,v05862.mp3,3850,đấy,mismatch
v05863,tầm,v05863.mp3,1011,tầm,ok
v05864,tần,v05864.mp3,2047,tăng,mismatch
v05865,tầng,v05865.mp3,741,tầng,ok
v05866,tầu,v05866.mp3,4251,tàu,mismatch
v05867,tẩm,v05867.mp3,2579,tắm,mismatch
v05868,tẩn,v05868.mp3,3222,tấn,tone_mismatch
v05869,tẩu,v05869.mp3,2259,tấu,tone_mismatch
v05870,tẩy,v05870.mp3,2034,tỉ,mismatch
v05871,tậm,v05871.mp3,5525,trầm,mismatch
v05872,tận,v05872.mp3,906,tầng,mismatch
v05873,tập,v05873.mp3,200,đọc,mismatch
v05874,tật,v05874.mp3,1293,đó,mismatch
v05875,tậu,v05875.mp3,3623,tàu,mismatch
v05876,tắc,v05876.mp3,890,các,mismatch
v05877,tắm,v05877.mp3,1372,tắm,ok
v05878,tắn,v05878.mp3,3175,tắng,mismatch
v05879,tắng,v05879.mp3,6461,tắng,ok
v05880,tắp,v05880.mp3,4118,tất,mismatch
v05881,tắt,v05881.mp3,1605,tắt,ok
v05882,tằm,v05882.mp3,3428,tâm,mismatch
v05883,tằn,v05883.mp3,4252,tăng,mismatch
v05884,tằng,v05884.mp3,4835,tăng,tone_mismatch
v05885,tặc,v05885.mp3,2539,tắt,mismatch
v05886,tặn,v05886.mp3,6781,tắng,mismatch
v05887,tặng,v05887.mp3,858,tặng,ok
v05888,tẹc,v05888.mp3,6623,tệ,mismatch
v05889,tẹo,v05889.mp3,4925,tẻo,tone_mismatch
v05890,tẹt,v05890.mp3,4977,tệ,mismatch
v05891,tẻ,v05891.mp3,3003,té,tone_mismatch
v05892,tẽ,v05892.mp3,6903,tể,mismatch
v05893,tẽn,v05893.mp3,6057,kẻng,mismatch
v05894,tế,v05894.mp3,116,tế,ok
v05895,tếch,v05895.mp3,6092,tết,mismatch
v05896,tếnh,v05896.mp3,6214,tính,mismatch
v05897,tếp,v05897.mp3,6622,tết,mismatch
v05898,tết,v05898.mp3,655,tết,ok
v05899,tếu,v05899.mp3,4258,tếu,ok
v05900,tề,v05900.mp3,3540,phíatâybắcgiápkhuvựcbiểnđôngliêntriềutiên,mismatch
v05901,tềnh,v05901.mp3,5790,tên,mismatch
v05902,tều,v05902.mp3,6621,têu,tone_mismatch
v05903,tể,v05903.mp3,4279,tế,tone_mismatch
v05904,tểnh,v05904.mp3,6427,tỉnh,mismatch
v05905,tễ,v05905.mp3,3366,tể,tone_mismatch
v05906,tễnh,v05906.mp3,5142,kẻn,mismatch
v05907,tễu,v05907.mp3,5852,tếu,tone_mismatch
v05908,tệ,v05908.mp3,1147,tẩy,mismatch
v05909,tệp,v05909.mp3,5278,tệ,mismatch
v05910,tỉ,v05910.mp3,810,tí,tone_mismatch
v05911,tỉa,v05911.mp3,2918,tỉa,ok
v05912,tỉm,v05912.mp3,4853,tiếng,mismatch
v05913,tỉnh,v05913.mp3,151,tính,tone_mismatch
v05914,tỉu,v05914.mp3,6620,tú,mismatch
v05915,tị,v05915.mp3,2839,tỷ,mismatch
v05916,tịch,v05916.mp3,362,tết,mismatch
v05917,tịnh,v05917.mp3,2398,tỉnh,tone_mismatch
v05918,tịt,v05918.mp3,4708,tề,mismatch
v05919,tịu,v05919.mp3,5932,tửu,mismatch
v05920,tọ,v05920.mp3,6779,tỏ,tone_mismatch
v05921,tọc,v05921.mp3,5604,tộc,mismatch
v05922,tọng,v05922.mp3,6177,tổng,mismatch
v05923,tọp,v05923.mp3,6837,tò,mismatch
v05924,tọt,v05924.mp3,5496,tò,mismatch
v05925,tỏ,v05925.mp3,855,tỏ,ok
v05926,tỏi,v05926.mp3,2107,tỏi,ok
v05927,tỏng,v05927.mp3,5684,tổng,mismatch
v05928,tố,v05928.mp3,469,tố,ok
v05929,tốc,v05929.mp3,876,thúc,mismatch
v05930,tối,v05930.mp3,494,tối,ok
v05931,tốn,v05931.mp3,1399,túng,mismatch
v05932,tống,v05932.mp3,2129,tống,ok
v05933,tốp,v05933.mp3,2670,tức,mismatch
v05934,tốt,v05934.mp3,289,tước,mismatch
v05935,tồ,v05935.mp3,5508,tốt,mismatch
v05936,tồi,v05936.mp3,2473,tồi,ok
v05937,tồn,v05937.mp3,1031,tùng,mismatch
v05938,tồng,v05938.mp3,5018,tòng,mismatch
v05939,tổ,v05939.mp3,192,tổ,ok
v05940,tổi,v05940.mp3,5810,tối,tone_mismatch
v05941,tổn,v05941.mp3,1317,tổn,ok
v05942,tổng,v05942.mp3,241,tống,tone_mismatch
v05943,tộ,v05943.mp3,4093,tổ,tone_mismatch
v05944,tộc,v05944.mp3,924,tổng,mismatch
v05945,tội,v05945.mp3,526,tội,ok
v05946,tộp,v05946.mp3,6141,tờ,mismatch
v05947,tột,v05947.mp3,3332,tốt,tone_mismatch
v05948,tớ,v05948.mp3,3011,tới,mismatch
v05949,tới,v05949.mp3,186,tấy,mismatch
v05950,tớp,v05950.mp3,4701,tốt,mismatch
v05951,tờ,v05951.mp3,875,tờ,ok
v05952,tời,v05952.mp3,4523,tơi,tone_mismatch
v05953,tở,v05953.mp3,5435,tử,mismatch
v05954,tởm,v05954.mp3,4352,cấm,mismatch
v05955,tởn,v05955.mp3,6269,tấn,mismatch
v05956,tợi,v05956.mp3,6619,hợi,mismatch
v05957,tợn,v05957.mp3,3387,tấn,mismatch
v05958,tụ,v05958.mp3,1368,tú,tone_mismatch
v05959,tụa,v05959.mp3,6954,túa,tone_mismatch
v05960,tục,v05960.mp3,240,tục,ok
v05961,tụi,v05961.mp3,2379,tội,mismatch
v05962,tụm,v05962.mp3,4674,tấm,mismatch
v05963,tụng,v05963.mp3,1624,tuấn,mismatch
v05964,tụt,v05964.mp3,2429,tục,mismatch
v05965,tủ,v05965.mp3,1615,tủ,ok
v05966,tủa,v05966.mp3,4408,túa,tone_mismatch
v05967,tủi,v05967.mp3,2617,tối,mismatch
v05968,tủm,v05968.mp3,4830,tống,mismatch
v05969,tủn,v05969.mp3,5808,đúng,mismatch
v05970,tủng,v05970.mp3,6237,túng,tone_mismatch
v05971,tứ,v05971.mp3,1784,tước,mismatch
v05972,tứa,v05972.mp3,5355,tứa,ok
v05973,tức,v05973.mp3,822,tức,ok
v05974,tứng,v05974.mp3,7054,tứng,ok
v05975,từ,v05975.mp3,28,từ,ok
v05976,từa,v05976.mp3,6355,từa,ok
v05977,từng,v05977.mp3,356,ta,mismatch
v05978,tử,v05978.mp3,404,tử,ok
v05979,tửng,v05979.mp3,4498,tấng,mismatch
v05980,tửu,v05980.mp3,4152,tú,mismatch
v05981,tự,v05981.mp3,179,từ,tone_mismatch
v05982,tựa,v05982.mp3,2275,từ,mismatch
v05983,tực,v05983.mp3,5752,unktập,mismatch
v05984,tựu,v05984.mp3,1910,tửu,tone_mismatch
v05985,tỳ,v05985.mp3,3563,tỳ,ok
v05986,tỵ,v05986.mp3,2993,tỷ,tone_mismatch
v05987,tỷ,v05987.mp3,281,tý,tone_mismatch
v05988,u,v05988.mp3,1489,tửu,mismatch
v05989,ua,v05989.mp3,5946,uốc,mismatch
v05990,ui,v05990.mp3,5233,ôi,mismatch
v05991,um,v05991.mp3,3613,ưng,mismatch
v05992,un,v05992.mp3,3682,ùng,mismatch
v05993,ung,v05993.mp3,777,ông,mismatch
v05994,uy,v05994.mp3,1243,ui,mismatch
v05995,uyn,v05995.mp3,5807,uân,mismatch
v05996,uyên,v05996.mp3,2014,tuyên,mismatch
v05997,uyển,v05997.mp3,3311,từnguyễn,mismatch
v05998,uân,v05998.mp3,5887,quân,mismatch
v05999,uôm,v05999.mp3,7051,ốm,mismatch
v06000,uôn,v06000.mp3,6829,u,mismatch
v06001,uông,v06001.mp3,2760,u,mismatch
v06002,uý,v06002.mp3,1701,uý,ok
v06003,uất,v06003.mp3,2726,quốc,mismatch
v06004,uẩn,v06004.mp3,4154,uẩn,ok
v06005,uế,v06005.mp3,4109,quế,mismatch
v06006,uốn,v06006.mp3,2628,uống,mismatch
v06007,uống,v06007.mp3,670,ứng,mismatch
v06008,uổng,v06008.mp3,4104,ốm,mismatch
v06009,uộng,v06009.mp3,7050,ủ,mismatch
v06010,uột,v06010.mp3,4578,ổ,mismatch
v06011,uỷ,v06011.mp3,495,quỷ,mismatch
v06012,va,v06012.mp3,1448,ba,mismatch
v06013,vai,v06013.mp3,630,phai,mismatch
v06014,vam,v06014.mp3,4803,pham,mismatch
v06015,van,v06015.mp3,1353,vang,mismatch
v06016,vang,v06016.mp3,1626,vàng,tone_mismatch
v06017,vanh,v06017.mp3,4662,vâng,mismatch
v06018,vao,v06018.mp3,5232,vâu,mismatch
v06019,vay,v06019.mp3,751,từphây,mismatch
v06020,ve,v06020.mp3,2466,tế,mismatch
v06021,ven,v06021.mp3,1457,tên,mismatch
v06022,veng,v06022.mp3,6380,vinh,mismatch
v06023,veo,v06023.mp3,3910,từview,mismatch
v06024,vi,v06024.mp3,299,vi,ok
v06025,via,v06025.mp3,5694,phi,mismatch
v06026,vim,v06026.mp3,5911,tiểm,mismatch
v06027,vin,v06027.mp3,3411,phần,mismatch
v06028,vinh,v06028.mp3,786,vinh,ok
v06029,viêm,v06029.mp3,1176,phim,mismatch
v06030,viên,v06030.mp3,85,vinh,mismatch
v06031,viêng,v06031.mp3,4068,ping,mismatch
v06032,viếng,v06032.mp3,2256,vín,mismatch
v06033,viết,v06033.mp3,691,viết,ok
v06034,viền,v06034.mp3,3548,viên,tone_mismatch
v06035,viềng,v06035.mp3,4834,phình,mismatch
v06036,viểm,v06036.mp3,6036,tiếp,mismatch
v06037,viển,v06037.mp3,4577,viễn,tone_mismatch
v06038,viễn,v06038.mp3,1549,tiến,mismatch
v06039,việc,v06039.mp3,29,việc,ok
v06040,viện,v06040.mp3,245,phỉn,mismatch
v06041,việt,v06041.mp3,71,việc,mismatch
v06042,vo,v06042.mp3,2239,vâng,mismatch
v06043,voa,v06043.mp3,5838,từhoa,mismatch
v06044,voan,v06044.mp3,4331,vâng,mismatch
v06045,voi,v06045.mp3,1932,voi,ok
v06046,von,v06046.mp3,3190,vâng,mismatch
v06047,vong,v06047.mp3,887,vòng,tone_mismatch
v06048,voòng,v06048.mp3,6775,phần,mismatch
v06049,voóc,v06049.mp3,5750,phúc,mismatch
v06050,voọc,v06050.mp3,4103,vược,mismatch
v06051,vu,v06051.mp3,1622,phu,mismatch
v06052,vua,v06052.mp3,1639,vua,ok
v06053,vui,v06053.mp3,622,vui,ok
v06054,vun,v06054.mp3,2687,phùng,mismatch
v06055,vung,v06055.mp3,2720,phung,mismatch
v06056,vuông,v06056.mp3,2380,vốn,mismatch
v06057,vuốt,v06057.mp3,3108,vuốt,ok
v06058,vuột,v06058.mp3,4645,phục,mismatch
v06059,vy,v06059.mp3,1995,vì,mismatch
v06060,và,v06060.mp3,1,và,ok
v06061,vài,v06061.mp3,659,từvai,mismatch
v06062,vàm,v06062.mp3,3579,phạm,mismatch
v06063,vàn,v06063.mp3,2875,phan,mismatch
v06064,vàng,v06064.mp3,417,từvàng,mismatch
v06065,vành,v06065.mp3,1977,từphần,mismatch
v06066,vào,v06066.mp3,36,tao,mismatch
v06067,vá,v06067.mp3,2857,pháp,mismatch
v06068,vác,v06068.mp3,2359,tát,mismatch
v06069,vách,v06069.mp3,2524,ếch,mismatch
v06070,vái,v06070.mp3,4260,quái,mismatch
v06071,ván,v06071.mp3,2590,vàng,mismatch
v06072,váng,v06072.mp3,2731,toán,mismatch
v06073,vánh,v06073.mp3,4085,phấn,mismatch
v06074,váo,v06074.mp3,5494,váo,ok
v06075,váp,v06075.mp3,5134,pháp,mismatch
v06076,vát,v06076.mp3,3833,vác,mismatch
v06077,váy,v06077.mp3,1505,váy,ok
v06078,vâm,v06078.mp3,6776,vầm,tone_mismatch
v06079,vân,v06079.mp3,952,vâng,mismatch
v06080,vâng,v06080.mp3,3235,vâng,ok
v06081,vây,v06081.mp3,1864,vi,mismatch
v06082,vã,v06082.mp3,2040,phá,mismatch
v06083,vãi,v06083.mp3,3099,phải,mismatch
v06084,vãn,v06084.mp3,2948,vẫn,mismatch
v06085,vãng,v06085.mp3,3424,toảng,mismatch
v06086,vãnh,v06086.mp3,5108,phấn,mismatch
v06087,vè,v06087.mp3,4669,về,mismatch
v06088,vèn,v06088.mp3,6573,phan,mismatch
v06089,vèo,v06089.mp3,4129,vèo,ok
v06090,vé,v06090.mp3,931,tết,mismatch
v06091,véc,v06091.mp3,5629,vết,mismatch
v06092,vén,v06092.mp3,3330,từvén,mismatch
v06093,véo,v06093.mp3,4808,veo,tone_mismatch
v06094,vét,v06094.mp3,2630,phết,mismatch
v06095,vê,v06095.mp3,4716,vế,tone_mismatch
v06096,vên,v06096.mp3,6266,tửvên,mismatch
v06097,vênh,v06097.mp3,3380,phấn,mismatch
v06098,vì,v06098.mp3,109,khi,mismatch
v06099,vình,v06099.mp3,6035,từvinh,mismatch
v06100,ví,v06100.mp3,1172,từviết,mismatch
v06101,vía,v06101.mp3,3425,kìa,mismatch
v06102,vích,v06102.mp3,4991,tích,mismatch
v06103,vít,v06103.mp3,3452,tích,mismatch
v06104,víu,v06104.mp3,3707,xíu,mismatch
v06105,vò,v06105.mp3,3117,vâng,mismatch
v06106,vòi,v06106.mp3,2411,vơi,mismatch
v06107,vòm,v06107.mp3,2975,tửvong,mismatch
v06108,vòng,v06108.mp3,747,từphòng,mismatch
v06109,vó,v06109.mp3,4333,vớt,mismatch
v06110,vóc,v06110.mp3,2038,từvóc,mismatch
v06111,vói,v06111.mp3,5360,từvói,mismatch
v06112,vón,v06112.mp3,4143,vâng,mismatch
v06113,vót,v06113.mp3,3574,từvấp,mismatch
v06114,vô,v06114.mp3,634,vô,ok
v06115,vôi,v06115.mp3,2666,vôi,ok
v06116,vôn,v06116.mp3,5886,phụng,mismatch
v06117,vông,v06117.mp3,4119,cửphong,mismatch
v06118,võ,v06118.mp3,967,vỏ,tone_mismatch
v06119,võng,v06119.mp3,2566,tống,mismatch
v06120,vù,v06120.mp3,4164,phù,mismatch
v06121,vùa,v06121.mp3,6615,từvua,mismatch
v06122,vùi,v06122.mp3,2710,vội,mismatch
v06123,vùn,v06123.mp3,5076,cùng,mismatch
v06124,vùng,v06124.mp3,471,từvùng,mismatch
v06125,vú,v06125.mp3,2033,phú,mismatch
v06126,vút,v06126.mp3,3526,từphút,mismatch
v06127,văn,v06127.mp3,100,phăng,mismatch
v06128,văng,v06128.mp3,2141,vâng,mismatch
v06129,vĩ,v06129.mp3,1593,phí,mismatch
v06130,vĩnh,v06130.mp3,917,tưvấn,mismatch
v06131,vũ,v06131.mp3,539,phú,mismatch
v06132,vũng,v06132.mp3,1450,vúng,tone_mismatch
v06133,vơ,v06133.mp3,2988,vâng,mismatch
v06134,vơi,v06134.mp3,3159,từvới,mismatch
v06135,vơn,v06135.mp3,6175,vâng,mismatch
v06136,vư,v06136.mp3,5441,vơ,mismatch
v06137,vưu,v06137.mp3,5837,vu,mismatch
v06138,vươn,v06138.mp3,1776,vừa,mismatch
v06139,vương,v06139.mp3,1113,vương,ok
v06140,vướng,v06140.mp3,1676,từvướng,mismatch
v06141,vườn,v06141.mp3,1042,vượngvưng,mismatch
v06142,vường,v06142.mp3,6112,phương,mismatch
v06143,vưởng,v06143.mp3,4949,vững,mismatch
v06144,vược,v06144.mp3,4802,phước,mismatch
v06145,vượn,v06145.mp3,4595,từphưởng,mismatch
v06146,vượng,v06146.mp3,2084,phấn,mismatch
v06147,vượt,v06147.mp3,727,vượt,ok
v06148,vạ,v06148.mp3,2942,từphải,mismatch
v06149,vạc,v06149.mp3,3930,và,mismatch
v06150,vạch,v06150.mp3,2356,và,mismatch
v06151,vại,v06151.mp3,4342,từvậy,mismatch
v06152,vạm,v06152.mp3,4521,phạm,mismatch
v06153,vạn,v06153.mp3,1717,từvà,mismatch
v06154,vạng,v06154.mp3,4632,phản,mismatch
v06155,vạnh,v06155.mp3,6900,tưvấn,mismatch
v06156,vạt,v06156.mp3,3261,phạt,mismatch
v06157,vạy,v06157.mp3,3717,vậy,mismatch
v06158,vả,v06158.mp3,1480,toá,mismatch
v06159,vải,v06159.mp3,1578,từphải,mismatch
v06160,vảng,v06160.mp3,4809,vạn,mismatch
v06161,vảnh,v06161.mp3,6709,vẫn,mismatch
v06162,vảo,v06162.mp3,6381,tôivào,mismatch
v06163,vảy,v06163.mp3,3161,từvảy,mismatch
v06164,vấn,v06164.mp3,285,vâng,mismatch
v06165,vấp,v06165.mp3,1828,từpháp,mismatch
v06166,vất,v06166.mp3,1519,phật,mismatch
v06167,vấy,v06167.mp3,4919,vậy,tone_mismatch
v06168,vần,v06168.mp3,3343,phần,mismatch
v06169,vầng,v06169.mp3,4214,vâng,tone_mismatch
v06170,vầu,v06170.mp3,5523,vầu,ok
v06171,vầy,v06171.mp3,3140,vậy,tone_mismatch
v06172,vẩn,v06172.mp3,3834,vẫn,tone_mismatch
v06173,vẩu,v06173.mp3,5344,phẩu,mismatch
v06174,vẩy,v06174.mp3,3770,vẩy,ok
v06175,vẫn,v06175.mp3,160,tưvấn,mismatch
v06176,vẫy,v06176.mp3,2851,váy,mismatch
v06177,vận,v06177.mp3,511,phẩm,mismatch
v06178,vập,v06178.mp3,5204,vập,ok
v06179,vật,v06179.mp3,394,từvật,mismatch
v06180,vậy,v06180.mp3,271,vậy,ok
v06181,vắc,v06181.mp3,2017,vác,mismatch
v06182,vắn,v06182.mp3,4192,vẫn,mismatch
v06183,vắng,v06183.mp3,1558,vắng,ok
v06184,vắp,v06184.mp3,6353,pháp,mismatch
v06185,vắt,v06185.mp3,2529,các,mismatch
v06186,vằn,v06186.mp3,3798,vàng,mismatch
v06187,vằng,v06187.mp3,4736,tửvong,mismatch
v06188,vẳn,v06188.mp3,5867,vẫn,mismatch
v06189,vẳng,v06189.mp3,4717,ừvắng,mismatch
v06190,vặc,v06190.mp3,5506,tưvấn,mismatch
v06191,vặn,v06191.mp3,3121,tấn,mismatch
v06192,vặt,v06192.mp3,2068,vạc,mismatch
v06193,vẹm,v06193.mp3,5354,một,mismatch
v06194,vẹn,v06194.mp3,1638,từvẻ,mismatch
v06195,vẹo,v06195.mp3,3475,về,mismatch
v06196,vẹt,v06196.mp3,3549,vẻ,mismatch
v06197,vẻ,v06197.mp3,841,vẽ,tone_mismatch
v06198,vẻn,v06198.mp3,4451,vẽn,tone_mismatch
v06199,vẻo,v06199.mp3,4677,tệu,mismatch
v06200,vẽ,v06200.mp3,1515,tẻ,mismatch
v06201,vế,v06201.mp3,3533,vế,ok
v06202,vết,v06202.mp3,1086,tuấn,mismatch
v06203,về,v06203.mp3,19,về,ok
v06204,vều,v06204.mp3,6826,phèo,mismatch
v06205,vể,v06205.mp3,5187,để,mismatch
v06206,vểnh,v06206.mp3,5683,vấn,mismatch
v06207,vệ,v06207.mp3,440,vệ,ok
v06208,vện,v06208.mp3,5695,phận,mismatch
v06209,vệnh,v06209.mp3,5738,vâng,mismatch
v06210,vệt,v06210.mp3,3207,và,mismatch
v06211,vỉ,v06211.mp3,3662,ví,tone_mismatch
v06212,vỉa,v06212.mp3,1772,vế,mismatch
v06213,vị,v06213.mp3,229,điện,mismatch
v06214,vịn,v06214.mp3,4042,từvịnh,mismatch
v06215,vịnh,v06215.mp3,1801,vâng,mismatch
v06216,vịt,v06216.mp3,2019,tuyệt,mismatch
v06217,vọ,v06217.mp3,6708,vỏ,tone_mismatch
v06218,vọc,v06218.mp3,6899,phộc,mismatch
v06219,vọn,v06219.mp3,6089,từvõng,mismatch
v06220,vọng,v06220.mp3,673,phóng,mismatch
v06221,vọp,v06221.mp3,6034,phợp,mismatch
v06222,vọt,v06222.mp3,2465,phật,mismatch
v06223,vỏ,v06223.mp3,1471,vỏ,ok
v06224,vỏn,v06224.mp3,3286,từvõng,mismatch
v06225,vố,v06225.mp3,5628,phố,mismatch
v06226,vốc,v06226.mp3,5316,phúc,mismatch
v06227,vối,v06227.mp3,4512,từphối,mismatch
v06228,vốn,v06228.mp3,475,vốn,ok
v06229,vống,v06229.mp3,5564,phóng,mismatch
v06230,vồ,v06230.mp3,3813,phổ,mismatch
v06231,vồm,v06231.mp3,6265,vòm,mismatch
v06232,vồn,v06232.mp3,5043,từphồn,mismatch
v06233,vồng,v06233.mp3,3524,vâng,mismatch
v06234,vổ,v06234.mp3,6176,phố,mismatch
v06235,vỗ,v06235.mp3,2453,phổ,mismatch
v06236,vội,v06236.mp3,1598,từvội,mismatch
v06237,vớ,v06237.mp3,3322,từphớt,mismatch
v06238,với,v06238.mp3,11,với,ok
v06239,vớt,v06239.mp3,2063,phước,mismatch
v06240,vờ,v06240.mp3,2546,phật,mismatch
v06241,vời,v06241.mp3,1618,từvời,mismatch
v06242,vờn,v06242.mp3,4981,từvườn,mismatch
v06243,vở,v06243.mp3,1586,vở,ok
v06244,vởi,v06244.mp3,6707,vậy,mismatch
v06245,vởn,v06245.mp3,5260,vững,mismatch
v06246,vỡ,v06246.mp3,1190,vở,tone_mismatch
v06247,vợ,v06247.mp3,337,vợ,ok
v06248,vợi,v06248.mp3,4796,vậy,mismatch
v06249,vợt,v06249.mp3,3152,vật,mismatch
v06250,vụ,v06250.mp3,83,phủ,mismatch
v06251,vục,v06251.mp3,5456,phục,mismatch
v06252,vụn,v06252.mp3,2761,vũng,mismatch
v06253,vụng,v06253.mp3,3194,phùng,mismatch
v06254,vụt,v06254.mp3,3349,từvục,mismatch
v06255,vủ,v06255.mp3,6774,từvũ,mismatch
v06256,vức,v06256.mp3,4872,vứt,mismatch
v06257,vứt,v06257.mp3,2113,phức,mismatch
v06258,vừ,v06258.mp3,4206,vừ,ok
v06259,vừa,v06259.mp3,277,vừa,ok
v06260,vừng,v06260.mp3,3315,vừng,ok
v06261,vửa,v06261.mp3,6264,từvữa,mismatch
v06262,vữa,v06262.mp3,3133,vữa,ok
v06263,vững,v06263.mp3,956,vững,ok
v06264,vự,v06264.mp3,6526,từvự,mismatch
v06265,vựa,v06265.mp3,3050,vựa,ok
v06266,vực,v06266.mp3,265,vực,ok
v06267,vựng,v06267.mp3,3098,tưvấn,mismatch
v06268,vỳ,v06268.mp3,5554,tửvi,mismatch
v06269,vỵ,v06269.mp3,5627,tưvì,mismatch
v06270,vỹ,v06270.mp3,2570,vĩ,mismatch
v06271,xa,v06271.mp3,684,từxa,mismatch
v06272,xai,v06272.mp3,6325,sậy,mismatch
v06273,xam,v06273.mp3,5788,sam,mismatch
v06274,xan,v06274.mp3,5663,từsang,mismatch
v06275,xang,v06275.mp3,4801,sang,mismatch
v06276,xanh,v06276.mp3,755,từsanh,mismatch
v06277,xao,v06277.mp3,1925,sao,mismatch
v06278,xay,v06278.mp3,2343,xây,mismatch
v06279,xe,v06279.mp3,99,từxe,mismatch
v06280,xem,v06280.mp3,406,từsen,mismatch
v06281,xen,v06281.mp3,2221,xinh,mismatch
v06282,xeng,v06282.mp3,6139,tựxin,mismatch
v06283,xeo,v06283.mp3,4997,seo,mismatch
v06284,xi,v06284.mp3,1778,truy,mismatch
v06285,xia,v06285.mp3,6379,sia,mismatch
v06286,xim,v06286.mp3,6456,sim,mismatch
v06287,xin,v06287.mp3,504,xin,ok
v06288,xinh,v06288.mp3,1351,sinh,mismatch
v06289,xiu,v06289.mp3,5545,tửrưu,mismatch
v06290,xiêm,v06290.mp3,3294,sim,mismatch
v06291,xiên,v06291.mp3,3573,từxin,mismatch
v06292,xiêng,v06292.mp3,4833,sinh,mismatch
v06293,xiêu,v06293.mp3,3566,siêu,mismatch
v06294,xiếc,v06294.mp3,2780,từxiết,mismatch
v06295,xiết,v06295.mp3,2995,xiếc,mismatch
v06296,xiếu,v06296.mp3,6572,xíu,mismatch
v06297,xiềng,v06297.mp3,5327,từxin,mismatch
v06298,xiều,v06298.mp3,5866,sươu,mismatch
v06299,xiển,v06299.mp3,4001,từbiển,mismatch
v06300,xiểng,v06300.mp3,6457,suyĩnh,mismatch
v06301,xiệc,v06301.mp3,6704,từsiệt,mismatch
v06302,xo,v06302.mp3,4112,so,mismatch
v06303,xoa,v06303.mp3,2492,sao,mismatch
v06304,xoan,v06304.mp3,3559,soi,mismatch
v06305,xoang,v06305.mp3,2969,sáng,mismatch
v06306,xoanh,v06306.mp3,7046,từxuân,mismatch
v06307,xoay,v06307.mp3,1671,xoay,ok
v06308,xoe,v06308.mp3,4837,từxa,mismatch
v06309,xoi,v06309.mp3,6076,rõi,mismatch
v06310,xom,v06310.mp3,4382,sao,mismatch
v06311,xon,v06311.mp3,6493,sao,mismatch
v06312,xong,v06312.mp3,934,xong,ok
v06313,xoong,v06313.mp3,3727,trong,mismatch
v06314,xoà,v06314.mp3,4117,từxa,mismatch
v06315,xoài,v06315.mp3,2201,từxoay,mismatch
v06316,xoàm,v06316.mp3,6948,sàm,mismatch
v06317,xoàn,v06317.mp3,4735,sang,mismatch
v06318,xoàng,v06318.mp3,5365,sàng,mismatch
v06319,xoành,v06319.mp3,5660,sần,mismatch
v06320,xoá,v06320.mp3,1557,từxóa,mismatch
v06321,xoáy,v06321.mp3,2469,sấy,mismatch
v06322,xoã,v06322.mp3,4650,sở,mismatch
v06323,xoè,v06323.mp3,3459,từxe,mismatch
v06324,xoăn,v06324.mp3,3584,sang,mismatch
v06325,xoạc,v06325.mp3,5544,tựsoạn,mismatch
v06326,xoảng,v06326.mp3,5563,sáng,mismatch
v06327,xoẹt,v06327.mp3,5826,sệt,mismatch
v06328,xoọng,v06328.mp3,6492,song,mismatch
v06329,xu,v06329.mp3,1195,từsu,mismatch
v06330,xua,v06330.mp3,2885,xua,ok
v06331,xui,v06331.mp3,3446,rồi,mismatch
v06332,xum,v06332.mp3,4607,súp,mismatch
v06333,xun,v06333.mp3,5929,từxung,mismatch
v06334,xung,v06334.mp3,1029,từsung,mismatch
v06335,xuyên,v06335.mp3,694,sinh,mismatch
v06336,xuyến,v06336.mp3,2968,xíu,mismatch
v06337,xuyết,v06337.mp3,4614,suýt,mismatch
v06338,xuyền,v06338.mp3,5052,từsuyền,mismatch
v06339,xuyệt,v06339.mp3,5107,tự,mismatch
v06340,xuân,v06340.mp3,528,xuân,ok
v06341,xuê,v06341.mp3,4805,đâylàmộtđoạntríchtruyện,mismatch
v06342,xuôi,v06342.mp3,2300,tớsôi,mismatch
v06343,xuông,v06343.mp3,5928,sung,mismatch
v06344,xuý,v06344.mp3,4741,suối,mismatch
v06345,xuýt,v06345.mp3,3908,chích,mismatch
v06346,xuấn,v06346.mp3,7040,sớm,mismatch
v06347,xuất,v06347.mp3,150,sức,mismatch
v06348,xuẩn,v06348.mp3,5533,từsúng,mismatch
v06349,xuống,v06349.mp3,479,từxuống,mismatch
v06350,xuốt,v06350.mp3,7037,súc,mismatch
v06351,xuồng,v06351.mp3,2908,từsuồng,mismatch
v06352,xy,v06352.mp3,3848,từsi,mismatch
v06353,xà,v06353.mp3,2064,từxa,mismatch
v06354,xài,v06354.mp3,2266,từsai,mismatch
v06355,xàm,v06355.mp3,5729,sam,mismatch
v06356,xào,v06356.mp3,2218,sau,mismatch
v06357,xá,v06357.mp3,1738,trái,mismatch
v06358,xác,v06358.mp3,393,séc,mismatch
v06359,xách,v06359.mp3,1722,từsách,mismatch
v06360,xái,v06360.mp3,5482,từsái,mismatch
v06361,xám,v06361.mp3,2701,sám,mismatch
v06362,xán,v06362.mp3,5140,sáng,mismatch
v06363,xáng,v06363.mp3,4323,sáng,mismatch
v06364,xáo,v06364.mp3,2689,sáo,mismatch
v06365,xáp,v06365.mp3,6773,sát,mismatch
v06366,xát,v06366.mp3,2046,séc,mismatch
v06367,xáy,v06367.mp3,6950,sấy,mismatch
v06368,xâm,v06368.mp3,1397,từsâm,mismatch
v06369,xân,v06369.mp3,6423,n,mismatch
v06370,xâu,v06370.mp3,3892,từsau,mismatch
v06371,xây,v06371.mp3,275,tửxê,mismatch
v06372,xã,v06372.mp3,148,sá,mismatch
v06373,xè,v06373.mp3,4998,từxe,mismatch
v06374,xèng,v06374.mp3,5417,sang,mismatch
v06375,xèo,v06375.mp3,3597,tờsèo,mismatch
v06376,xé,v06376.mp3,2574,tựchế,mismatch
v06377,xéc,v06377.mp3,6824,tựxếp,mismatch
v06378,xém,v06378.mp3,4066,xém,ok
v06379,xén,v06379.mp3,3447,sánh,mismatch
v06380,xéo,v06380.mp3,3961,xéo,ok
v06381,xép,v06381.mp3,4367,sếp,mismatch
v06382,xét,v06382.mp3,380,sếch,mismatch
v06383,xê,v06383.mp3,2551,xe,mismatch
v06384,xêm,v06384.mp3,6525,xem,mismatch
v06385,xên,v06385.mp3,5850,tựusinh,mismatch
v06386,xênh,v06386.mp3,5610,từsen,mismatch
v06387,xì,v06387.mp3,2230,tưsĩ,mismatch
v06388,xìn,v06388.mp3,6033,từsinh,mismatch
v06389,xình,v06389.mp3,4565,từsinh,mismatch
v06390,xìu,v06390.mp3,5121,từsiêu,mismatch
v06391,xí,v06391.mp3,2196,gì,mismatch
v06392,xía,v06392.mp3,5602,sí,mismatch
v06393,xích,v06393.mp3,2018,sức,mismatch
v06394,xín,v06394.mp3,4942,xin,tone_mismatch
v06395,xính,v06395.mp3,4742,từsinh,mismatch
v06396,xít,v06396.mp3,3073,sít,mismatch
v06397,xíu,v06397.mp3,2749,từxíu,mismatch
v06398,xòm,v06398.mp3,7044,sao,mismatch
v06399,xó,v06399.mp3,4275,từxó,mismatch
v06400,xóc,v06400.mp3,3805,sốc,mismatch
v06401,xói,v06401.mp3,3299,sói,mismatch
v06402,xóm,v06402.mp3,1158,sống,mismatch
v06403,xót,v06403.mp3,1973,sốc,mismatch
v06404,xô,v06404.mp3,1636,sô,mismatch
v06405,xôi,v06405.mp3,2077,rồi,mismatch
v06406,xôm,v06406.mp3,4766,từxóm,mismatch
v06407,xôn,v06407.mp3,2100,sông,mismatch
v06408,xông,v06408.mp3,1950,từsông,mismatch
v06409,xù,v06409.mp3,3091,sưu,mismatch
v06410,xùa,v06410.mp3,5659,sùa,mismatch
v06411,xùi,v06411.mp3,6421,rồi,mismatch
v06412,xùm,v06412.mp3,3005,từsung,mismatch
v06413,xú,v06413.mp3,4688,số,mismatch
v06414,xúc,v06414.mp3,605,từsuốt,mismatch
v06415,xúi,v06415.mp3,3785,rối,mismatch
v06416,xúm,v06416.mp3,3902,sấm,mismatch
v06417,xúng,v06417.mp3,4715,sống,mismatch
v06418,xúp,v06418.mp3,5220,súp,mismatch
v06419,xút,v06419.mp3,4923,sức,mismatch
v06420,xăm,v06420.mp3,2326,từsâm,mismatch
v06421,xăn,v06421.mp3,6706,săng,mismatch
v06422,xăng,v06422.mp3,1016,sáng,mismatch
v06423,xĩnh,v06423.mp3,6823,sính,mismatch
v06424,xơ,v06424.mp3,1848,tựsơ,mismatch
v06425,xơi,v06425.mp3,4484,tựxây,mismatch
v06426,xơm,v06426.mp3,7042,sâm,mismatch
v06427,xư,v06427.mp3,6263,tờsư,mismatch
v06428,xưa,v06428.mp3,1374,từxưa,mismatch
v06429,xưng,v06429.mp3,2293,từsinh,mismatch
v06430,xương,v06430.mp3,1227,sương,mismatch
v06431,xước,v06431.mp3,2847,từsức,mismatch
v06432,xướng,v06432.mp3,2445,từxướng,mismatch
v06433,xướt,v06433.mp3,6300,trước,mismatch
v06434,xườn,v06434.mp3,7038,sừng,mismatch
v06435,xường,v06435.mp3,5203,từsự,mismatch
v06436,xưởng,v06436.mp3,1807,từsửng,mismatch
v06437,xược,v06437.mp3,5343,tựrực,mismatch
v06438,xượt,v06438.mp3,7036,từsự,mismatch
v06439,xạ,v06439.mp3,1774,sả,mismatch
v06440,xạc,v06440.mp3,5158,tựsạc,mismatch
v06441,xạch,v06441.mp3,6952,sát,mismatch
v06442,xạm,v06442.mp3,5682,sảm,mismatch
v06443,xạo,v06443.mp3,5315,sau,mismatch
v06444,xả,v06444.mp3,1501,từxá,mismatch
v06445,xản,v06445.mp3,6951,từsáng,mismatch
v06446,xảnh,v06446.mp3,7049,từsẵn,mismatch
v06447,xảo,v06447.mp3,2698,sáu,mismatch
v06448,xảy,v06448.mp3,445,sấy,mismatch
v06449,xấc,v06449.mp3,5418,từsắt,mismatch
v06450,xấp,v06450.mp3,2557,sắp,mismatch
v06451,xấu,v06451.mp3,983,sấu,mismatch
v06452,xầm,v06452.mp3,5032,từsâm,mismatch
v06453,xẩm,v06453.mp3,3438,sắm,mismatch
v06454,xẩu,v06454.mp3,5522,sấu,mismatch
v06455,xẩy,v06455.mp3,4232,sấy,mismatch
v06456,xập,v06456.mp3,3995,cửsạp,mismatch
v06457,xậy,v06457.mp3,7048,từsẩy,mismatch
v06458,xắc,v06458.mp3,4825,sắc,mismatch
v06459,xắn,v06459.mp3,2443,từsáng,mismatch
v06460,xắp,v06460.mp3,5295,từsách,mismatch
v06461,xắt,v06461.mp3,3567,từsắc,mismatch
v06462,xằng,v06462.mp3,6705,tửsăng,mismatch
v06463,xẵng,v06463.mp3,6825,từsẵn,mismatch
v06464,xẹc,v06464.mp3,7047,sẻ,mismatch
v06465,xẹo,v06465.mp3,6422,sều,mismatch
v06466,xẹp,v06466.mp3,4233,sẹp,mismatch
v06467,xẹt,v06467.mp3,4887,sẽ,mismatch
v06468,xẻ,v06468.mp3,2410,sẽ,mismatch
v06469,xẻn,v06469.mp3,5427,từsẵn,mismatch
v06470,xẻng,v06470.mp3,4080,sảy,mismatch
v06471,xẻo,v06471.mp3,3844,từsẻo,mismatch
v06472,xế,v06472.mp3,1080,sẽ,mismatch
v06473,xếch,v06473.mp3,5382,séc,mismatch
v06474,xếnh,v06474.mp3,6174,từsến,mismatch
v06475,xếp,v06475.mp3,905,xếp,ok
v06476,xề,v06476.mp3,5806,xề,ok
v06477,xềnh,v06477.mp3,5770,sền,mismatch
v06478,xệ,v06478.mp3,3053,sể,mismatch
v06479,xệch,v06479.mp3,4553,xe,mismatch
v06480,xện,v06480.mp3,6614,tưsản,mismatch
v06481,xỉ,v06481.mp3,2112,sĩ,mismatch
v06482,xỉa,v06482.mp3,4575,sẽ,mismatch
v06483,xỉn,v06483.mp3,3012,xến,mismatch
v06484,xỉnh,v06484.mp3,6571,sinh,mismatch
v06485,xỉu,v06485.mp3,2640,xỉu,ok
v06486,xị,v06486.mp3,4538,sĩ,mismatch
v06487,xịch,v06487.mp3,5170,sệt,mismatch
v06488,xịn,v06488.mp3,3227,sinh,mismatch
v06489,xịt,v06489.mp3,2592,sịch,mismatch
v06490,xọp,v06490.mp3,6613,sạp,mismatch
v06491,xỏ,v06491.mp3,3832,sở,mismatch
v06492,xỏn,v06492.mp3,6898,sẵn,mismatch
v06493,xố,v06493.mp3,5294,từsố,mismatch
v06494,xốc,v06494.mp3,4296,tựsốc,mismatch
v06495,xối,v06495.mp3,3708,sối,mismatch
v06496,xốm,v06496.mp3,7043,sớm,mismatch
v06497,xốn,v06497.mp3,4916,số,mismatch
v06498,xốp,v06498.mp3,2657,sốp,mismatch
v06499,xốt,v06499.mp3,4198,sức,mismatch
v06500,xồ,v06500.mp3,5706,từsô,mismatch
v06501,xồm,v06501.mp3,5353,sâm,mismatch
v06502,xồng,v06502.mp3,4657,song,mismatch
v06503,xổ,v06503.mp3,2268,từsố,mismatch
v06504,xổi,v06504.mp3,4635,sối,mismatch
v06505,xổm,v06505.mp3,4461,từsống,mismatch
v06506,xổng,v06506.mp3,5543,sống,mismatch
v06507,xộ,v06507.mp3,5662,từsố,mismatch
v06508,xộc,v06508.mp3,4074,sọc,mismatch
v06509,xộn,v06509.mp3,3007,sống,mismatch
v06510,xớ,v06510.mp3,6949,sớ,mismatch
v06511,xới,v06511.mp3,3551,sấy,mismatch
v06512,xớt,v06512.mp3,6111,từsức,mismatch
v06513,xờ,v06513.mp3,6822,sợ,mismatch
v06514,xờm,v06514.mp3,6661,tửsâm,mismatch
v06515,xở,v06515.mp3,3477,từsở,mismatch
v06516,xởi,v06516.mp3,5311,từsởi,mismatch
v06517,xợt,v06517.mp3,7041,tựsợ,mismatch
v06518,xục,v06518.mp3,6821,tựsụp,mismatch
v06519,xụi,v06519.mp3,6820,từsuối,mismatch
v06520,xụp,v06520.mp3,4055,tựsập,mismatch
v06521,xủn,v06521.mp3,6703,sống,mismatch
v06522,xứ,v06522.mp3,1385,từxứ,mismatch
v06523,xức,v06523.mp3,5213,sức,mismatch
v06524,xứng,v06524.mp3,1547,sứng,mismatch
v06525,xừ,v06525.mp3,6003,từsự,mismatch
v06526,xử,v06526.mp3,313,sử,mismatch
v06527,xửa,v06527.mp3,5426,rửa,mismatch
v06528,xửng,v06528.mp3,5493,sững,mismatch
v06529,xững,v06529.mp3,6772,sững,mismatch
v06530,xự,v06530.mp3,5749,tưsử,mismatch
v06531,xựng,v06531.mp3,7039,sừng,mismatch
v06532,y,v06532.mp3,401,i,mismatch
v06533,yêm,v06533.mp3,5139,im,mismatch
v06534,yên,v06534.mp3,697,yêng,mismatch
v06535,yêng,v06535.mp3,5805,inh,mismatch
v06536,yêu,v06536.mp3,194,yêu,ok
v06537,yếm,v06537.mp3,3021,yếm,ok
v06538,yến,v06538.mp3,1408,yến,ok
v06539,yết,v06539.mp3,1628,ít,mismatch
v06540,yếu,v06540.mp3,524,ýu,mismatch
v06541,yều,v06541.mp3,5481,ừ,mismatch
v06542,yểm,v06542.mp3,4281,hiếm,mismatch
v06543,yểng,v06543.mp3,6819,yển,mismatch
v06544,yểu,v06544.mp3,4225,ếu,mismatch
v06545,à,v06545.mp3,2350,a,tone_mismatch
v06546,àm,v06546.mp3,7035,ám,tone_mismatch
v06547,àn,v06547.mp3,7184,eng,mismatch
v06548,àng,v06548.mp3,7183,an,mismatch
v06549,ành,v06549.mp3,5804,anh,tone_mismatch
v06550,ào,v06550.mp3,2111,au,mismatch
v06551,á,v06551.mp3,862,ác,mismatch
v06552,ác,v06552.mp3,1692,ác,ok
v06553,ách,v06553.mp3,2625,ắt,mismatch
v06554,ái,v06554.mp3,1381,ấy,mismatch
v06555,ám,v06555.mp3,1789,ám,ok
v06556,án,v06556.mp3,122,ánh,mismatch
v06557,áng,v06557.mp3,2684,ánh,mismatch
v06558,ánh,v06558.mp3,768,ảnh,tone_mismatch
v06559,áo,v06559.mp3,739,áo,ok
v06560,áp,v06560.mp3,554,áp,ok
v06561,át,v06561.mp3,3243,ắc,mismatch
v06562,áy,v06562.mp3,4014,ấy,mismatch
v06563,âm,v06563.mp3,675,em,mismatch
v06564,ân,v06564.mp3,1490,ân,ok
v06565,âng,v06565.mp3,7034,ông,mismatch
v06566,âu,v06566.mp3,1109,âu,ok
v06567,ây,v06567.mp3,5960,ây,ok
v06568,ã,v06568.mp3,4841,ác,mismatch
v06569,è,v06569.mp3,5453,e,tone_mismatch
v06570,èo,v06570.mp3,4515,eo,tone_mismatch
v06571,é,v06571.mp3,5359,ê,mismatch
v06572,éc,v06572.mp3,5976,ép,mismatch
v06573,ém,v06573.mp3,4195,ém,ok
v06574,én,v06574.mp3,3531,én,ok
v06575,éo,v06575.mp3,3482,éo,ok
v06576,ép,v06576.mp3,1258,ế,mismatch
v06577,ét,v06577.mp3,5975,ích,mismatch
v06578,ê,v06578.mp3,2159,ê,ok
v06579,êm,v06579.mp3,2449,ếm,tone_mismatch
v06580,ên,v06580.mp3,5820,ên,ok
v06581,êu,v06581.mp3,6521,eo,mismatch
v06582,ì,v06582.mp3,3360,ê,mismatch
v06583,ình,v06583.mp3,5189,anh,mismatch
v06584,í,v06584.mp3,4722,ý,mismatch
v06585,ía,v06585.mp3,6444,ý,mismatch
v06586,ích,v06586.mp3,853,ếch,mismatch
v06587,ín,v06587.mp3,7140,ấn,mismatch
v06588,ít,v06588.mp3,498,ít,ok
v06589,ò,v06589.mp3,6538,ờ,mismatch
v06590,ó,v06590.mp3,4140,hả,mismatch
v06591,óc,v06591.mp3,2467,ốc,mismatch
v06592,ói,v06592.mp3,2895,ối,mismatch
v06593,ón,v06593.mp3,6023,ấn,mismatch
v06594,óng,v06594.mp3,3532,ống,mismatch
v06595,óp,v06595.mp3,6509,từở,mismatch
v06596,ót,v06596.mp3,5499,ơ,mismatch
v06597,ô,v06597.mp3,714,ồ,tone_mismatch
v06598,ôi,v06598.mp3,2874,từối,mismatch
v06599,ôm,v06599.mp3,1292,ôm,ok
v06600,ôn,v06600.mp3,1819,uông,mismatch
v06601,ông,v06601.mp3,35,ông,ok
v06602,õn,v06602.mp3,7103,ấn,mismatch
v06603,õng,v06603.mp3,5859,ống,mismatch
v06604,ù,v06604.mp3,3996,ù,ok
v06605,ùa,v06605.mp3,3521,ua,tone_mismatch
v06606,ùm,v06606.mp3,5595,ưm,mismatch
v06607,ùn,v06607.mp3,1623,ùng,mismatch
v06608,ùng,v06608.mp3,5603,ông,mismatch
v06609,ú,v06609.mp3,3858,ú,ok
v06610,úa,v06610.mp3,4273,từúp,mismatch
v06611,úc,v06611.mp3,1806,úc,ok
v06612,úi,v06612.mp3,6213,úi,ok
v06613,úm,v06613.mp3,5534,úm,ok
v06614,ún,v06614.mp3,6354,úng,mismatch
v06615,úng,v06615.mp3,2541,úng,ok
v06616,úp,v06616.mp3,2888,úp,ok
v06617,út,v06617.mp3,1802,úc,mismatch
v06618,ý,v06618.mp3,193,ý,ok
v06619,ăm,v06619.mp3,4561,âm,mismatch
v06620,ăn,v06620.mp3,198,anh,mismatch
v06621,ăng,v06621.mp3,4257,ăng,ok
v06622,đa,v06622.mp3,519,đá,tone_mismatch
v06623,đai,v06623.mp3,1600,đây,mismatch
v06624,đam,v06624.mp3,1345,đăm,mismatch
v06625,đan,v06625.mp3,1793,đáng,mismatch
v06626,đang,v06626.mp3,97,đang,ok
v06627,đanh,v06627.mp3,3811,đành,tone_mismatch
v06628,đao,v06628.mp3,2763,đau,mismatch
v06629,đau,v06629.mp3,683,từđầu,mismatch
v06630,đay,v06630.mp3,3541,đây,mismatch
v06631,đe,v06631.mp3,1442,d,mismatch
v06632,đem,v06632.mp3,1066,đêm,mismatch
v06633,đen,v06633.mp3,1077,từđêm,mismatch
v06634,đeng,v06634.mp3,6206,đèn,mismatch
v06635,đeo,v06635.mp3,1714,từđeo,mismatch
v06636,đi,v06636.mp3,72,từđi,mismatch
v06637,đia,v06637.mp3,5531,bia,mismatch
v06638,đin,v06638.mp3,4884,từđêm,mismatch
v06639,đinh,v06639.mp3,1118,đêm,mismatch
v06640,điêm,v06640.mp3,6150,đêm,mismatch
v06641,điên,v06641.mp3,2073,điên,ok
v06642,điêng,v06642.mp3,6807,đinh,mismatch
v06643,điêu,v06643.mp3,2270,điều,tone_mismatch
v06644,điếc,v06644.mp3,3250,từđích,mismatch
v06645,điếm,v06645.mp3,4299,điếm,ok
v06646,điến,v06646.mp3,6086,điếc,mismatch
v06647,điếng,v06647.mp3,4464,đi,mismatch
v06648,điếp,v06648.mp3,6451,điếc,mismatch
v06649,điếu,v06649.mp3,2881,từđiếu,mismatch
v06650,điềm,v06650.mp3,2943,từđiển,mismatch
v06651,điền,v06651.mp3,1723,từđiền,mismatch
v06652,điều,v06652.mp3,66,từđiều,mismatch
v06653,điểm,v06653.mp3,139,từđiểm,mismatch
v06654,điển,v06654.mp3,1298,điển,ok
v06655,điểu,v06655.mp3,2855,từđiếu,mismatch
v06656,điễn,v06656.mp3,5881,từđiển,mismatch
v06657,điệm,v06657.mp3,6565,điểm,tone_mismatch
v06658,điện,v06658.mp3,247,điểm,mismatch
v06659,điệp,v06659.mp3,1467,cửđiệp,mismatch
v06660,điệu,v06660.mp3,1437,đều,mismatch
v06661,đo,v06661.mp3,1544,đâu,mismatch
v06662,đoa,v06662.mp3,4517,đã,mismatch
v06663,đoan,v06663.mp3,2214,từđoàn,mismatch
v06664,đoanh,v06664.mp3,7167,unktrần,mismatch
v06665,đom,v06665.mp3,3368,đâm,mismatch
v06666,đon,v06666.mp3,4769,đông,mismatch
v06667,đong,v06667.mp3,3087,đông,mismatch
v06668,đoà,v06668.mp3,7168,ba,mismatch
v06669,đoài,v06669.mp3,4107,đoài,ok
v06670,đoàn,v06670.mp3,335,từđoàn,mismatch
v06671,đoàng,v06671.mp3,5584,từđoàn,mismatch
v06672,đoá,v06672.mp3,3318,đó,mismatch
v06673,đoái,v06673.mp3,3870,đoế,mismatch
v06674,đoán,v06674.mp3,1174,tựđoán,mismatch
v06675,đoòng,v06675.mp3,3187,đồng,mismatch
v06676,đoạ,v06676.mp3,4325,từđoà,mismatch
v06677,đoạn,v06677.mp3,503,từđoạn,mismatch
v06678,đoạt,v06678.mp3,1123,được,mismatch
v06679,đoản,v06679.mp3,4256,đoảng,mismatch
v06680,đoảng,v06680.mp3,5348,từđoảng,mismatch
v06681,đu,v06681.mp3,2560,đô,mismatch
v06682,đua,v06682.mp3,1395,đúng,mismatch
v06683,đui,v06683.mp3,6029,đôi,mismatch
v06684,đun,v06684.mp3,2329,từđúng,mismatch
v06685,đung,v06685.mp3,4790,đúng,tone_mismatch
v06686,đuôi,v06686.mp3,1993,đôi,mismatch
v06687,đuông,v06687.mp3,4217,đúng,mismatch
v06688,đuốc,v06688.mp3,4145,nước,mismatch
v06689,đuối,v06689.mp3,2135,đuối,ok
v06690,đuống,v06690.mp3,4896,từđúng,mismatch
v06691,đuổi,v06691.mp3,1160,đuổi,ok
v06692,đà,v06692.mp3,663,đa,tone_mismatch
v06693,đài,v06693.mp3,910,đây,mismatch
v06694,đàm,v06694.mp3,1151,từđàm,mismatch
v06695,đàn,v06695.mp3,581,đàn,ok
v06696,đàng,v06696.mp3,2526,đang,tone_mismatch
v06697,đành,v06697.mp3,1766,từđền,mismatch
v06698,đào,v06698.mp3,534,đau,mismatch
v06699,đàu,v06699.mp3,5864,đau,tone_mismatch
v06700,đày,v06700.mp3,3907,đây,mismatch
v06701,đá,v06701.mp3,749,từđá,mismatch
v06702,đác,v06702.mp3,3896,đắt,mismatch
v06703,đách,v06703.mp3,6942,tết,mismatch
v06704,đái,v06704.mp3,2665,từđáy,mismatch
v06705,đám,v06705.mp3,982,đáng,mismatch
v06706,đán,v06706.mp3,1982,từđắng,mismatch
v06707,đáng,v06707.mp3,600,đáng,ok
v06708,đánh,v06708.mp3,323,đánh,ok
v06709,đáo,v06709.mp3,1364,đáo,ok
v06710,đáp,v06710.mp3,840,đép,mismatch
v06711,đát,v06711.mp3,3542,từđắc,mismatch
v06712,đáu,v06712.mp3,3639,đấu,mismatch
v06713,đáy,v06713.mp3,1996,từđấy,mismatch
v06714,đâm,v06714.mp3,1140,tửđâm,mismatch
v06715,đân,v06715.mp3,6001,đừng,mismatch
v06716,đâu,v06716.mp3,753,đâu,ok
v06717,đây,v06717.mp3,115,đây,ok
v06718,đã,v06718.mp3,13,từđá,mismatch
v06719,đãi,v06719.mp3,1291,trái,mismatch
v06720,đãng,v06720.mp3,2894,đảng,tone_mismatch
v06721,đè,v06721.mp3,2208,đề,mismatch
v06722,đèm,v06722.mp3,6940,đem,tone_mismatch
v06723,đèn,v06723.mp3,1262,đền,mismatch
v06724,đèo,v06724.mp3,2250,nghe,mismatch
v06725,đéc,v06725.mp3,3466,đéc,ok
v06726,đém,v06726.mp3,6692,tém,mismatch
v06727,đén,v06727.mp3,5926,đến,mismatch
v06728,đét,v06728.mp3,5341,từđếch,mismatch
v06729,đê,v06729.mp3,2195,từđê,mismatch
v06730,đêm,v06730.mp3,565,em,mismatch
v06731,đên,v06731.mp3,4711,từđêm,mismatch
v06732,đênh,v06732.mp3,3880,đền,mismatch
v06733,đêu,v06733.mp3,6566,đeo,mismatch
v06734,đì,v06734.mp3,5169,đi,tone_mismatch
v06735,đìa,v06735.mp3,4134,từđi,mismatch
v06736,đình,v06736.mp3,163,đình,ok
v06737,đìu,v06737.mp3,4710,từđầuđiều,mismatch
v06738,đía,v06738.mp3,7171,đi,mismatch
v06739,đích,v06739.mp3,1034,ít,mismatch
v06740,đính,v06740.mp3,2227,từđính,mismatch
v06741,đíp,v06741.mp3,5624,điếp,mismatch
v06742,đít,v06742.mp3,4964,đích,mismatch
v06743,đò,v06743.mp3,2558,từđo,mismatch
v06744,đòi,v06744.mp3,1015,đời,mismatch
v06745,đòn,v06745.mp3,2386,đông,mismatch
v06746,đòng,v06746.mp3,5024,đông,mismatch
v06747,đó,v06747.mp3,33,từđó,mismatch
v06748,đóc,v06748.mp3,7166,đốc,mismatch
v06749,đói,v06749.mp3,1707,cừđói,mismatch
v06750,đóm,v06750.mp3,3309,từđám,mismatch
v06751,đón,v06751.mp3,831,từđó,mismatch
v06752,đóng,v06752.mp3,521,đóng,ok
v06753,đóp,v06753.mp3,6374,từđó,mismatch
v06754,đót,v06754.mp3,5518,từđó,mismatch
v06755,đô,v06755.mp3,661,từđô,mismatch
v06756,đôi,v06756.mp3,668,tửđôi,mismatch
v06757,đôm,v06757.mp3,5980,đờm,mismatch
v06758,đôn,v06758.mp3,2086,đúng,mismatch
v06759,đông,v06759.mp3,339,từđông,mismatch
v06760,đõ,v06760.mp3,6133,từđó,mismatch
v06761,đù,v06761.mp3,5646,đồ,mismatch
v06762,đùa,v06762.mp3,1874,đồ,mismatch
v06763,đùi,v06763.mp3,2169,từđôi,mismatch
v06764,đùm,v06764.mp3,3503,đâm,mismatch
v06765,đùn,v06765.mp3,3905,đùng,mismatch
v06766,đùng,v06766.mp3,3172,từđùng,mismatch
v06767,đú,v06767.mp3,5979,đúng,mismatch
v06768,đúa,v06768.mp3,5397,từđuốc,mismatch
v06769,đúc,v06769.mp3,2025,từđuốc,mismatch
v06770,đúm,v06770.mp3,4914,từđúng,mismatch
v06771,đún,v06771.mp3,6601,đúng,mismatch
v06772,đúng,v06772.mp3,449,đúng,ok
v06773,đúp,v06773.mp3,4161,đức,mismatch
v06774,đút,v06774.mp3,3237,đúc,mismatch
v06775,đăm,v06775.mp3,4472,đăm,ok
v06776,đăng,v06776.mp3,497,đăng,ok
v06777,đĩ,v06777.mp3,5016,đỉ,tone_mismatch
v06778,đĩa,v06778.mp3,1758,để,mismatch
v06779,đĩnh,v06779.mp3,4015,từđỉnh,mismatch
v06780,đũa,v06780.mp3,2528,từđũa,mismatch
v06781,đũi,v06781.mp3,5821,từđuổi,mismatch
v06782,đũng,v06782.mp3,5977,đúng,tone_mismatch
v06783,đơ,v06783.mp3,4137,được,mismatch
v06784,đơm,v06784.mp3,4354,dơm,mismatch
v06785,đơn,v06785.mp3,287,từđơn,mismatch
v06786,đư,v06786.mp3,6257,được,mismatch
v06787,đưa,v06787.mp3,236,từđưa,mismatch
v06788,đưng,v06788.mp3,5100,đừng,tone_mismatch
v06789,đươi,v06789.mp3,6803,từđưa,mismatch
v06790,đương,v06790.mp3,1009,đường,tone_mismatch
v06791,đước,v06791.mp3,4126,phíatâybắcgiápkhuvựcbiểnđôngliêntriềutiên,mismatch
v06792,đưới,v06792.mp3,6108,đưới,ok
v06793,đướng,v06793.mp3,7014,đúng,mismatch
v06794,đười,v06794.mp3,5517,kìmmếch,mismatch
v06795,đườn,v06795.mp3,6761,từđựng,mismatch
v06796,đường,v06796.mp3,117,từđường,mismatch
v06797,đưỡng,v06797.mp3,6760,từđựng,mismatch
v06798,được,v06798.mp3,6,từđược,mismatch
v06799,đượm,v06799.mp3,3980,đướm,tone_mismatch
v06800,đượng,v06800.mp3,6203,từđường,mismatch
v06801,đạ,v06801.mp3,3420,dạ,mismatch
v06802,đạc,v06802.mp3,2093,gạc,mismatch
v06803,đạch,v06803.mp3,6208,đặc,mismatch
v06804,đại,v06804.mp3,108,đẹp,mismatch
v06805,đạm,v06805.mp3,1922,đầm,mismatch
v06806,đạn,v06806.mp3,1666,từđảng,mismatch
v06807,đạng,v06807.mp3,5847,đảng,tone_mismatch
v06808,đạo,v06808.mp3,239,đảo,tone_mismatch
v06809,đạp,v06809.mp3,1466,đọc,mismatch
v06810,đạt,v06810.mp3,419,đặc,mismatch
v06811,đả,v06811.mp3,2608,đá,tone_mismatch
v06812,đảm,v06812.mp3,452,đảm,ok
v06813,đản,v06813.mp3,3131,tựđảng,mismatch
v06814,đảng,v06814.mp3,577,từđảng,mismatch
v06815,đảnh,v06815.mp3,4568,đánh,tone_mismatch
v06816,đảo,v06816.mp3,646,đấu,mismatch
v06817,đấm,v06817.mp3,2654,từđấm,mismatch
v06818,đấng,v06818.mp3,3471,từđấng,mismatch
v06819,đất,v06819.mp3,276,từđức,mismatch
v06820,đấu,v06820.mp3,728,đấu,ok
v06821,đấy,v06821.mp3,1365,từđấy,mismatch
v06822,đầm,v06822.mp3,1860,từđầm,mismatch
v06823,đần,v06823.mp3,3626,đừng,mismatch
v06824,đầu,v06824.mp3,46,đầu,ok
v06825,đầy,v06825.mp3,637,từđây,mismatch
v06826,đẩm,v06826.mp3,6941,đẫm,tone_mismatch
v06827,đẩu,v06827.mp3,3646,từđấu,mismatch
v06828,đẩy,v06828.mp3,744,tẩy,mismatch
v06829,đẫm,v06829.mp3,2897,từđẩm,mismatch
v06830,đẫn,v06830.mp3,4829,đấng,mismatch
v06831,đẫy,v06831.mp3,4746,đẩy,tone_mismatch
v06832,đậm,v06832.mp3,1535,tựđậm,mismatch
v06833,đận,v06833.mp3,3867,đấng,mismatch
v06834,đập,v06834.mp3,1257,tựđộng,mismatch
v06835,đật,v06835.mp3,4828,được,mismatch
v06836,đậu,v06836.mp3,1164,đầu,tone_mismatch
v06837,đậy,v06837.mp3,2964,đấy,tone_mismatch
v06838,đắc,v06838.mp3,1587,từđất,mismatch
v06839,đắm,v06839.mp3,2446,đấm,mismatch
v06840,đắn,v06840.mp3,2096,đắng,mismatch
v06841,đắng,v06841.mp3,2178,đánh,mismatch
v06842,đắp,v06842.mp3,1689,đắp,ok
v06843,đắt,v06843.mp3,1438,đắt,ok
v06844,đằm,v06844.mp3,3703,từđầm,mismatch
v06845,đằng,v06845.mp3,1835,đang,mismatch
v06846,đẳng,v06846.mp3,1157,đẳng,ok
v06847,đẵng,v06847.mp3,4300,đắng,tone_mismatch
v06848,đặc,v06848.mp3,306,từđạc,mismatch
v06849,đặn,v06849.mp3,2222,từđầu,mismatch
v06850,đặng,v06850.mp3,1246,đẳng,tone_mismatch
v06851,đặp,v06851.mp3,7173,đọc,mismatch
v06852,đặt,v06852.mp3,507,đặt,ok
v06853,đẹp,v06853.mp3,405,đẹp,ok
v06854,đẹt,v06854.mp3,5025,để,mismatch
v06855,đẻ,v06855.mp3,1553,từđẻ,mismatch
v06856,đẻn,v06856.mp3,5747,để,mismatch
v06857,đẽ,v06857.mp3,3199,từđế,mismatch
v06858,đẽo,v06858.mp3,4059,rẻhúc,mismatch
v06859,đế,v06859.mp3,2061,từđấy,mismatch
v06860,đếm,v06860.mp3,2170,từđếm,mismatch
v06861,đến,v06861.mp3,18,từđính,mismatch
v06862,đết,v06862.mp3,7172,đếch,mismatch
v06863,đếu,v06863.mp3,6808,đếu,ok
v06864,đề,v06864.mp3,144,để,tone_mismatch
v06865,đềm,v06865.mp3,3815,đèm,mismatch
v06866,đền,v06866.mp3,1425,đèn,mismatch
v06867,đều,v06867.mp3,305,từđều,mismatch
v06868,để,v06868.mp3,15,tựđể,mismatch
v06869,đểm,v06869.mp3,5905,đệm,tone_mismatch
v06870,đển,v06870.mp3,5412,đến,tone_mismatch
v06871,đểu,v06871.mp3,3795,đẻo,mismatch
v06872,đễ,v06872.mp3,5145,từđế,mismatch
v06873,đễn,v06873.mp3,6889,từđến,mismatch
v06874,đễnh,v06874.mp3,5274,từđỉnh,mismatch
v06875,đệ,v06875.mp3,2281,tựđể,mismatch
v06876,đệm,v06876.mp3,2320,từđêm,mismatch
v06877,đệp,v06877.mp3,6452,từđẹp,mismatch
v06878,đỉa,v06878.mp3,3865,từđế,mismatch
v06879,đỉnh,v06879.mp3,1391,đến,mismatch
v06880,đị,v06880.mp3,6072,cừđi,mismatch
v06881,địa,v06881.mp3,235,biệt,mismatch
v06882,địch,v06882.mp3,1865,để,mismatch
v06883,định,v06883.mp3,50,đến,mismatch
v06884,địu,v06884.mp3,4519,đều,mismatch
v06885,đọ,v06885.mp3,3877,từđó,mismatch
v06886,đọc,v06886.mp3,721,đọc,ok
v06887,đọi,v06887.mp3,5637,đợi,mismatch
v06888,đọng,v06888.mp3,2091,tựđộng,mismatch
v06889,đọt,v06889.mp3,4704,đợt,mismatch
v06890,đỏ,v06890.mp3,863,từđó,mismatch
v06891,đỏi,v06891.mp3,5529,đỏi,ok
v06892,đỏm,v06892.mp3,6044,từđấm,mismatch
v06893,đỏng,v06893.mp3,4852,đổng,mismatch
v06894,đố,v06894.mp3,2821,đốt,mismatch
v06895,đốc,v06895.mp3,505,đất,mismatch
v06896,đối,v06896.mp3,119,đối,ok
v06897,đốm,v06897.mp3,3224,từđốm,mismatch
v06898,đốn,v06898.mp3,2564,đúng,mismatch
v06899,đống,v06899.mp3,1540,đúng,mismatch
v06900,đốp,v06900.mp3,4712,đớp,mismatch
v06901,đốt,v06901.mp3,1468,đốt,ok
v06902,đồ,v06902.mp3,615,đồ,ok
v06903,đồi,v06903.mp3,1923,đôiđôi,mismatch
v06904,đồm,v06904.mp3,4509,đầm,mismatch
v06905,đồn,v06905.mp3,1342,đông,mismatch
v06906,đồng,v06906.mp3,30,đông,tone_mismatch
v06907,đổ,v06907.mp3,861,đỗ,tone_mismatch
v06908,đổi,v06908.mp3,274,đổi,ok
v06909,đổm,v06909.mp3,5863,từđổng,mismatch
v06910,đổng,v06910.mp3,3512,đổng,ok
v06911,đỗ,v06911.mp3,965,đỗ,ok
v06912,đỗi,v06912.mp3,3257,đổi,tone_mismatch
v06913,độ,v06913.mp3,220,từđộ,mismatch
v06914,độc,v06914.mp3,594,độc,ok
v06915,đội,v06915.mp3,468,n,mismatch
v06916,độn,v06916.mp3,3214,đúng,mismatch
v06917,động,v06917.mp3,64,đổng,tone_mismatch
v06918,độp,v06918.mp3,6204,được,mismatch
v06919,đột,v06919.mp3,996,được,mismatch
v06920,đớ,v06920.mp3,7169,từđó,mismatch
v06921,đới,v06921.mp3,1992,tới,mismatch
v06922,đớn,v06922.mp3,1735,từđứng,mismatch
v06923,đớp,v06923.mp3,5168,đức,mismatch
v06924,đớt,v06924.mp3,6319,từđức,mismatch
v06925,đờ,v06925.mp3,3725,đừ,mismatch
v06926,đời,v06926.mp3,459,tựđợi,mismatch
v06927,đờm,v06927.mp3,3617,đờm,ok
v06928,đờn,v06928.mp3,3513,đờng,mismatch
v06929,đở,v06929.mp3,4681,đỡ,tone_mismatch
v06930,đởm,v06930.mp3,7165,đởm,ok
v06931,đỡ,v06931.mp3,940,từđỡ,mismatch
v06932,đợ,v06932.mp3,5703,từđợi,mismatch
v06933,đợi,v06933.mp3,1165,đợi,ok
v06934,đợn,v06934.mp3,6938,dạ,mismatch
v06935,đợt,v06935.mp3,1041,từđợt,mismatch
v06936,đục,v06936.mp3,2319,từđục,mismatch
v06937,đụn,v06937.mp3,5340,từđúng,mismatch
v06938,đụng,v06938.mp3,2307,từđùng,mismatch
v06939,đụp,v06939.mp3,6084,được,mismatch
v06940,đụt,v06940.mp3,6883,độc,mismatch
v06941,đủ,v06941.mp3,413,từđủ,mismatch
v06942,đủi,v06942.mp3,4952,đuổi,mismatch
v06943,đủng,v06943.mp3,4968,từđúng,mismatch
v06944,đứ,v06944.mp3,6420,đức,mismatch
v06945,đứa,v06945.mp3,823,từđứa,mismatch
v06946,đức,v06946.mp3,448,đức,ok
v06947,đứng,v06947.mp3,667,từđứng,mismatch
v06948,đứt,v06948.mp3,1954,từđức,mismatch
v06949,đừ,v06949.mp3,5015,đi,mismatch
v06950,đừng,v06950.mp3,1139,đừng,ok
v06951,đự,v06951.mp3,6936,tết,mismatch
v06952,đựa,v06952.mp3,7163,đừđỡ,mismatch
v06953,đực,v06953.mp3,3017,được,mismatch
v06954,đựng,v06954.mp3,1580,đừng,tone_mismatch
v06955,ĩ,v06955.mp3,3328,ý,mismatch
v06956,ơ,v06956.mp3,2950,ơ,ok
v06957,ơi,v06957.mp3,1906,ây,mismatch
v06958,ơm,v06958.mp3,6080,ơm,ok
v06959,ơn,v06959.mp3,1102,ơ,mismatch
v06960,ư,v06960.mp3,2658,ư,ok
v06961,ưa,v06961.mp3,1929,ưa,ok
v06962,ưng,v06962.mp3,2569,ưng,ok
v06963,ưu,v06963.mp3,800,ư,mismatch
v06964,ươi,v06964.mp3,4814,ưi,mismatch
v06965,ươm,v06965.mp3,2819,tươm,mismatch
v06966,ươn,v06966.mp3,4457,ư,mismatch
v06967,ương,v06967.mp3,703,cưng,mismatch
v06968,ước,v06968.mp3,879,ước,ok
v06969,ướm,v06969.mp3,5096,ướm,ok
v06970,ướng,v06970.mp3,6382,ứ,mismatch
v06971,ướp,v06971.mp3,2372,ước,mismatch
v06972,ướt,v06972.mp3,2249,ước,mismatch
v06973,ười,v06973.mp3,6710,ơi,mismatch
v06974,ườn,v06974.mp3,6494,ừ,mismatch
v06975,ường,v06975.mp3,5912,ưng,mismatch
v06976,ưởng,v06976.mp3,6953,ứng,mismatch
v06977,ược,v06977.mp3,6527,ừ,mismatch
v06978,ượng,v06978.mp3,6458,ừ,mismatch
v06979,ạ,v06979.mp3,2015,a,tone_mismatch
v06980,ạch,v06980.mp3,4150,ắt,mismatch
v06981,ại,v06981.mp3,5562,ai,tone_mismatch
v06982,ạnh,v06982.mp3,6818,ảnh,tone_mismatch
v06983,ạt,v06983.mp3,2488,a,mismatch
v06984,ả,v06984.mp3,2721,ác,mismatch
v06985,ải,v06985.mp3,3491,ải,ok
v06986,ảm,v06986.mp3,3415,ám,tone_mismatch
v06987,ản,v06987.mp3,6378,ảnh,mismatch
v06988,ảng,v06988.mp3,5626,hắn,mismatch
v06989,ảnh,v06989.mp3,184,tấn,mismatch
v06990,ảo,v06990.mp3,1688,áo,tone_mismatch
v06991,ấm,v06991.mp3,1189,nấm,mismatch
v06992,ấn,v06992.mp3,832,ứng,mismatch
v06993,ấp,v06993.mp3,1485,từấp,mismatch
v06994,ất,v06994.mp3,2547,ơ,mismatch
v06995,ấu,v06995.mp3,2756,ấu,ok
v06996,ấy,v06996.mp3,454,ấy,ok
v06997,ầm,v06997.mp3,2613,ăm,mismatch
v06998,ần,v06998.mp3,6155,ân,tone_mismatch
v06999,ầng,v06999.mp3,6524,ưng,mismatch
v07000,ầu,v07000.mp3,5649,khẩu,mismatch
v07001,ẩm,v07001.mp3,1404,ấm,tone_mismatch
v07002,ẩn,v07002.mp3,1356,ứng,mismatch
v07003,ẩu,v07003.mp3,2606,ấu,tone_mismatch
v07004,ậc,v07004.mp3,6702,ở,mismatch
v07005,ậm,v07005.mp3,4569,tâm,mismatch
v07006,ập,v07006.mp3,2187,unkạ,mismatch
v07007,ắc,v07007.mp3,3952,ắc,ok
v07008,ắng,v07008.mp3,3854,tắm,mismatch
v07009,ắp,v07009.mp3,3320,khắp,mismatch
v07010,ắt,v07010.mp3,3769,ếch,mismatch
v07011,ẳng,v07011.mp3,6173,ẵng,tone_mismatch
v07012,ẹ,v07012.mp3,6131,ẽ,tone_mismatch
v07013,ẹc,v07013.mp3,7159,để,mismatch
v07014,ẹo,v07014.mp3,5540,èo,tone_mismatch
v07015,ẹp,v07015.mp3,4777,để,mismatch
v07016,ẹt,v07016.mp3,7156,ê,mismatch
v07017,ẻm,v07017.mp3,6802,ém,tone_mismatch
v07018,ẻn,v07018.mp3,6882,én,tone_mismatch
v07019,ẻo,v07019.mp3,5503,éo,tone_mismatch
v07020,ế,v07020.mp3,2723,ê,tone_mismatch
v07021,ếch,v07021.mp3,2953,ớt,mismatch
v07022,ết,v07022.mp3,7157,ế,mismatch
v07023,ềnh,v07023.mp3,6560,anh,mismatch
v07024,ển,v07024.mp3,7158,ấn,mismatch
v07025,ễnh,v07025.mp3,5846,ẩn,mismatch
v07026,ệch,v07026.mp3,6759,ờ,mismatch
v07027,ỉ,v07027.mp3,3592,ý,mismatch
v07028,ỉa,v07028.mp3,5575,ỵ,mismatch
v07029,ỉm,v07029.mp3,4817,hiếm,mismatch
v07030,ỉn,v07030.mp3,5080,ấn,mismatch
v07031,ỉu,v07031.mp3,5675,tú,mismatch
v07032,ị,v07032.mp3,5325,ẩy,mismatch
v07033,ịch,v07033.mp3,5995,anh,mismatch
v07034,ọ,v07034.mp3,6187,ờ,mismatch
v07035,ọc,v07035.mp3,5874,ông,mismatch
v07036,ọp,v07036.mp3,4768,ờ,mismatch
v07037,ỏ,v07037.mp3,5920,ở,mismatch
v07038,ỏi,v07038.mp3,2677,oải,mismatch
v07039,ỏm,v07039.mp3,5965,tổm,mismatch
v07040,ỏn,v07040.mp3,5872,ông,mismatch
v07041,ỏng,v07041.mp3,6398,ống,mismatch
v07042,ố,v07042.mp3,3866,ố,ok
v07043,ốc,v07043.mp3,1687,ốc,ok
v07044,ối,v07044.mp3,3426,ối,ok
v07045,ốm,v07045.mp3,1859,úng,mismatch
v07046,ống,v07046.mp3,1323,ống,ok
v07047,ốp,v07047.mp3,3432,ốp,ok
v07048,ốt,v07048.mp3,3186,tốp,mismatch
v07049,ồ,v07049.mp3,2403,có,mismatch
v07050,ồm,v07050.mp3,5830,ôm,tone_mismatch
v07051,ồn,v07051.mp3,2001,ôm,mismatch
v07052,ồng,v07052.mp3,5919,ông,tone_mismatch
v07053,ổ,v07053.mp3,1894,ổ,ok
v07054,ổi,v07054.mp3,3109,từối,mismatch
v07055,ổn,v07055.mp3,798,ốm,mismatch
v07056,ổng,v07056.mp3,3698,ống,tone_mismatch
v07057,ộ,v07057.mp3,7104,ổ,tone_mismatch
v07058,ộp,v07058.mp3,5710,ờ,mismatch
v07059,ớ,v07059.mp3,4343,ừ,mismatch
v07060,ới,v07060.mp3,4859,tới,mismatch
v07061,ớn,v07061.mp3,4291,ớn,ok
v07062,ớt,v07062.mp3,1967,ớt,ok
v07063,ờ,v07063.mp3,4647,ờ,ok
v07064,ời,v07064.mp3,5535,ơi,tone_mismatch
v07065,ờn,v07065.mp3,6981,ừ,mismatch
v07066,ở,v07066.mp3,22,ở,ok
v07067,ợ,v07067.mp3,3991,ở,tone_mismatch
v07068,ợt,v07068.mp3,6159,ờ,mismatch
v07069,ụ,v07069.mp3,3823,ồ,mismatch
v07070,ục,v07070.mp3,5433,u,mismatch
v07071,ụp,v07071.mp3,5640,ấp,mismatch
v07072,ủ,v07072.mp3,2323,ấu,mismatch
v07073,ủa,v07073.mp3,5159,ủa,ok
v07074,ủi,v07074.mp3,2338,cối,mismatch
v07075,ủn,v07075.mp3,6495,ống,mismatch
v07076,ủng,v07076.mp3,1023,úng,tone_mismatch
v07077,ứ,v07077.mp3,2342,ứ,ok
v07078,ứa,v07078.mp3,3962,ứ,mismatch
v07079,ức,v07079.mp3,1699,ức,ok
v07080,ứng,v07080.mp3,403,ứng,ok
v07081,ừ,v07081.mp3,3655,ừ,ok
v07082,ừa,v07082.mp3,7052,ưa,tone_mismatch
v07083,ừng,v07083.mp3,5851,ưng,tone_mismatch
v07084,ử,v07084.mp3,6383,ứ,tone_mismatch
v07085,ửng,v07085.mp3,4276,tửng,mismatch
v07086,ự,v07086.mp3,6267,ừ,tone_mismatch
v07087,ực,v07087.mp3,5619,ức,tone_mismatch
v07088,ỳ,v07088.mp3,4115,y,tone_mismatch
v07089,ỷ,v07089.mp3,3277,ý,tone_mismatch
v07090,ỹ,v07090.mp3,5910,ê,mismatch
