clip_id,syllable,filename,freq_rank
v00001,a,v00001.mp3,945
v00002,ai,v00002.mp3,461
v00003,am,v00003.mp3,2655
v00004,an,v00004.mp3,81
v00005,ang,v00005.mp3,4587
v00006,anh,v00006.mp3,45
v00007,ao,v00007.mp3,2035
v00008,au,v00008.mp3,3979
v00009,ay,v00009.mp3,6570
v00010,ba,v00010.mp3,425
v00011,bai,v00011.mp3,3126
v00012,bam,v00012.mp3,5748
v00013,ban,v00013.mp3,202
v00014,bang,v00014.mp3,1529
v00015,banh,v00015.mp3,3745
v00016,bao,v00016.mp3,379
v00017,bau,v00017.mp3,5728
v00018,bay,v00018.mp3,483
v00019,be,v00019.mp3,2037
v00020,ben,v00020.mp3,2278
v00021,beng,v00021.mp3,4041
v00022,beo,v00022.mp3,4167
v00023,bi,v00023.mp3,1678
v00024,bia,v00024.mp3,1288
v00025,bim,v00025.mp3,3430
v00026,bin,v00026.mp3,2981
v00027,binh,v00027.mp3,1182
v00028,biêm,v00028.mp3,6075
v00029,biên,v00029.mp3,592
v00030,biêng,v00030.mp3,5908
v00031,biêu,v00031.mp3,5625
v00032,biếc,v00032.mp3,4272
v00033,biếm,v00033.mp3,3944
v00034,biến,v00034.mp3,438
v00035,biếng,v00035.mp3,2935
v00036,biếp,v00036.mp3,6816
v00037,biết,v00037.mp3,76
v00038,biếu,v00038.mp3,2485
v00039,biềm,v00039.mp3,6138
v00040,biền,v00040.mp3,4138
v00041,biều,v00041.mp3,5352
v00042,biểm,v00042.mp3,6324
v00043,biển,v00043.mp3,386
v00044,biểu,v00044.mp3,383
v00045,biễn,v00045.mp3,5505
v00046,biễu,v00046.mp3,6050
v00047,biệc,v00047.mp3,6491
v00048,biện,v00048.mp3,881
v00049,biệt,v00049.mp3,292
v00050,bo,v00050.mp3,2866
v00051,boa,v00051.mp3,4456
v00052,boe,v00052.mp3,5473
v00053,boi,v00053.mp3,5520
v00054,bom,v00054.mp3,1574
v00055,bon,v00055.mp3,2994
v00056,bong,v00056.mp3,2436
v00057,boong,v00057.mp3,4177
v00058,boăn,v00058.mp3,7033
v00059,bu,v00059.mp3,3791
v00060,bua,v00060.mp3,4194
v00061,bui,v00061.mp3,2309
v00062,bum,v00062.mp3,5314
v00063,bun,v00063.mp3,4302
v00064,bung,v00064.mp3,2554
v00065,buy,v00065.mp3,5087
v00066,buôi,v00066.mp3,6700
v00067,buôn,v00067.mp3,1061
v00068,buông,v00068.mp3,2059
v00069,buýt,v00069.mp3,1620
v00070,buốc,v00070.mp3,7032
v00071,buối,v00071.mp3,6350
v00072,buốt,v00072.mp3,3255
v00073,buồm,v00073.mp3,3272
v00074,buồn,v00074.mp3,1036
v00075,buồng,v00075.mp3,2041
v00076,buổi,v00076.mp3,612
v00077,buỗi,v00077.mp3,6660
v00078,buộc,v00078.mp3,877
v00079,buội,v00079.mp3,6815
v00080,buột,v00080.mp3,4758
v00081,by,v00081.mp3,3244
v00082,bà,v00082.mp3,155
v00083,bài,v00083.mp3,398
v00084,bàn,v00084.mp3,441
v00085,bàng,v00085.mp3,1750
v00086,bành,v00086.mp3,3454
v00087,bào,v00087.mp3,1033
v00088,bàu,v00088.mp3,3208
v00089,bày,v00089.mp3,827
v00090,bá,v00090.mp3,1283
v00091,bác,v00091.mp3,456
v00092,bách,v00092.mp3,1607
v00093,bái,v00093.mp3,1881
v00094,bám,v00094.mp3,1572
v00095,bán,v00095.mp3,232
v00096,báng,v00096.mp3,4197
v00097,bánh,v00097.mp3,837
v00098,báo,v00098.mp3,142
v00099,báp,v00099.mp3,6352
v00100,bát,v00100.mp3,1526
v00101,báu,v00101.mp3,2267
v00102,báy,v00102.mp3,5521
v00103,bân,v00103.mp3,4590
v00104,bâng,v00104.mp3,4439
v00105,bâu,v00105.mp3,5287
v00106,bây,v00106.mp3,1076
v00107,bã,v00107.mp3,2450
v00108,bãi,v00108.mp3,1054
v00109,bão,v00109.mp3,1178
v00110,bè,v00110.mp3,898
v00111,bèm,v00111.mp3,6701
v00112,bèn,v00112.mp3,3640
v00113,bèo,v00113.mp3,2872
v00114,bé,v00114.mp3,388
v00115,béc,v00115.mp3,5909
v00116,bén,v00116.mp3,2545
v00117,béng,v00117.mp3,6088
v00118,béo,v00118.mp3,1263
v00119,bép,v00119.mp3,5727
v00120,bét,v00120.mp3,3760
v00121,bê,v00121.mp3,1575
v00122,bên,v00122.mp3,258
v00123,bênh,v00123.mp3,2612
v00124,bêu,v00124.mp3,3661
v00125,bì,v00125.mp3,1872
v00126,bìa,v00126.mp3,2437
v00127,bìm,v00127.mp3,4807
v00128,bìn,v00128.mp3,6212
v00129,bình,v00129.mp3,140
v00130,bìu,v00130.mp3,4205
v00131,bí,v00131.mp3,611
v00132,bía,v00132.mp3,5146
v00133,bích,v00133.mp3,1543
v00134,bím,v00134.mp3,5465
v00135,bính,v00135.mp3,2287
v00136,bíp,v00136.mp3,5714
v00137,bít,v00137.mp3,3350
v00138,bíu,v00138.mp3,5959
v00139,bò,v00139.mp3,1130
v00140,bòn,v00140.mp3,4123
v00141,bòng,v00141.mp3,4902
v00142,bó,v00142.mp3,1360
v00143,bóc,v00143.mp3,2232
v00144,bói,v00144.mp3,3483
v00145,bón,v00145.mp3,1820
v00146,bóng,v00146.mp3,926
v00147,bóp,v00147.mp3,2248
v00148,bót,v00148.mp3,6376
v00149,bô,v00149.mp3,3371
v00150,bôi,v00150.mp3,2192
v00151,bôm,v00151.mp3,5769
v00152,bôn,v00152.mp3,3757
v00153,bông,v00153.mp3,1528
v00154,bõ,v00154.mp3,4597
v00155,bõm,v00155.mp3,4428
v00156,bù,v00156.mp3,1410
v00157,bùa,v00157.mp3,3341
v00158,bùi,v00158.mp3,1136
v00159,bùm,v00159.mp3,5455
v00160,bùn,v00160.mp3,2180
v00161,bùng,v00161.mp3,1781
v00162,bú,v00162.mp3,2255
v00163,búa,v00163.mp3,2643
v00164,búc,v00164.mp3,5009
v00165,búi,v00165.mp3,3789
v00166,bún,v00166.mp3,1900
v00167,búng,v00167.mp3,4355
v00168,búp,v00168.mp3,2848
v00169,bút,v00169.mp3,1817
v00170,băm,v00170.mp3,2891
v00171,băn,v00171.mp3,1862
v00172,băng,v00172.mp3,1075
v00173,bĩ,v00173.mp3,4941
v00174,bĩnh,v00174.mp3,4337
v00175,bĩu,v00175.mp3,5101
v00176,bơ,v00176.mp3,2263
v00177,bơi,v00177.mp3,1488
v00178,bơm,v00178.mp3,1725
v00179,bơn,v00179.mp3,5129
v00180,bư,v00180.mp3,6611
v00181,bưa,v00181.mp3,6771
v00182,bưng,v00182.mp3,3156
v00183,bưu,v00183.mp3,1998
v00184,bươi,v00184.mp3,6569
v00185,bươm,v00185.mp3,4971
v00186,bươn,v00186.mp3,3509
v00187,bương,v00187.mp3,6211
v00188,bươu,v00188.mp3,4800
v00189,bước,v00189.mp3,660
v00190,bướm,v00190.mp3,3435
v00191,bướng,v00191.mp3,3736
v00192,bướu,v00192.mp3,2304
v00193,bường,v00193.mp3,5577
v00194,bưởi,v00194.mp3,2036
v00195,bưởng,v00195.mp3,6323
v00196,bạ,v00196.mp3,2382
v00197,bạc,v00197.mp3,888
v00198,bạch,v00198.mp3,1053
v00199,bại,v00199.mp3,1536
v00200,bạn,v00200.mp3,110
v00201,bạng,v00201.mp3,5276
v00202,bạnh,v00202.mp3,6236
v00203,bạo,v00203.mp3,1470
v00204,bạt,v00204.mp3,2294
v00205,bả,v00205.mp3,3527
v00206,bải,v00206.mp3,5561
v00207,bảm,v00207.mp3,6110
v00208,bản,v00208.mp3,180
v00209,bảng,v00209.mp3,1244
v00210,bảnh,v00210.mp3,3539
v00211,bảo,v00211.mp3,147
v00212,bảy,v00212.mp3,1668
v00213,bấc,v00213.mp3,5055
v00214,bấm,v00214.mp3,2153
v00215,bấn,v00215.mp3,4537
v00216,bấp,v00216.mp3,3304
v00217,bất,v00217.mp3,297
v00218,bấu,v00218.mp3,4262
v00219,bấy,v00219.mp3,2114
v00220,bầm,v00220.mp3,2784
v00221,bần,v00221.mp3,3336
v00222,bầu,v00222.mp3,799
v00223,bầy,v00223.mp3,3373
v00224,bẩm,v00224.mp3,2284
v00225,bẩn,v00225.mp3,1810
v00226,bẩu,v00226.mp3,6235
v00227,bẩy,v00227.mp3,3342
v00228,bẫm,v00228.mp3,4319
v00229,bẫng,v00229.mp3,5849
v00230,bẫy,v00230.mp3,2242
v00231,bậc,v00231.mp3,1153
v00232,bận,v00232.mp3,1524
v00233,bập,v00233.mp3,3951
v00234,bật,v00234.mp3,1117
v00235,bậu,v00235.mp3,5075
v00236,bậy,v00236.mp3,3107
v00237,bắc,v00237.mp3,509
v00238,bắn,v00238.mp3,1392
v00239,bắng,v00239.mp3,6032
v00240,bắp,v00240.mp3,1956
v00241,bắt,v00241.mp3,270
v00242,bằm,v00242.mp3,4326
v00243,bằn,v00243.mp3,5865
v00244,bằng,v00244.mp3,217
v00245,bẳn,v00245.mp3,4915
v00246,bẳng,v00246.mp3,5885
v00247,bẵm,v00247.mp3,4656
v00248,bẵng,v00248.mp3,4247
v00249,bặc,v00249.mp3,5945
v00250,bặm,v00250.mp3,3434
v00251,bặt,v00251.mp3,3900
v00252,bẹ,v00252.mp3,4071
v00253,bẹn,v00253.mp3,4054
v00254,bẹo,v00254.mp3,6234
v00255,bẹp,v00255.mp3,3289
v00256,bẹt,v00256.mp3,5157
v00257,bẻ,v00257.mp3,2715
v00258,bẻo,v00258.mp3,6817
v00259,bẽ,v00259.mp3,4139
v00260,bẽn,v00260.mp3,4661
v00261,bẽo,v00261.mp3,4918
v00262,bế,v00262.mp3,1787
v00263,bến,v00263.mp3,971
v00264,bếnh,v00264.mp3,6351
v00265,bếp,v00265.mp3,1363
v00266,bết,v00266.mp3,3758
v00267,bề,v00267.mp3,1694
v00268,bền,v00268.mp3,1270
v00269,bềnh,v00269.mp3,3739
v00270,bể,v00270.mp3,1814
v00271,bển,v00271.mp3,6377
v00272,bệ,v00272.mp3,3089
v00273,bệch,v00273.mp3,5219
v00274,bện,v00274.mp3,4865
v00275,bệnh,v00275.mp3,120
v00276,bệt,v00276.mp3,3696
v00277,bỉ,v00277.mp3,2229
v00278,bỉa,v00278.mp3,6947
v00279,bỉm,v00279.mp3,3198
v00280,bỉnh,v00280.mp3,3048
v00281,bỉu,v00281.mp3,4483
v00282,bị,v00282.mp3,38
v00283,bịa,v00283.mp3,3234
v00284,bịch,v00284.mp3,2939
v00285,bịn,v00285.mp3,5074
v00286,bịnh,v00286.mp3,5381
v00287,bịp,v00287.mp3,4176
v00288,bịt,v00288.mp3,2468
v00289,bịu,v00289.mp3,3885
v00290,bọ,v00290.mp3,2764
v00291,bọc,v00291.mp3,1928
v00292,bọn,v00292.mp3,1610
v00293,bọng,v00293.mp3,4158
v00294,bọt,v00294.mp3,2675
v00295,bỏ,v00295.mp3,389
v00296,bỏi,v00296.mp3,6087
v00297,bỏng,v00297.mp3,1520
v00298,bố,v00298.mp3,340
v00299,bốc,v00299.mp3,1435
v00300,bối,v00300.mp3,1310
v00301,bốn,v00301.mp3,1297
v00302,bống,v00302.mp3,4009
v00303,bốp,v00303.mp3,4940
v00304,bốt,v00304.mp3,3685
v00305,bồ,v00305.mp3,1870
v00306,bồi,v00306.mp3,1037
v00307,bồn,v00307.mp3,2054
v00308,bồng,v00308.mp3,2595
v00309,bổ,v00309.mp3,735
v00310,bổi,v00310.mp3,5186
v00311,bổn,v00311.mp3,3419
v00312,bổng,v00312.mp3,1389
v00313,bỗ,v00313.mp3,6049
v00314,bỗng,v00314.mp3,1882
v00315,bộ,v00315.mp3,51
v00316,bộc,v00316.mp3,2102
v00317,bội,v00317.mp3,1843
v00318,bộn,v00318.mp3,3196
v00319,bộng,v00319.mp3,5927
v00320,bộp,v00320.mp3,5982
v00321,bột,v00321.mp3,1340
v00322,bớ,v00322.mp3,5275
v00323,bới,v00323.mp3,2377
v00324,bớp,v00324.mp3,4700
v00325,bớt,v00325.mp3,1521
v00326,bờ,v00326.mp3,1088
v00327,bời,v00327.mp3,3136
v00328,bờm,v00328.mp3,4231
v00329,bở,v00329.mp3,3619
v00330,bởi,v00330.mp3,453
v00331,bỡ,v00331.mp3,3282
v00332,bỡn,v00332.mp3,5464
v00333,bợ,v00333.mp3,3335
v00334,bợm,v00334.mp3,5042
v00335,bợn,v00335.mp3,6612
v00336,bợt,v00336.mp3,6233
v00337,bụ,v00337.mp3,4366
v00338,bụa,v00338.mp3,5618
v00339,bục,v00339.mp3,3032
v00340,bụi,v00340.mp3,1705
v00341,bụm,v00341.mp3,6490
v00342,bụng,v00342.mp3,1219
v00343,bụp,v00343.mp3,5058
v00344,bụt,v00344.mp3,4151
v00345,bủa,v00345.mp3,3499
v00346,bủn,v00346.mp3,4580
v00347,bủng,v00347.mp3,6154
v00348,bứa,v00348.mp3,5432
v00349,bức,v00349.mp3,720
v00350,bứng,v00350.mp3,4644
v00351,bứt,v00351.mp3,2795
v00352,bứu,v00352.mp3,6770
v00353,bừa,v00353.mp3,2786
v00354,bừng,v00354.mp3,2834
v00355,bửa,v00355.mp3,7182
v00356,bửng,v00356.mp3,5884
v00357,bửu,v00357.mp3,2903
v00358,bữa,v00358.mp3,1084
v00359,bự,v00359.mp3,4403
v00360,bựa,v00360.mp3,5681
v00361,bực,v00361.mp3,2316
v00362,ca,v00362.mp3,385
v00363,cai,v00363.mp3,1393
v00364,cam,v00364.mp3,878
v00365,can,v00365.mp3,836
v00366,cang,v00366.mp3,2983
v00367,canh,v00367.mp3,1379
v00368,cao,v00368.mp3,103
v00369,cau,v00369.mp3,2709
v00370,cay,v00370.mp3,1919
v00371,cha,v00371.mp3,734
v00372,chai,v00372.mp3,1495
v00373,cham,v00373.mp3,4986
v00374,chan,v00374.mp3,2711
v00375,chang,v00375.mp3,3223
v00376,chanh,v00376.mp3,1921
v00377,chao,v00377.mp3,3144
v00378,chau,v00378.mp3,2243
v00379,chay,v00379.mp3,2228
v00380,che,v00380.mp3,1532
v00381,chem,v00381.mp3,6659
v00382,chen,v00382.mp3,2155
v00383,cheng,v00383.mp3,4721
v00384,cheo,v00384.mp3,4067
v00385,chi,v00385.mp3,328
v00386,chia,v00386.mp3,341
v00387,chim,v00387.mp3,1632
v00388,chin,v00388.mp3,4473
v00389,chinh,v00389.mp3,1646
v00390,chiu,v00390.mp3,3804
v00391,chiêm,v00391.mp3,2299
v00392,chiên,v00392.mp3,2069
v00393,chiêng,v00393.mp3,3450
v00394,chiêu,v00394.mp3,1788
v00395,chiếc,v00395.mp3,412
v00396,chiếm,v00396.mp3,821
v00397,chiến,v00397.mp3,429
v00398,chiếng,v00398.mp3,5825
v00399,chiếp,v00399.mp3,6658
v00400,chiết,v00400.mp3,2176
v00401,chiếu,v00401.mp3,1089
v00402,chiền,v00402.mp3,4714
v00403,chiềng,v00403.mp3,3500
v00404,chiều,v00404.mp3,437
v00405,chiểm,v00405.mp3,6153
v00406,chiển,v00406.mp3,5532
v00407,chiểu,v00407.mp3,2349
v00408,chiễn,v00408.mp3,6945
v00409,chiệc,v00409.mp3,6488
v00410,chiện,v00410.mp3,5594
v00411,cho,v00411.mp3,8
v00412,choa,v00412.mp3,6210
v00413,choai,v00413.mp3,4970
v00414,choang,v00414.mp3,5064
v00415,choay,v00415.mp3,6813
v00416,choe,v00416.mp3,5504
v00417,choi,v00417.mp3,3508
v00418,chom,v00418.mp3,6455
v00419,chon,v00419.mp3,5156
v00420,chong,v00420.mp3,3796
v00421,choong,v00421.mp3,5906
v00422,choàng,v00422.mp3,3418
v00423,choá,v00423.mp3,6232
v00424,choán,v00424.mp3,4699
v00425,choáng,v00425.mp3,2302
v00426,choã,v00426.mp3,6944
v00427,choè,v00427.mp3,5680
v00428,choé,v00428.mp3,4984
v00429,choóng,v00429.mp3,6695
v00430,choạc,v00430.mp3,5472
v00431,choạng,v00431.mp3,3868
v00432,choảng,v00432.mp3,5132
v00433,choắt,v00433.mp3,6298
v00434,choẹ,v00434.mp3,4832
v00435,choẹt,v00435.mp3,5724
v00436,choọng,v00436.mp3,6031
v00437,chu,v00437.mp3,1255
v00438,chua,v00438.mp3,1550
v00439,chui,v00439.mp3,2152
v00440,chum,v00440.mp3,3959
v00441,chun,v00441.mp3,3621
v00442,chung,v00442.mp3,392
v00443,chuyên,v00443.mp3,360
v00444,chuyến,v00444.mp3,833
v00445,chuyền,v00445.mp3,1959
v00446,chuyển,v00446.mp3,321
v00447,chuyện,v00447.mp3,334
v00448,chuân,v00448.mp3,4301
v00449,chuôi,v00449.mp3,5057
v00450,chuôm,v00450.mp3,7177
v00451,chuôn,v00451.mp3,6765
v00452,chuông,v00452.mp3,2431
v00453,chuý,v00453.mp3,5137
v00454,chuẩn,v00454.mp3,486
v00455,chuẫn,v00455.mp3,7179
v00456,chuốc,v00456.mp3,4389
v00457,chuối,v00457.mp3,1976
v00458,chuốt,v00458.mp3,3605
v00459,chuồn,v00459.mp3,3668
v00460,chuồng,v00460.mp3,2298
v00461,chuổi,v00461.mp3,7178
v00462,chuổng,v00462.mp3,6567
v00463,chuỗi,v00463.mp3,1570
v00464,chuộc,v00464.mp3,2862
v00465,chuộng,v00465.mp3,2066
v00466,chuột,v00466.mp3,1927
v00467,chuỳ,v00467.mp3,5823
v00468,chà,v00468.mp3,2769
v00469,chài,v00469.mp3,3030
v00470,chàm,v00470.mp3,3129
v00471,chàng,v00471.mp3,1111
v00472,chành,v00472.mp3,5081
v00473,chào,v00473.mp3,1129
v00474,chày,v00474.mp3,3609
v00475,chá,v00475.mp3,4987
v00476,chác,v00476.mp3,4420
v00477,chái,v00477.mp3,5008
v00478,chám,v00478.mp3,6698
v00479,chán,v00479.mp3,1734
v00480,cháng,v00480.mp3,5981
v00481,chánh,v00481.mp3,1218
v00482,cháo,v00482.mp3,2127
v00483,chát,v00483.mp3,2931
v00484,cháu,v00484.mp3,532
v00485,cháy,v00485.mp3,778
v00486,châm,v00486.mp3,2043
v00487,chân,v00487.mp3,559
v00488,châu,v00488.mp3,571
v00489,chây,v00489.mp3,3577
v00490,chã,v00490.mp3,5218
v00491,chãi,v00491.mp3,4092
v00492,chão,v00492.mp3,6610
v00493,chè,v00493.mp3,1969
v00494,chèm,v00494.mp3,5310
v00495,chèn,v00495.mp3,2650
v00496,chèo,v00496.mp3,2237
v00497,ché,v00497.mp3,5293
v00498,chém,v00498.mp3,1534
v00499,chén,v00499.mp3,2247
v00500,chéng,v00500.mp3,6322
v00501,chéo,v00501.mp3,2585
v00502,chép,v00502.mp3,2082
v00503,chét,v00503.mp3,5404
v00504,chê,v00504.mp3,1987
v00505,chêm,v00505.mp3,5405
v00506,chênh,v00506.mp3,1667
v00507,chì,v00507.mp3,2306
v00508,chìa,v00508.mp3,2297
v00509,chìm,v00509.mp3,1641
v00510,chình,v00510.mp3,4173
v00511,chìu,v00511.mp3,6349
v00512,chí,v00512.mp3,311
v00513,chía,v00513.mp3,5492
v00514,chích,v00514.mp3,2479
v00515,chím,v00515.mp3,5138
v00516,chín,v00516.mp3,1436
v00517,chính,v00517.mp3,67
v00518,chíp,v00518.mp3,3792
v00519,chít,v00519.mp3,3486
v00520,chíu,v00520.mp3,7027
v00521,chò,v00521.mp3,5342
v00522,chòi,v00522.mp3,2889
v00523,chòm,v00523.mp3,4025
v00524,chòng,v00524.mp3,5201
v00525,chó,v00525.mp3,1565
v00526,chóc,v00526.mp3,4166
v00527,chói,v00527.mp3,3298
v00528,chón,v00528.mp3,6321
v00529,chóng,v00529.mp3,936
v00530,chóp,v00530.mp3,4180
v00531,chót,v00531.mp3,2783
v00532,chô,v00532.mp3,5824
v00533,chôi,v00533.mp3,6696
v00534,chôm,v00534.mp3,3095
v00535,chôn,v00535.mp3,1988
v00536,chông,v00536.mp3,3312
v00537,chõ,v00537.mp3,5725
v00538,chõng,v00538.mp3,5448
v00539,chù,v00539.mp3,5447
v00540,chùa,v00540.mp3,1424
v00541,chùi,v00541.mp3,3502
v00542,chùm,v00542.mp3,2668
v00543,chùn,v00543.mp3,4053
v00544,chùng,v00544.mp3,3658
v00545,chú,v00545.mp3,712
v00546,chúa,v00546.mp3,1845
v00547,chúc,v00547.mp3,1278
v00548,chúi,v00548.mp3,4616
v00549,chúm,v00549.mp3,5128
v00550,chúng,v00550.mp3,170
v00551,chút,v00551.mp3,1093
v00552,chăm,v00552.mp3,715
v00553,chăn,v00553.mp3,1309
v00554,chăng,v00554.mp3,2085
v00555,chĩa,v00555.mp3,3763
v00556,chĩnh,v00556.mp3,5390
v00557,chũ,v00557.mp3,5463
v00558,chũi,v00558.mp3,6895
v00559,chũm,v00559.mp3,6260
v00560,chũng,v00560.mp3,6320
v00561,chơ,v00561.mp3,4306
v00562,chơi,v00562.mp3,578
v00563,chơm,v00563.mp3,7180
v00564,chơn,v00564.mp3,3253
v00565,chư,v00565.mp3,2853
v00566,chưa,v00566.mp3,183
v00567,chưn,v00567.mp3,6608
v00568,chưng,v00568.mp3,2381
v00569,chươi,v00569.mp3,6766
v00570,chương,v00570.mp3,352
v00571,chước,v00571.mp3,2998
v00572,chướng,v00572.mp3,3004
v00573,chườm,v00573.mp3,4011
v00574,chường,v00574.mp3,4290
v00575,chưởng,v00575.mp3,3839
v00576,chược,v00576.mp3,6486
v00577,chượp,v00577.mp3,5768
v00578,chượt,v00578.mp3,6171
v00579,chạ,v00579.mp3,5370
v00580,chạc,v00580.mp3,3649
v00581,chạch,v00581.mp3,5133
v00582,chạm,v00582.mp3,1328
v00583,chạn,v00583.mp3,4954
v00584,chạng,v00584.mp3,4655
v00585,chạnh,v00585.mp3,3431
v00586,chạo,v00586.mp3,5691
v00587,chạp,v00587.mp3,2662
v00588,chạy,v00588.mp3,547
v00589,chả,v00589.mp3,1855
v00590,chải,v00590.mp3,2523
v00591,chản,v00591.mp3,5907
v00592,chảng,v00592.mp3,6136
v00593,chảnh,v00593.mp3,3088
v00594,chảo,v00594.mp3,2565
v00595,chảy,v00595.mp3,1208
v00596,chấm,v00596.mp3,1234
v00597,chấn,v00597.mp3,1225
v00598,chấp,v00598.mp3,664
v00599,chất,v00599.mp3,218
v00600,chấu,v00600.mp3,4097
v00601,chấy,v00601.mp3,4953
v00602,chầm,v00602.mp3,3820
v00603,chần,v00603.mp3,3248
v00604,chầu,v00604.mp3,3400
v00605,chầy,v00605.mp3,6074
v00606,chẩm,v00606.mp3,5225
v00607,chẩn,v00607.mp3,1619
v00608,chẩu,v00608.mp3,5786
v00609,chẩy,v00609.mp3,5726
v00610,chẫm,v00610.mp3,5803
v00611,chậc,v00611.mp3,6699
v00612,chậm,v00612.mp3,1097
v00613,chận,v00613.mp3,6002
v00614,chập,v00614.mp3,2811
v00615,chật,v00615.mp3,2074
v00616,chậu,v00616.mp3,2070
v00617,chậy,v00617.mp3,6299
v00618,chắc,v00618.mp3,790
v00619,chắm,v00619.mp3,6697
v00620,chắn,v00620.mp3,1043
v00621,chắp,v00621.mp3,3065
v00622,chắt,v00622.mp3,2902
v00623,chằm,v00623.mp3,3749
v00624,chằn,v00624.mp3,5692
v00625,chằng,v00625.mp3,2978
v00626,chẳm,v00626.mp3,6568
v00627,chẳn,v00627.mp3,6172
v00628,chẳng,v00628.mp3,766
v00629,chẵn,v00629.mp3,4040
v00630,chặc,v00630.mp3,5705
v00631,chặm,v00631.mp3,7030
v00632,chặn,v00632.mp3,1259
v00633,chặng,v00633.mp3,2044
v00634,chặp,v00634.mp3,5648
v00635,chặt,v00635.mp3,943
v00636,chẹm,v00636.mp3,6946
v00637,chẹn,v00637.mp3,5399
v00638,chẹo,v00638.mp3,5883
v00639,chẹp,v00639.mp3,6048
v00640,chẹt,v00640.mp3,4864
v00641,chẻ,v00641.mp3,3969
v00642,chẻo,v00642.mp3,5958
v00643,chẽ,v00643.mp3,1362
v00644,chẽm,v00644.mp3,5391
v00645,chẽn,v00645.mp3,6135
v00646,chế,v00646.mp3,312
v00647,chếch,v00647.mp3,5115
v00648,chếm,v00648.mp3,7181
v00649,chếnh,v00649.mp3,5269
v00650,chết,v00650.mp3,579
v00651,chếu,v00651.mp3,7028
v00652,chề,v00652.mp3,4574
v00653,chềnh,v00653.mp3,6489
v00654,chều,v00654.mp3,6897
v00655,chể,v00655.mp3,7029
v00656,chểnh,v00656.mp3,5007
v00657,chễ,v00657.mp3,5195
v00658,chễm,v00658.mp3,5406
v00659,chệ,v00659.mp3,5407
v00660,chệch,v00660.mp3,3648
v00661,chệnh,v00661.mp3,6261
v00662,chỉ,v00662.mp3,59
v00663,chỉa,v00663.mp3,5585
v00664,chỉn,v00664.mp3,3226
v00665,chỉnh,v00665.mp3,813
v00666,chị,v00666.mp3,182
v00667,chịa,v00667.mp3,6609
v00668,chịt,v00668.mp3,3797
v00669,chịu,v00669.mp3,651
v00670,chọ,v00670.mp3,5944
v00671,chọc,v00671.mp3,2505
v00672,chọi,v00672.mp3,2522
v00673,chọn,v00673.mp3,428
v00674,chọt,v00674.mp3,4379
v00675,chỏ,v00675.mp3,4985
v00676,chỏi,v00676.mp3,6047
v00677,chỏm,v00677.mp3,5202
v00678,chỏng,v00678.mp3,4706
v00679,chốc,v00679.mp3,2828
v00680,chối,v00680.mp3,1420
v00681,chốm,v00681.mp3,6454
v00682,chốn,v00682.mp3,2327
v00683,chống,v00683.mp3,631
v00684,chốp,v00684.mp3,6453
v00685,chốt,v00685.mp3,1427
v00686,chồ,v00686.mp3,5639
v00687,chồi,v00687.mp3,4102
v00688,chồm,v00688.mp3,4365
v00689,chồn,v00689.mp3,3547
v00690,chồng,v00690.mp3,307
v00691,chổ,v00691.mp3,5403
v00692,chổi,v00692.mp3,3367
v00693,chổm,v00693.mp3,5248
v00694,chổng,v00694.mp3,5351
v00695,chỗ,v00695.mp3,738
v00696,chội,v00696.mp3,3246
v00697,chộn,v00697.mp3,5017
v00698,chộp,v00698.mp3,4305
v00699,chột,v00699.mp3,4191
v00700,chớ,v00700.mp3,3553
v00701,chới,v00701.mp3,4128
v00702,chớm,v00702.mp3,4142
v00703,chớn,v00703.mp3,6767
v00704,chớp,v00704.mp3,2928
v00705,chờ,v00705.mp3,812
v00706,chời,v00706.mp3,6487
v00707,chờn,v00707.mp3,4372
v00708,chở,v00708.mp3,916
v00709,chởm,v00709.mp3,4799
v00710,chợ,v00710.mp3,788
v00711,chợp,v00711.mp3,3926
v00712,chợt,v00712.mp3,2694
v00713,chục,v00713.mp3,927
v00714,chụm,v00714.mp3,4980
v00715,chụp,v00715.mp3,998
v00716,chụt,v00716.mp3,6046
v00717,chủ,v00717.mp3,93
v00718,chủa,v00718.mp3,7026
v00719,chủng,v00719.mp3,1508
v00720,chứ,v00720.mp3,754
v00721,chứa,v00721.mp3,980
v00722,chức,v00722.mp3,126
v00723,chứng,v00723.mp3,370
v00724,chứt,v00724.mp3,4687
v00725,chừ,v00725.mp3,3404
v00726,chừa,v00726.mp3,3828
v00727,chừn,v00727.mp3,6812
v00728,chừng,v00728.mp3,1478
v00729,chử,v00729.mp3,4250
v00730,chửa,v00730.mp3,4125
v00731,chửi,v00731.mp3,1832
v00732,chửng,v00732.mp3,4454
v00733,chữ,v00733.mp3,1058
v00734,chữa,v00734.mp3,746
v00735,chững,v00735.mp3,2817
v00736,chực,v00736.mp3,3752
v00737,chựng,v00737.mp3,6073
v00738,co,v00738.mp3,1487
v00739,coa,v00739.mp3,6607
v00740,coan,v00740.mp3,7176
v00741,coe,v00741.mp3,6375
v00742,coi,v00742.mp3,962
v00743,com,v00743.mp3,1751
v00744,con,v00744.mp3,62
v00745,cong,v00745.mp3,2098
v00746,coong,v00746.mp3,5653
v00747,coóc,v00747.mp3,7025
v00748,coóng,v00748.mp3,5737
v00749,cu,v00749.mp3,2695
v00750,cua,v00750.mp3,1846
v00751,cui,v00751.mp3,3738
v00752,cum,v00752.mp3,5836
v00753,cun,v00753.mp3,5593
v00754,cung,v00754.mp3,596
v00755,cuông,v00755.mp3,3607
v00756,cuốc,v00756.mp3,3149
v00757,cuối,v00757.mp3,480
v00758,cuốn,v00758.mp3,1010
v00759,cuống,v00759.mp3,2824
v00760,cuồn,v00760.mp3,4044
v00761,cuồng,v00761.mp3,2241
v00762,cuổi,v00762.mp3,6893
v00763,cuộc,v00763.mp3,203
v00764,cuội,v00764.mp3,4318
v00765,cuộn,v00765.mp3,2543
v00766,cuộng,v00766.mp3,6811
v00767,cà,v00767.mp3,809
v00768,cài,v00768.mp3,2476
v00769,càm,v00769.mp3,5380
v00770,càn,v00770.mp3,3590
v00771,càng,v00771.mp3,561
v00772,cành,v00772.mp3,2134
v00773,cào,v00773.mp3,2538
v00774,càu,v00774.mp3,4975
v00775,cày,v00775.mp3,2531
v00776,cá,v00776.mp3,332
v00777,các,v00777.mp3,4
v00778,cách,v00778.mp3,159
v00779,cái,v00779.mp3,400
v00780,cám,v00780.mp3,1983
v00781,cán,v00781.mp3,549
v00782,cáng,v00782.mp3,3744
v00783,cánh,v00783.mp3,1003
v00784,cáo,v00784.mp3,308
v00785,cáp,v00785.mp3,2108
v00786,cát,v00786.mp3,1141
v00787,cáu,v00787.mp3,2900
v00788,cáy,v00788.mp3,5086
v00789,câm,v00789.mp3,3313
v00790,cân,v00790.mp3,839
v00791,câng,v00791.mp3,6768
v00792,câu,v00792.mp3,430
v00793,cây,v00793.mp3,463
v00794,cãi,v00794.mp3,1373
v00795,cò,v00795.mp3,2183
v00796,còi,v00796.mp3,2354
v00797,còm,v00797.mp3,4405
v00798,còn,v00798.mp3,75
v00799,còng,v00799.mp3,3002
v00800,có,v00800.mp3,3
v00801,cóc,v00801.mp3,2120
v00802,cói,v00802.mp3,4482
v00803,cón,v00803.mp3,6134
v00804,cóng,v00804.mp3,4682
v00805,cóp,v00805.mp3,3274
v00806,cót,v00806.mp3,4795
v00807,cô,v00807.mp3,152
v00808,côi,v00808.mp3,2461
v00809,côm,v00809.mp3,5957
v00810,côn,v00810.mp3,1903
v00811,công,v00811.mp3,14
v00812,cõ,v00812.mp3,6259
v00813,cõi,v00813.mp3,2915
v00814,cõn,v00814.mp3,6230
v00815,cõng,v00815.mp3,3132
v00816,cù,v00816.mp3,2415
v00817,cùa,v00817.mp3,5095
v00818,cùi,v00818.mp3,3862
v00819,cùm,v00819.mp3,4541
v00820,cùn,v00820.mp3,5337
v00821,cùng,v00821.mp3,106
v00822,cú,v00822.mp3,1611
v00823,cúa,v00823.mp3,5801
v00824,cúc,v00824.mp3,2053
v00825,cúi,v00825.mp3,2602
v00826,cúm,v00826.mp3,2470
v00827,cún,v00827.mp3,4081
v00828,cúng,v00828.mp3,1970
v00829,cúp,v00829.mp3,2814
v00830,cút,v00830.mp3,3384
v00831,căm,v00831.mp3,3310
v00832,căn,v00832.mp3,477
v00833,căng,v00833.mp3,1333
v00834,cũ,v00834.mp3,868
v00835,cũa,v00835.mp3,6656
v00836,cũi,v00836.mp3,4636
v00837,cũn,v00837.mp3,5259
v00838,cũng,v00838.mp3,23
v00839,cơ,v00839.mp3,69
v00840,cơi,v00840.mp3,3628
v00841,cơm,v00841.mp3,1094
v00842,cơn,v00842.mp3,1115
v00843,cư,v00843.mp3,706
v00844,cưa,v00844.mp3,2598
v00845,cưng,v00845.mp3,2472
v00846,cưu,v00846.mp3,3787
v00847,cươi,v00847.mp3,7024
v00848,cươn,v00848.mp3,6892
v00849,cương,v00849.mp3,1265
v00850,cước,v00850.mp3,1899
v00851,cưới,v00851.mp3,955
v00852,cướp,v00852.mp3,1017
v00853,cười,v00853.mp3,951
v00854,cườm,v00854.mp3,4705
v00855,cường,v00855.mp3,599
v00856,cưỡi,v00856.mp3,3416
v00857,cưỡng,v00857.mp3,1703
v00858,cược,v00858.mp3,2973
v00859,cạ,v00859.mp3,5196
v00860,cạc,v00860.mp3,6109
v00861,cạch,v00861.mp3,4406
v00862,cạm,v00862.mp3,4050
v00863,cạn,v00863.mp3,1990
v00864,cạng,v00864.mp3,7031
v00865,cạnh,v00865.mp3,531
v00866,cạo,v00866.mp3,2970
v00867,cạp,v00867.mp3,3276
v00868,cạy,v00868.mp3,3453
v00869,cả,v00869.mp3,118
v00870,cải,v00870.mp3,736
v00871,cảm,v00871.mp3,252
v00872,cản,v00872.mp3,1461
v00873,cảng,v00873.mp3,1134
v00874,cảnh,v00874.mp3,256
v00875,cảo,v00875.mp3,4285
v00876,cảu,v00876.mp3,5693
v00877,cấc,v00877.mp3,6262
v00878,cấm,v00878.mp3,1045
v00879,cấn,v00879.mp3,2864
v00880,cấp,v00880.mp3,141
v00881,cất,v00881.mp3,1464
v00882,cấu,v00882.mp3,979
v00883,cấy,v00883.mp3,2253
v00884,cầm,v00884.mp3,874
v00885,cần,v00885.mp3,176
v00886,cầu,v00886.mp3,164
v00887,cầy,v00887.mp3,4181
v00888,cẩm,v00888.mp3,1498
v00889,cẩn,v00889.mp3,1592
v00890,cẩu,v00890.mp3,2139
v00891,cẫng,v00891.mp3,5787
v00892,cận,v00892.mp3,925
v00893,cập,v00893.mp3,981
v00894,cật,v00894.mp3,3654
v00895,cậu,v00895.mp3,978
v00896,cậy,v00896.mp3,2052
v00897,cắc,v00897.mp3,4935
v00898,cắm,v00898.mp3,1963
v00899,cắn,v00899.mp3,2157
v00900,cắp,v00900.mp3,1474
v00901,cắt,v00901.mp3,896
v00902,cằm,v00902.mp3,3010
v00903,cằn,v00903.mp3,3295
v00904,cẳm,v00904.mp3,6814
v00905,cẳng,v00905.mp3,3078
v00906,cặm,v00906.mp3,3912
v00907,cặn,v00907.mp3,3114
v00908,cặng,v00908.mp3,6769
v00909,cặp,v00909.mp3,1026
v00910,cặt,v00910.mp3,6137
v00911,cọ,v00911.mp3,2573
v00912,cọc,v00912.mp3,2116
v00913,cọi,v00913.mp3,6657
v00914,cọn,v00914.mp3,5822
v00915,cọng,v00915.mp3,3586
v00916,cọp,v00916.mp3,4034
v00917,cọt,v00917.mp3,5185
v00918,cỏ,v00918.mp3,1583
v00919,cỏi,v00919.mp3,3901
v00920,cỏn,v00920.mp3,5131
v00921,cố,v00921.mp3,487
v00922,cốc,v00922.mp3,1933
v00923,cối,v00923.mp3,2792
v00924,cốm,v00924.mp3,3562
v00925,cống,v00925.mp3,1423
v00926,cốp,v00926.mp3,3141
v00927,cốt,v00927.mp3,1561
v00928,cồ,v00928.mp3,3977
v00929,cồi,v00929.mp3,5802
v00930,cồm,v00930.mp3,5402
v00931,cồn,v00931.mp3,2050
v00932,cồng,v00932.mp3,2941
v00933,cổ,v00933.mp3,416
v00934,cổn,v00934.mp3,6348
v00935,cổng,v00935.mp3,1426
v00936,cỗ,v00936.mp3,2591
v00937,cỗi,v00937.mp3,3884
v00938,cộ,v00938.mp3,2788
v00939,cộc,v00939.mp3,4039
v00940,cội,v00940.mp3,2805
v00941,cộm,v00941.mp3,3264
v00942,cộng,v00942.mp3,555
v00943,cộp,v00943.mp3,4534
v00944,cột,v00944.mp3,1434
v00945,cớ,v00945.mp3,2530
v00946,cới,v00946.mp3,6943
v00947,cớm,v00947.mp3,6209
v00948,cờ,v00948.mp3,1497
v00949,cời,v00949.mp3,6764
v00950,cờn,v00950.mp3,5848
v00951,cở,v00951.mp3,4520
v00952,cởi,v00952.mp3,2032
v00953,cỡ,v00953.mp3,1895
v00954,cỡn,v00954.mp3,5638
v00955,cợn,v00955.mp3,4969
v00956,cợt,v00956.mp3,3897
v00957,cụ,v00957.mp3,517
v00958,cục,v00958.mp3,553
v00959,cụi,v00959.mp3,3853
v00960,cụm,v00960.mp3,1343
v00961,cụng,v00961.mp3,5031
v00962,cụp,v00962.mp3,5350
v00963,cụt,v00963.mp3,2656
v00964,củ,v00964.mp3,1451
v00965,của,v00965.mp3,2
v00966,củi,v00966.mp3,2859
v00967,củm,v00967.mp3,6017
v00968,củn,v00968.mp3,6229
v00969,củng,v00969.mp3,1850
v00970,cứ,v00970.mp3,482
v00971,cứa,v00971.mp3,3402
v00972,cứng,v00972.mp3,1554
v00973,cứt,v00973.mp3,6694
v00974,cứu,v00974.mp3,264
v00975,cừ,v00975.mp3,2661
v00976,cừa,v00976.mp3,7175
v00977,cừu,v00977.mp3,3174
v00978,cử,v00978.mp3,617
v00979,cửa,v00979.mp3,470
v00980,cửi,v00980.mp3,5617
v00981,cửu,v00981.mp3,2045
v00982,cữ,v00982.mp3,3777
v00983,cữu,v00983.mp3,3666
v00984,cự,v00984.mp3,2022
v00985,cựa,v00985.mp3,3596
v00986,cực,v00986.mp3,658
v00987,cựu,v00987.mp3,1390
v00988,da,v00988.mp3,742
v00989,dai,v00989.mp3,2213
v00990,dam,v00990.mp3,4135
v00991,dan,v00991.mp3,2062
v00992,dang,v00992.mp3,1942
v00993,danh,v00993.mp3,446
v00994,dao,v00994.mp3,992
v00995,dau,v00995.mp3,4340
v00996,day,v00996.mp3,2651
v00997,de,v00997.mp3,2335
v00998,dem,v00998.mp3,5616
v00999,den,v00999.mp3,3355
v01000,deng,v01000.mp3,5487
v01001,deo,v01001.mp3,5541
v01002,di,v01002.mp3,669
v01003,dia,v01003.mp3,5349
v01004,dim,v01004.mp3,5190
v01005,din,v01005.mp3,5431
v01006,dinh,v01006.mp3,1028
v01007,diu,v01007.mp3,5560
v01008,diêm,v01008.mp3,3006
v01009,diên,v01009.mp3,2982
v01010,diêng,v01010.mp3,7170
v01011,diêu,v01011.mp3,4069
v01012,diếc,v01012.mp3,5183
v01013,diếm,v01013.mp3,4470
v01014,diến,v01014.mp3,5519
v01015,diếp,v01015.mp3,4239
v01016,diết,v01016.mp3,3587
v01017,diếu,v01017.mp3,6606
v01018,diềm,v01018.mp3,5302
v01019,diền,v01019.mp3,7020
v01020,diềng,v01020.mp3,7019
v01021,diều,v01021.mp3,2722
v01022,diểm,v01022.mp3,5690
v01023,diển,v01023.mp3,6523
v01024,diểng,v01024.mp3,7018
v01025,diểu,v01025.mp3,6450
v01026,diễm,v01026.mp3,1891
v01027,diễn,v01027.mp3,191
v01028,diễu,v01028.mp3,2508
v01029,diệc,v01029.mp3,3895
v01030,diệm,v01030.mp3,3871
v01031,diện,v01031.mp3,359
v01032,diệp,v01032.mp3,2151
v01033,diệt,v01033.mp3,1753
v01034,diệu,v01034.mp3,1755
v01035,do,v01035.mp3,102
v01036,doa,v01036.mp3,5942
v01037,doai,v01037.mp3,6564
v01038,doan,v01038.mp3,2494
v01039,doang,v01039.mp3,6563
v01040,doanh,v01040.mp3,174
v01041,doe,v01041.mp3,5679
v01042,doi,v01042.mp3,4516
v01043,dom,v01043.mp3,4723
v01044,don,v01044.mp3,3029
v01045,dong,v01045.mp3,2262
v01046,doong,v01046.mp3,6888
v01047,doàn,v01047.mp3,5880
v01048,doái,v01048.mp3,6762
v01049,doãn,v01049.mp3,2477
v01050,doạ,v01050.mp3,1367
v01051,du,v01051.mp3,402
v01052,dua,v01052.mp3,4400
v01053,dui,v01053.mp3,7162
v01054,dum,v01054.mp3,6483
v01055,dun,v01055.mp3,6132
v01056,dung,v01056.mp3,585
v01057,duy,v01057.mp3,606
v01058,duyên,v01058.mp3,1213
v01059,duyết,v01059.mp3,6932
v01060,duyền,v01060.mp3,6295
v01061,duyển,v01061.mp3,6561
v01062,duyện,v01062.mp3,4789
v01063,duyệt,v01063.mp3,1273
v01064,duân,v01064.mp3,4762
v01065,duôi,v01065.mp3,6170
v01066,duông,v01066.mp3,6296
v01067,duấn,v01067.mp3,6887
v01068,duần,v01068.mp3,6935
v01069,duẩn,v01069.mp3,2896
v01070,duẫn,v01070.mp3,5180
v01071,duật,v01071.mp3,4488
v01072,duế,v01072.mp3,6934
v01073,duệ,v01073.mp3,2912
v01074,duối,v01074.mp3,5479
v01075,duỗi,v01075.mp3,3689
v01076,duỵ,v01076.mp3,5799
v01077,dy,v01077.mp3,5369
v01078,dà,v01078.mp3,4153
v01079,dài,v01079.mp3,414
v01080,dàn,v01080.mp3,1493
v01081,dàng,v01081.mp3,1199
v01082,dành,v01082.mp3,625
v01083,dào,v01083.mp3,2534
v01084,dày,v01084.mp3,1307
v01085,dác,v01085.mp3,5398
v01086,dách,v01086.mp3,6810
v01087,dái,v01087.mp3,5446
v01088,dám,v01088.mp3,1247
v01089,dán,v01089.mp3,2023
v01090,dáng,v01090.mp3,1239
v01091,dánh,v01091.mp3,5242
v01092,dáo,v01092.mp3,5241
v01093,dát,v01093.mp3,3555
v01094,dáu,v01094.mp3,6693
v01095,dáy,v01095.mp3,6000
v01096,dâm,v01096.mp3,1306
v01097,dân,v01097.mp3,68
v01098,dâng,v01098.mp3,1905
v01099,dâu,v01099.mp3,1282
v01100,dây,v01100.mp3,958
v01101,dã,v01101.mp3,1794
v01102,dãi,v01102.mp3,3103
v01103,dãn,v01103.mp3,4351
v01104,dãnh,v01104.mp3,6654
v01105,dão,v01105.mp3,6809
v01106,dãy,v01106.mp3,2165
v01107,dè,v01107.mp3,2699
v01108,dèm,v01108.mp3,4990
v01109,dèn,v01109.mp3,6890
v01110,dép,v01110.mp3,2333
v01111,dê,v01111.mp3,2314
v01112,dên,v01112.mp3,6227
v01113,dì,v01113.mp3,2521
v01114,dìa,v01114.mp3,5904
v01115,dìm,v01115.mp3,3712
v01116,dìn,v01116.mp3,5704
v01117,dình,v01117.mp3,5903
v01118,dìu,v01118.mp3,3033
v01119,dí,v01119.mp3,2949
v01120,dích,v01120.mp3,6653
v01121,dín,v01121.mp3,6484
v01122,dính,v01122.mp3,1690
v01123,dít,v01123.mp3,6605
v01124,díu,v01124.mp3,4163
v01125,dò,v01125.mp3,1981
v01126,dòi,v01126.mp3,4449
v01127,dòm,v01127.mp3,4573
v01128,dòn,v01128.mp3,6071
v01129,dòng,v01129.mp3,852
v01130,dó,v01130.mp3,4147
v01131,dóc,v01131.mp3,5480
v01132,dóng,v01132.mp3,5925
v01133,dót,v01133.mp3,7015
v01134,dô,v01134.mp3,5182
v01135,dôi,v01135.mp3,3827
v01136,dôm,v01136.mp3,5155
v01137,dôn,v01137.mp3,6603
v01138,dông,v01138.mp3,1811
v01139,dõi,v01139.mp3,1087
v01140,dõng,v01140.mp3,4786
v01141,dù,v01141.mp3,409
v01142,dùi,v01142.mp3,3422
v01143,dùm,v01143.mp3,4511
v01144,dùng,v01144.mp3,350
v01145,dú,v01145.mp3,6602
v01146,dúa,v01146.mp3,5120
v01147,dúi,v01147.mp3,4162
v01148,dúm,v01148.mp3,3911
v01149,dún,v01149.mp3,6804
v01150,dúng,v01150.mp3,5766
v01151,dút,v01151.mp3,6418
v01152,dăm,v01152.mp3,3102
v01153,dăng,v01153.mp3,5956
v01154,dĩ,v01154.mp3,1708
v01155,dĩa,v01155.mp3,3693
v01156,dĩnh,v01156.mp3,3678
v01157,dũ,v01157.mp3,3390
v01158,dũa,v01158.mp3,5181
v01159,dũi,v01159.mp3,6886
v01160,dũng,v01160.mp3,774
v01161,dơ,v01161.mp3,3677
v01162,dơi,v01162.mp3,3148
v01163,dơn,v01163.mp3,5292
v01164,dư,v01164.mp3,880
v01165,dưa,v01165.mp3,1613
v01166,dưng,v01166.mp3,2425
v01167,dương,v01167.mp3,512
v01168,dước,v01168.mp3,7160
v01169,dưới,v01169.mp3,562
v01170,dướng,v01170.mp3,6419
v01171,dười,v01171.mp3,6651
v01172,dường,v01172.mp3,1643
v01173,dưỡng,v01173.mp3,745
v01174,dược,v01174.mp3,1248
v01175,dượng,v01175.mp3,3456
v01176,dượt,v01176.mp3,4396
v01177,dạ,v01177.mp3,1452
v01178,dạc,v01178.mp3,4930
v01179,dại,v01179.mp3,2092
v01180,dạm,v01180.mp3,5331
v01181,dạn,v01181.mp3,2236
v01182,dạng,v01182.mp3,953
v01183,dạnh,v01183.mp3,7023
v01184,dạo,v01184.mp3,1911
v01185,dạt,v01185.mp3,2562
v01186,dạy,v01186.mp3,733
v01187,dả,v01187.mp3,4006
v01188,dải,v01188.mp3,2103
v01189,dảm,v01189.mp3,6891
v01190,dảnh,v01190.mp3,7174
v01191,dảo,v01191.mp3,7022
v01192,dấm,v01192.mp3,3729
v01193,dấn,v01193.mp3,3116
v01194,dấp,v01194.mp3,4218
v01195,dất,v01195.mp3,6207
v01196,dấu,v01196.mp3,804
v01197,dấy,v01197.mp3,3119
v01198,dầm,v01198.mp3,2572
v01199,dần,v01199.mp3,929
v01200,dầu,v01200.mp3,679
v01201,dầy,v01201.mp3,4010
v01202,dẩn,v01202.mp3,6763
v01203,dẩu,v01203.mp3,6228
v01204,dẫm,v01204.mp3,3211
v01205,dẫn,v01205.mp3,381
v01206,dẫu,v01206.mp3,2631
v01207,dẫy,v01207.mp3,5999
v01208,dậm,v01208.mp3,4471
v01209,dận,v01209.mp3,6152
v01210,dập,v01210.mp3,1616
v01211,dật,v01211.mp3,4320
v01212,dậu,v01212.mp3,3100
v01213,dậy,v01213.mp3,1326
v01214,dắc,v01214.mp3,6485
v01215,dắm,v01215.mp3,6655
v01216,dắt,v01216.mp3,1804
v01217,dằm,v01217.mp3,5542
v01218,dằn,v01218.mp3,2738
v01219,dằng,v01219.mp3,4336
v01220,dẳng,v01220.mp3,3370
v01221,dặc,v01221.mp3,4871
v01222,dặm,v01222.mp3,2967
v01223,dặn,v01223.mp3,2168
v01224,dặt,v01224.mp3,3479
v01225,dẹo,v01225.mp3,5254
v01226,dẹp,v01226.mp3,2067
v01227,dẹt,v01227.mp3,4210
v01228,dẻ,v01228.mp3,3252
v01229,dẻo,v01229.mp3,2388
v01230,dẽ,v01230.mp3,6045
v01231,dế,v01231.mp3,3891
v01232,dến,v01232.mp3,5184
v01233,dếnh,v01233.mp3,6151
v01234,dề,v01234.mp3,4668
v01235,dền,v01235.mp3,3782
v01236,dềnh,v01236.mp3,4957
v01237,dều,v01237.mp3,7021
v01238,dể,v01238.mp3,5247
v01239,dễ,v01239.mp3,636
v01240,dệt,v01240.mp3,1960
v01241,dị,v01241.mp3,1171
v01242,dịa,v01242.mp3,5882
v01243,dịch,v01243.mp3,366
v01244,dịnh,v01244.mp3,5379
v01245,dịp,v01245.mp3,913
v01246,dịu,v01246.mp3,1941
v01247,dọ,v01247.mp3,6652
v01248,dọc,v01248.mp3,1581
v01249,dọi,v01249.mp3,6604
v01250,dọn,v01250.mp3,1597
v01251,dỏ,v01251.mp3,5462
v01252,dỏm,v01252.mp3,3171
v01253,dỏng,v01253.mp3,5553
v01254,dốc,v01254.mp3,1876
v01255,dối,v01255.mp3,1965
v01256,dốp,v01256.mp3,6373
v01257,dốt,v01257.mp3,3814
v01258,dồ,v01258.mp3,5647
v01259,dồi,v01259.mp3,2220
v01260,dồn,v01260.mp3,1889
v01261,dồng,v01261.mp3,5767
v01262,dổi,v01262.mp3,4654
v01263,dỗ,v01263.mp3,2130
v01264,dỗi,v01264.mp3,3346
v01265,dộ,v01265.mp3,6205
v01266,dộc,v01266.mp3,7016
v01267,dội,v01267.mp3,1994
v01268,dộng,v01268.mp3,4963
v01269,dộp,v01269.mp3,6937
v01270,dột,v01270.mp3,3075
v01271,dớ,v01271.mp3,7017
v01272,dớn,v01272.mp3,5800
v01273,dớp,v01273.mp3,6030
v01274,dớt,v01274.mp3,6562
v01275,dờ,v01275.mp3,5943
v01276,dời,v01276.mp3,1791
v01277,dờn,v01277.mp3,7164
v01278,dở,v01278.mp3,1871
v01279,dởm,v01279.mp3,5313
v01280,dỡ,v01280.mp3,1752
v01281,dỡn,v01281.mp3,6805
v01282,dợ,v01282.mp3,5530
v01283,dợm,v01283.mp3,6691
v01284,dợn,v01284.mp3,6258
v01285,dợt,v01285.mp3,5736
v01286,dụ,v01286.mp3,1272
v01287,dụa,v01287.mp3,5440
v01288,dục,v01288.mp3,451
v01289,dụi,v01289.mp3,4501
v01290,dụm,v01290.mp3,3046
v01291,dụng,v01291.mp3,146
v01292,dủ,v01292.mp3,6318
v01293,dủng,v01293.mp3,6884
v01294,dứ,v01294.mp3,6297
v01295,dứa,v01295.mp3,3041
v01296,dức,v01296.mp3,6522
v01297,dứng,v01297.mp3,7161
v01298,dứt,v01298.mp3,1316
v01299,dừ,v01299.mp3,6016
v01300,dừa,v01300.mp3,1844
v01301,dừm,v01301.mp3,6885
v01302,dừng,v01302.mp3,902
v01303,dử,v01303.mp3,6085
v01304,dửng,v01304.mp3,4477
v01305,dữ,v01305.mp3,1289
v01306,dững,v01306.mp3,4778
v01307,dự,v01307.mp3,135
v01308,dựa,v01308.mp3,1173
v01309,dực,v01309.mp3,4785
v01310,dựng,v01310.mp3,294
v01311,dỵ,v01311.mp3,6256
v01312,dỹ,v01312.mp3,6482
v01313,e,v01313.mp3,1679
v01314,em,v01314.mp3,114
v01315,en,v01315.mp3,4017
v01316,eng,v01316.mp3,5217
v01317,eo,v01317.mp3,2265
v01318,ga,v01318.mp3,1233
v01319,gai,v01319.mp3,2318
v01320,gam,v01320.mp3,2664
v01321,gan,v01321.mp3,1332
v01322,gang,v01322.mp3,2610
v01323,ganh,v01323.mp3,3819
v01324,gao,v01324.mp3,3442
v01325,gau,v01325.mp3,5702
v01326,gay,v01326.mp3,2072
v01327,ghe,v01327.mp3,2600
v01328,ghen,v01328.mp3,1951
v01329,ghi,v01329.mp3,649
v01330,ghim,v01330.mp3,4507
v01331,ghiếc,v01331.mp3,5819
v01332,ghiền,v01332.mp3,4680
v01333,ghè,v01333.mp3,5231
v01334,ghèn,v01334.mp3,5941
v01335,ghé,v01335.mp3,2058
v01336,ghéc,v01336.mp3,6600
v01337,ghém,v01337.mp3,4357
v01338,ghép,v01338.mp3,1492
v01339,ghét,v01339.mp3,2261
v01340,ghê,v01340.mp3,2676
v01341,ghì,v01341.mp3,4693
v01342,ghìm,v01342.mp3,5154
v01343,ghẹ,v01343.mp3,3469
v01344,ghẹo,v01344.mp3,3879
v01345,ghẻ,v01345.mp3,3924
v01346,ghẽ,v01346.mp3,5273
v01347,ghế,v01347.mp3,1357
v01348,ghếch,v01348.mp3,6758
v01349,ghề,v01349.mp3,4398
v01350,ghềnh,v01350.mp3,2818
v01351,ghị,v01351.mp3,6931
v01352,gi,v01352.mp3,3337
v01353,gia,v01353.mp3,54
v01354,giai,v01354.mp3,797
v01355,giam,v01355.mp3,1149
v01356,gian,v01356.mp3,199
v01357,giang,v01357.mp3,608
v01358,gianh,v01358.mp3,3942
v01359,giao,v01359.mp3,189
v01360,giau,v01360.mp3,5924
v01361,giay,v01361.mp3,6416
v01362,gien,v01362.mp3,4431
v01363,gieo,v01363.mp3,2626
v01364,gim,v01364.mp3,6448
v01365,gin,v01365.mp3,5200
v01366,gio,v01366.mp3,3271
v01367,gioan,v01367.mp3,7153
v01368,gioi,v01368.mp3,5763
v01369,giong,v01369.mp3,5445
v01370,giu,v01370.mp3,5878
v01371,giun,v01371.mp3,2837
v01372,giuộc,v01372.mp3,4018
v01373,già,v01373.mp3,1204
v01374,giàn,v01374.mp3,2154
v01375,giàng,v01375.mp3,2905
v01376,giành,v01376.mp3,1221
v01377,giào,v01377.mp3,7011
v01378,giàu,v01378.mp3,1005
v01379,giày,v01379.mp3,1684
v01380,giá,v01380.mp3,84
v01381,giác,v01381.mp3,894
v01382,giám,v01382.mp3,353
v01383,gián,v01383.mp3,2207
v01384,giáng,v01384.mp3,2013
v01385,giáo,v01385.mp3,266
v01386,giáp,v01386.mp3,1500
v01387,giát,v01387.mp3,4956
v01388,giáy,v01388.mp3,5339
v01389,giâm,v01389.mp3,5764
v01390,giây,v01390.mp3,1563
v01391,giã,v01391.mp3,2678
v01392,giãi,v01392.mp3,3498
v01393,giãn,v01393.mp3,1790
v01394,giãy,v01394.mp3,4359
v01395,gièm,v01395.mp3,4939
v01396,gié,v01396.mp3,6449
v01397,giê,v01397.mp3,5030
v01398,giêng,v01398.mp3,2882
v01399,giò,v01399.mp3,2478
v01400,giòi,v01400.mp3,4497
v01401,giòn,v01401.mp3,2325
v01402,gió,v01402.mp3,950
v01403,gióng,v01403.mp3,3409
v01404,giót,v01404.mp3,5023
v01405,giô,v01405.mp3,6371
v01406,giôn,v01406.mp3,5785
v01407,giông,v01407.mp3,2269
v01408,giùm,v01408.mp3,3382
v01409,giúi,v01409.mp3,6294
v01410,giúp,v01410.mp3,319
v01411,giút,v01411.mp3,6130
v01412,giăm,v01412.mp3,5268
v01413,giăng,v01413.mp3,3167
v01414,giũ,v01414.mp3,3618
v01415,giũa,v01415.mp3,4184
v01416,giơ,v01416.mp3,2807
v01417,giương,v01417.mp3,4460
v01418,giường,v01418.mp3,1431
v01419,giạ,v01419.mp3,5253
v01420,giạm,v01420.mp3,7155
v01421,giạt,v01421.mp3,6599
v01422,giả,v01422.mp3,397
v01423,giải,v01423.mp3,175
v01424,giảm,v01424.mp3,291
v01425,giản,v01425.mp3,1014
v01426,giảng,v01426.mp3,1000
v01427,giảo,v01427.mp3,5291
v01428,giấc,v01428.mp3,1496
v01429,giấm,v01429.mp3,3169
v01430,giấp,v01430.mp3,5794
v01431,giấu,v01431.mp3,1419
v01432,giấy,v01432.mp3,598
v01433,giầu,v01433.mp3,5106
v01434,giầy,v01434.mp3,3254
v01435,giẫm,v01435.mp3,3582
v01436,giẫy,v01436.mp3,6347
v01437,giậm,v01437.mp3,4600
v01438,giận,v01438.mp3,1640
v01439,giập,v01439.mp3,4481
v01440,giật,v01440.mp3,1159
v01441,giậu,v01441.mp3,5845
v01442,giắc,v01442.mp3,5652
v01443,giắt,v01443.mp3,4851
v01444,giằm,v01444.mp3,7012
v01445,giằng,v01445.mp3,2681
v01446,giặc,v01446.mp3,2913
v01447,giặm,v01447.mp3,4246
v01448,giặt,v01448.mp3,2083
v01449,giẻ,v01449.mp3,3914
v01450,giẽ,v01450.mp3,3215
v01451,giếm,v01451.mp3,3676
v01452,giếng,v01452.mp3,2123
v01453,giết,v01453.mp3,1039
v01454,giềng,v01454.mp3,2672
v01455,giọng,v01455.mp3,1201
v01456,giọt,v01456.mp3,2081
v01457,giỏ,v01457.mp3,2674
v01458,giỏi,v01458.mp3,1170
v01459,giốc,v01459.mp3,4643
v01460,giống,v01460.mp3,792
v01461,giồng,v01461.mp3,3397
v01462,giỗ,v01462.mp3,2683
v01463,giội,v01463.mp3,5478
v01464,giộp,v01464.mp3,6689
v01465,giớ,v01465.mp3,7010
v01466,giới,v01466.mp3,224
v01467,giờ,v01467.mp3,267
v01468,giời,v01468.mp3,3473
v01469,giở,v01469.mp3,3245
v01470,giỡ,v01470.mp3,7154
v01471,giỡn,v01471.mp3,3657
v01472,giụa,v01472.mp3,4445
v01473,giục,v01473.mp3,2822
v01474,giửa,v01474.mp3,7152
v01475,giữ,v01475.mp3,368
v01476,giữa,v01476.mp3,396
v01477,giựt,v01477.mp3,4974
v01478,go,v01478.mp3,2729
v01479,goa,v01479.mp3,6168
v01480,goi,v01480.mp3,5784
v01481,gom,v01481.mp3,1858
v01482,gon,v01482.mp3,5014
v01483,gong,v01483.mp3,4913
v01484,goong,v01484.mp3,6370
v01485,goá,v01485.mp3,3695
v01486,goòng,v01486.mp3,6519
v01487,gu,v01487.mp3,2901
v01488,gui,v01488.mp3,4912
v01489,gum,v01489.mp3,5516
v01490,gun,v01490.mp3,4734
v01491,gung,v01491.mp3,7150
v01492,guy,v01492.mp3,4476
v01493,guyên,v01493.mp3,7008
v01494,guốc,v01494.mp3,4416
v01495,guồng,v01495.mp3,3943
v01496,guộc,v01496.mp3,4709
v01497,gà,v01497.mp3,985
v01498,gài,v01498.mp3,3837
v01499,gàn,v01499.mp3,4567
v01500,gàng,v01500.mp3,2955
v01501,gành,v01501.mp3,3735
v01502,gào,v01502.mp3,2923
v01503,gàu,v01503.mp3,4310
v01504,gày,v01504.mp3,5167
v01505,gá,v01505.mp3,4948
v01506,gác,v01506.mp3,2119
v01507,gách,v01507.mp3,6881
v01508,gái,v01508.mp3,422
v01509,gám,v01509.mp3,6520
v01510,gán,v01510.mp3,3595
v01511,gánh,v01511.mp3,1582
v01512,gáo,v01512.mp3,4289
v01513,gáp,v01513.mp3,4022
v01514,gát,v01514.mp3,6690
v01515,gáy,v01515.mp3,2985
v01516,gâm,v01516.mp3,5358
v01517,gân,v01517.mp3,2682
v01518,gâu,v01518.mp3,6169
v01519,gây,v01519.mp3,283
v01520,gã,v01520.mp3,2048
v01521,gãi,v01521.mp3,4108
v01522,gãy,v01522.mp3,1716
v01523,gì,v01523.mp3,318
v01524,gìa,v01524.mp3,6481
v01525,gìn,v01525.mp3,1729
v01526,gí,v01526.mp3,4613
v01527,gía,v01527.mp3,5094
v01528,gò,v01528.mp3,1682
v01529,gòi,v01529.mp3,6070
v01530,gòn,v01530.mp3,954
v01531,góc,v01531.mp3,1321
v01532,gói,v01532.mp3,1194
v01533,góp,v01533.mp3,586
v01534,gót,v01534.mp3,2787
v01535,gô,v01535.mp3,5099
v01536,gôi,v01536.mp3,7009
v01537,gôm,v01537.mp3,5552
v01538,gôn,v01538.mp3,4586
v01539,gông,v01539.mp3,5258
v01540,gõ,v01540.mp3,2627
v01541,gù,v01541.mp3,3743
v01542,gùi,v01542.mp3,4411
v01543,gú,v01543.mp3,4947
v01544,gúp,v01544.mp3,6069
v01545,gút,v01545.mp3,3960
v01546,găm,v01546.mp3,3267
v01547,găng,v01547.mp3,3016
v01548,gũi,v01548.mp3,1839
v01549,gơ,v01549.mp3,5735
v01550,gươm,v01550.mp3,2767
v01551,gương,v01551.mp3,1110
v01552,gười,v01552.mp3,6316
v01553,gườm,v01553.mp3,5902
v01554,gường,v01554.mp3,5461
v01555,gượng,v01555.mp3,3106
v01556,gạ,v01556.mp3,3445
v01557,gạc,v01557.mp3,2922
v01558,gạch,v01558.mp3,1878
v01559,gạn,v01559.mp3,4776
v01560,gạo,v01560.mp3,1200
v01561,gạt,v01561.mp3,2417
v01562,gả,v01562.mp3,4033
v01563,gải,v01563.mp3,5879
v01564,gảy,v01564.mp3,5765
v01565,gấc,v01565.mp3,4114
v01566,gấm,v01566.mp3,3552
v01567,gấn,v01567.mp3,7013
v01568,gấp,v01568.mp3,1181
v01569,gấu,v01569.mp3,2257
v01570,gấy,v01570.mp3,6372
v01571,gầm,v01571.mp3,2347
v01572,gần,v01572.mp3,251
v01573,gầu,v01573.mp3,4870
v01574,gầy,v01574.mp3,2317
v01575,gẩm,v01575.mp3,6317
v01576,gẩy,v01576.mp3,6417
v01577,gẫm,v01577.mp3,4284
v01578,gẫu,v01578.mp3,4466
v01579,gẫy,v01579.mp3,3883
v01580,gậm,v01580.mp3,6559
v01581,gập,v01581.mp3,3225
v01582,gật,v01582.mp3,2736
v01583,gậy,v01583.mp3,2324
v01584,gắm,v01584.mp3,2766
v01585,gắn,v01585.mp3,872
v01586,gắng,v01586.mp3,1001
v01587,gắp,v01587.mp3,3120
v01588,gắt,v01588.mp3,1949
v01589,gằm,v01589.mp3,4819
v01590,gằn,v01590.mp3,4536
v01591,gặm,v01591.mp3,4005
v01592,gặng,v01592.mp3,3940
v01593,gặp,v01593.mp3,435
v01594,gặt,v01594.mp3,2571
v01595,gỉ,v01595.mp3,3377
v01596,gỉa,v01596.mp3,6650
v01597,gịn,v01597.mp3,5955
v01598,gọ,v01598.mp3,6255
v01599,gọi,v01599.mp3,580
v01600,gọn,v01600.mp3,1629
v01601,gọng,v01601.mp3,4627
v01602,gọt,v01602.mp3,2934
v01603,gỏi,v01603.mp3,3296
v01604,gỏng,v01604.mp3,4973
v01605,gốc,v01605.mp3,939
v01606,gối,v01606.mp3,1896
v01607,gốm,v01607.mp3,2605
v01608,gồ,v01608.mp3,4079
v01609,gồm,v01609.mp3,604
v01610,gồng,v01610.mp3,3101
v01611,gổ,v01611.mp3,3852
v01612,gỗ,v01612.mp3,1226
v01613,gộc,v01613.mp3,4378
v01614,gội,v01614.mp3,2863
v01615,gộp,v01615.mp3,3344
v01616,gột,v01616.mp3,4751
v01617,gới,v01617.mp3,6202
v01618,gớm,v01618.mp3,3168
v01619,gớp,v01619.mp3,6226
v01620,gờ,v01620.mp3,4216
v01621,gờm,v01621.mp3,4369
v01622,gờn,v01622.mp3,6688
v01623,gở,v01623.mp3,5144
v01624,gởi,v01624.mp3,3124
v01625,gỡ,v01625.mp3,1300
v01626,gợi,v01626.mp3,1444
v01627,gợn,v01627.mp3,4495
v01628,gụ,v01628.mp3,5006
v01629,gục,v01629.mp3,2071
v01630,gụi,v01630.mp3,6043
v01631,gủi,v01631.mp3,6880
v01632,gừ,v01632.mp3,5491
v01633,gừa,v01633.mp3,5267
v01634,gừng,v01634.mp3,2498
v01635,gửi,v01635.mp3,569
v01636,gữ,v01636.mp3,7151
v01637,gữa,v01637.mp3,6518
v01638,ha,v01638.mp3,1223
v01639,hai,v01639.mp3,121
v01640,ham,v01640.mp3,1968
v01641,han,v01641.mp3,2409
v01642,hang,v01642.mp3,1673
v01643,hanh,v01643.mp3,2484
v01644,hao,v01644.mp3,2273
v01645,hau,v01645.mp3,4146
v01646,hay,v01646.mp3,215
v01647,he,v01647.mp3,3392
v01648,hem,v01648.mp3,5093
v01649,hen,v01649.mp3,2647
v01650,heng,v01650.mp3,4996
v01651,heo,v01651.mp3,1511
v01652,hi,v01652.mp3,1683
v01653,hia,v01653.mp3,5411
v01654,him,v01654.mp3,3730
v01655,hin,v01655.mp3,5103
v01656,hinh,v01656.mp3,2773
v01657,hiu,v01657.mp3,3753
v01658,hiêm,v01658.mp3,6929
v01659,hiên,v01659.mp3,2680
v01660,hiêng,v01660.mp3,5793
v01661,hiêu,v01661.mp3,5486
v01662,hiếm,v01662.mp3,1290
v01663,hiến,v01663.mp3,1207
v01664,hiếp,v01664.mp3,1913
v01665,hiết,v01665.mp3,6201
v01666,hiếu,v01666.mp3,1142
v01667,hiềm,v01667.mp3,4506
v01668,hiền,v01668.mp3,1210
v01669,hiềng,v01669.mp3,5592
v01670,hiều,v01670.mp3,5119
v01671,hiểm,v01671.mp3,685
v01672,hiển,v01672.mp3,1693
v01673,hiểu,v01673.mp3,545
v01674,hiệm,v01674.mp3,6028
v01675,hiện,v01675.mp3,34
v01676,hiệp,v01676.mp3,759
v01677,hiệt,v01677.mp3,5997
v01678,hiệu,v01678.mp3,254
v01679,ho,v01679.mp3,1198
v01680,hoa,v01680.mp3,348
v01681,hoai,v01681.mp3,3158
v01682,hoan,v01682.mp3,1428
v01683,hoang,v01683.mp3,1082
v01684,hoanh,v01684.mp3,5073
v01685,hoay,v01685.mp3,2880
v01686,hoe,v01686.mp3,3692
v01687,hoi,v01687.mp3,2421
v01688,hom,v01688.mp3,4840
v01689,hon,v01689.mp3,3339
v01690,hong,v01690.mp3,1548
v01691,hoong,v01691.mp3,5972
v01692,hoà,v01692.mp3,408
v01693,hoài,v01693.mp3,1135
v01694,hoàn,v01694.mp3,284
v01695,hoàng,v01695.mp3,407
v01696,hoành,v01696.mp3,1978
v01697,hoá,v01697.mp3,208
v01698,hoác,v01698.mp3,4848
v01699,hoán,v01699.mp3,2363
v01700,hoát,v01700.mp3,6200
v01701,hoáy,v01701.mp3,5425
v01702,hoãn,v01702.mp3,2042
v01703,hoè,v01703.mp3,3525
v01704,hoét,v01704.mp3,6415
v01705,hoóc,v01705.mp3,3485
v01706,hoạ,v01706.mp3,1002
v01707,hoạc,v01707.mp3,5746
v01708,hoạch,v01708.mp3,535
v01709,hoại,v01709.mp3,1953
v01710,hoạn,v01710.mp3,2353
v01711,hoạnh,v01711.mp3,5485
v01712,hoạt,v01712.mp3,269
v01713,hoả,v01713.mp3,1430
v01714,hoải,v01714.mp3,5609
v01715,hoản,v01715.mp3,5439
v01716,hoảng,v01716.mp3,1417
v01717,hoảnh,v01717.mp3,5658
v01718,hoắt,v01718.mp3,5502
v01719,hoằng,v01719.mp3,2904
v01720,hu,v01720.mp3,4622
v01721,hua,v01721.mp3,4309
v01722,hui,v01722.mp3,4303
v01723,hum,v01723.mp3,5326
v01724,hun,v01724.mp3,2938
v01725,hung,v01725.mp3,1260
v01726,huy,v01726.mp3,587
v01727,huyn,v01727.mp3,5246
v01728,huynh,v01728.mp3,977
v01729,huyên,v01729.mp3,2977
v01730,huyến,v01730.mp3,4824
v01731,huyết,v01731.mp3,1007
v01732,huyền,v01732.mp3,1267
v01733,huyễn,v01733.mp3,5092
v01734,huyện,v01734.mp3,253
v01735,huyệt,v01735.mp3,3421
v01736,huân,v01736.mp3,2118
v01737,huê,v01737.mp3,3633
v01738,huôi,v01738.mp3,5151
v01739,huý,v01739.mp3,5645
v01740,huých,v01740.mp3,5677
v01741,huýnh,v01741.mp3,7141
v01742,huýt,v01742.mp3,5211
v01743,huơ,v01743.mp3,5152
v01744,huấn,v01744.mp3,1507
v01745,huần,v01745.mp3,6556
v01746,huẩn,v01746.mp3,5424
v01747,huận,v01747.mp3,6753
v01748,huế,v01748.mp3,1079
v01749,huề,v01749.mp3,4330
v01750,huệ,v01750.mp3,1621
v01751,huối,v01751.mp3,6752
v01752,huống,v01752.mp3,1477
v01753,huồi,v01753.mp3,5257
v01754,huổi,v01754.mp3,4540
v01755,huổng,v01755.mp3,7143
v01756,huội,v01756.mp3,5940
v01757,huỳ,v01757.mp3,5844
v01758,huỷ,v01758.mp3,1268
v01759,hy,v01759.mp3,1064
v01760,hà,v01760.mp3,132
v01761,hài,v01761.mp3,897
v01762,hàm,v01762.mp3,1266
v01763,hàn,v01763.mp3,856
v01764,hàng,v01764.mp3,61
v01765,hành,v01765.mp3,91
v01766,hào,v01766.mp3,1065
v01767,hàu,v01767.mp3,3287
v01768,hày,v01768.mp3,7006
v01769,há,v01769.mp3,3718
v01770,hác,v01770.mp3,4433
v01771,hách,v01771.mp3,4265
v01772,hái,v01772.mp3,2029
v01773,hám,v01773.mp3,3836
v01774,hán,v01774.mp3,1901
v01775,háng,v01775.mp3,4037
v01776,hánh,v01776.mp3,7149
v01777,háo,v01777.mp3,2448
v01778,háp,v01778.mp3,6558
v01779,hát,v01779.mp3,682
v01780,háu,v01780.mp3,5136
v01781,háy,v01781.mp3,6648
v01782,hâm,v01782.mp3,1516
v01783,hân,v01783.mp3,1997
v01784,hâu,v01784.mp3,4901
v01785,hây,v01785.mp3,5783
v01786,hãi,v01786.mp3,1961
v01787,hãm,v01787.mp3,2836
v01788,hãn,v01788.mp3,2962
v01789,hãng,v01789.mp3,947
v01790,hãnh,v01790.mp3,3066
v01791,hão,v01791.mp3,4720
v01792,hãy,v01792.mp3,830
v01793,hè,v01793.mp3,1128
v01794,hèm,v01794.mp3,6345
v01795,hèn,v01795.mp3,3376
v01796,hèo,v01796.mp3,7148
v01797,hé,v01797.mp3,2556
v01798,héc,v01798.mp3,3810
v01799,hén,v01799.mp3,6878
v01800,héo,v01800.mp3,3319
v01801,hép,v01801.mp3,6930
v01802,hét,v01802.mp3,2198
v01803,hê,v01803.mp3,4122
v01804,hên,v01804.mp3,4002
v01805,hênh,v01805.mp3,4490
v01806,hì,v01806.mp3,4098
v01807,hình,v01807.mp3,128
v01808,hí,v01808.mp3,3972
v01809,hía,v01809.mp3,6557
v01810,hích,v01810.mp3,3790
v01811,hín,v01811.mp3,6687
v01812,hính,v01812.mp3,6756
v01813,híp,v01813.mp3,5396
v01814,hít,v01814.mp3,2497
v01815,hò,v01815.mp3,1748
v01816,hòi,v01816.mp3,4748
v01817,hòm,v01817.mp3,3279
v01818,hòn,v01818.mp3,1902
v01819,hòng,v01819.mp3,3329
v01820,hó,v01820.mp3,5678
v01821,hóc,v01821.mp3,2156
v01822,hói,v01822.mp3,4304
v01823,hóm,v01823.mp3,3501
v01824,hón,v01824.mp3,6293
v01825,hóng,v01825.mp3,3857
v01826,hóp,v01826.mp3,4938
v01827,hót,v01827.mp3,3591
v01828,hô,v01828.mp3,1354
v01829,hôi,v01829.mp3,1633
v01830,hôm,v01830.mp3,591
v01831,hôn,v01831.mp3,752
v01832,hông,v01832.mp3,2514
v01833,hõm,v01833.mp3,5330
v01834,hù,v01834.mp3,3987
v01835,hùa,v01835.mp3,4169
v01836,hùi,v01836.mp3,5689
v01837,hùm,v01837.mp3,3297
v01838,hùn,v01838.mp3,4051
v01839,hùng,v01839.mp3,716
v01840,hú,v01840.mp3,3751
v01841,húa,v01841.mp3,6313
v01842,húc,v01842.mp3,2940
v01843,húi,v01843.mp3,4757
v01844,hún,v01844.mp3,7003
v01845,húng,v01845.mp3,3667
v01846,húp,v01846.mp3,4317
v01847,hút,v01847.mp3,757
v01848,hý,v01848.mp3,5245
v01849,hăm,v01849.mp3,3280
v01850,hăn,v01850.mp3,7007
v01851,hăng,v01851.mp3,2696
v01852,hĩnh,v01852.mp3,4606
v01853,hũ,v01853.mp3,3179
v01854,hũng,v01854.mp3,6647
v01855,hơ,v01855.mp3,4594
v01856,hơi,v01856.mp3,1063
v01857,hơn,v01857.mp3,78
v01858,hư,v01858.mp3,1330
v01859,hưa,v01859.mp3,7145
v01860,hưng,v01860.mp3,844
v01861,hưu,v01861.mp3,1577
v01862,hươn,v01862.mp3,6751
v01863,hương,v01863.mp3,642
v01864,hươu,v01864.mp3,3629
v01865,hước,v01865.mp3,2026
v01866,hướm,v01866.mp3,6015
v01867,hướng,v01867.mp3,374
v01868,hường,v01868.mp3,2366
v01869,hưởn,v01869.mp3,6686
v01870,hưởng,v01870.mp3,462
v01871,hưỡng,v01871.mp3,7142
v01872,hượu,v01872.mp3,6413
v01873,hạ,v01873.mp3,699
v01874,hạc,v01874.mp3,3263
v01875,hạch,v01875.mp3,2291
v01876,hại,v01876.mp3,644
v01877,hạm,v01877.mp3,3110
v01878,hạn,v01878.mp3,457
v01879,hạng,v01879.mp3,1038
v01880,hạnh,v01880.mp3,740
v01881,hạo,v01881.mp3,4141
v01882,hạp,v01882.mp3,4356
v01883,hạt,v01883.mp3,1122
v01884,hạy,v01884.mp3,7005
v01885,hả,v01885.mp3,2686
v01886,hải,v01886.mp3,371
v01887,hản,v01887.mp3,6649
v01888,hảng,v01888.mp3,5974
v01889,hảnh,v01889.mp3,6042
v01890,hảo,v01890.mp3,1346
v01891,hấn,v01891.mp3,3947
v01892,hấp,v01892.mp3,959
v01893,hất,v01893.mp3,2893
v01894,hấu,v01894.mp3,2414
v01895,hầm,v01895.mp3,1432
v01896,hầu,v01896.mp3,975
v01897,hầy,v01897.mp3,6254
v01898,hẩm,v01898.mp3,5041
v01899,hẩu,v01899.mp3,6801
v01900,hẩy,v01900.mp3,6346
v01901,hẫng,v01901.mp3,3219
v01902,hậm,v01902.mp3,4818
v01903,hận,v01903.mp3,1907
v01904,hập,v01904.mp3,4624
v01905,hậu,v01905.mp3,458
v01906,hắc,v01906.mp3,3080
v01907,hắn,v01907.mp3,1830
v01908,hắng,v01908.mp3,5153
v01909,hắt,v01909.mp3,3036
v01910,hằm,v01910.mp3,5179
v01911,hằn,v01911.mp3,3093
v01912,hằng,v01912.mp3,1106
v01913,hẳn,v01913.mp3,1336
v01914,hẵn,v01914.mp3,6879
v01915,hẵng,v01915.mp3,5266
v01916,hặc,v01916.mp3,5559
v01917,hẹ,v01917.mp3,4021
v01918,hẹn,v01918.mp3,1202
v01919,hẹo,v01919.mp3,6800
v01920,hẹp,v01920.mp3,1685
v01921,hẻm,v01921.mp3,2121
v01922,hẻo,v01922.mp3,3702
v01923,hế,v01923.mp3,6315
v01924,hếch,v01924.mp3,5460
v01925,hến,v01925.mp3,3505
v01926,hết,v01926.mp3,358
v01927,hề,v01927.mp3,1211
v01928,hềnh,v01928.mp3,6446
v01929,hể,v01929.mp3,6314
v01930,hển,v01930.mp3,5178
v01931,hễ,v01931.mp3,3040
v01932,hệ,v01932.mp3,257
v01933,hệch,v01933.mp3,6447
v01934,hện,v01934.mp3,6757
v01935,hệt,v01935.mp3,2937
v01936,hỉ,v01936.mp3,3925
v01937,hỉnh,v01937.mp3,3487
v01938,hị,v01938.mp3,6598
v01939,hịch,v01939.mp3,5576
v01940,họ,v01940.mp3,238
v01941,học,v01941.mp3,37
v01942,họi,v01942.mp3,7146
v01943,họng,v01943.mp3,2110
v01944,họp,v01944.mp3,782
v01945,họt,v01945.mp3,6480
v01946,hỏi,v01946.mp3,434
v01947,hỏn,v01947.mp3,4863
v01948,hỏng,v01948.mp3,1344
v01949,hố,v01949.mp3,1930
v01950,hốc,v01950.mp3,3138
v01951,hối,v01951.mp3,1513
v01952,hống,v01952.mp3,5322
v01953,hốt,v01953.mp3,2254
v01954,hồ,v01954.mp3,309
v01955,hồi,v01955.mp3,590
v01956,hồn,v01956.mp3,1454
v01957,hồng,v01957.mp3,624
v01958,hổ,v01958.mp3,1763
v01959,hổi,v01959.mp3,3283
v01960,hổm,v01960.mp3,5973
v01961,hổn,v01961.mp3,5212
v01962,hổng,v01962.mp3,3062
v01963,hỗ,v01963.mp3,570
v01964,hỗn,v01964.mp3,1914
v01965,hỗng,v01965.mp3,6517
v01966,hộ,v01966.mp3,372
v01967,hộc,v01967.mp3,4111
v01968,hội,v01968.mp3,77
v01969,hộp,v01969.mp3,1402
v01970,hột,v01970.mp3,3515
v01971,hớ,v01971.mp3,3843
v01972,hới,v01972.mp3,2833
v01973,hớn,v01973.mp3,3464
v01974,hớp,v01974.mp3,4728
v01975,hớt,v01975.mp3,3488
v01976,hờ,v01976.mp3,3039
v01977,hời,v01977.mp3,3345
v01978,hờn,v01978.mp3,3182
v01979,hở,v01979.mp3,1909
v01980,hởi,v01980.mp3,3340
v01981,hởn,v01981.mp3,6414
v01982,hỡi,v01982.mp3,4419
v01983,hợ,v01983.mp3,7147
v01984,hợi,v01984.mp3,3291
v01985,hợm,v01985.mp3,5608
v01986,hợp,v01986.mp3,94
v01987,hợt,v01987.mp3,3873
v01988,hụ,v01988.mp3,5378
v01989,hục,v01989.mp3,4058
v01990,hụi,v01990.mp3,3256
v01991,hụp,v01991.mp3,6876
v01992,hụt,v01992.mp3,1868
v01993,hủ,v01993.mp3,2634
v01994,hủa,v01994.mp3,4545
v01995,hủi,v01995.mp3,4418
v01996,hủm,v01996.mp3,6877
v01997,hủng,v01997.mp3,6927
v01998,hứ,v01998.mp3,7004
v01999,hứa,v01999.mp3,1380
v02000,hức,v02000.mp3,2519
v02001,hứng,v02001.mp3,1252
v02002,hừ,v02002.mp3,6292
v02003,hừa,v02003.mp3,6754
v02004,hừng,v02004.mp3,4076
v02005,hử,v02005.mp3,5996
v02006,hửng,v02006.mp3,3983
v02007,hữ,v02007.mp3,6755
v02008,hững,v02008.mp3,3992
v02009,hự,v02009.mp3,6068
v02010,hực,v02010.mp3,4061
v02011,hựu,v02011.mp3,4881
v02012,hỳ,v02012.mp3,6445
v02013,hỵ,v02013.mp3,6149
v02014,hỷ,v02014.mp3,3441
v02015,i,v02015.mp3,1522
v02016,ia,v02016.mp3,2944
v02017,im,v02017.mp3,1834
v02018,in,v02018.mp3,1254
v02019,inh,v02019.mp3,3971
v02020,iu,v02020.mp3,4892
v02021,ke,v02021.mp3,4101
v02022,kem,v02022.mp3,1816
v02023,ken,v02023.mp3,3519
v02024,keng,v02024.mp3,4719
v02025,keo,v02025.mp3,2515
v02026,kha,v02026.mp3,2548
v02027,khai,v02027.mp3,288
v02028,kham,v02028.mp3,3691
v02029,khan,v02029.mp3,2290
v02030,khang,v02030.mp3,1815
v02031,khanh,v02031.mp3,1809
v02032,khao,v02032.mp3,2224
v02033,khau,v02033.mp3,4855
v02034,khay,v02034.mp3,3045
v02035,khe,v02035.mp3,2005
v02036,khem,v02036.mp3,4049
v02037,khen,v02037.mp3,1277
v02038,kheng,v02038.mp3,6344
v02039,kheo,v02039.mp3,4937
v02040,khi,v02040.mp3,17
v02041,khim,v02041.mp3,6410
v02042,khin,v02042.mp3,5901
v02043,khinh,v02043.mp3,2987
v02044,khiu,v02044.mp3,5321
v02045,khiêm,v02045.mp3,2078
v02046,khiên,v02046.mp3,3755
v02047,khiêng,v02047.mp3,3589
v02048,khiêu,v02048.mp3,2430
v02049,khiếm,v02049.mp3,2520
v02050,khiến,v02050.mp3,327
v02051,khiếp,v02051.mp3,2392
v02052,khiết,v02052.mp3,2622
v02053,khiếu,v02053.mp3,1416
v02054,khiển,v02054.mp3,1196
v02055,khiểu,v02055.mp3,6311
v02056,khiễng,v02056.mp3,4298
v02057,khiệm,v02057.mp3,6252
v02058,khiện,v02058.mp3,6478
v02059,kho,v02059.mp3,1335
v02060,khoa,v02060.mp3,365
v02061,khoai,v02061.mp3,1975
v02062,khoan,v02062.mp3,2056
v02063,khoang,v02063.mp3,2285
v02064,khoanh,v02064.mp3,2712
v02065,khoe,v02065.mp3,1518
v02066,khoi,v02066.mp3,4183
v02067,khom,v02067.mp3,4510
v02068,khon,v02068.mp3,5210
v02069,khong,v02069.mp3,4560
v02070,khoong,v02070.mp3,7129
v02071,khoài,v02071.mp3,6796
v02072,khoàn,v02072.mp3,7133
v02073,khoàng,v02073.mp3,5574
v02074,khoá,v02074.mp3,842
v02075,khoác,v02075.mp3,2209
v02076,khoách,v02076.mp3,7001
v02077,khoái,v02077.mp3,2188
v02078,khoán,v02078.mp3,1349
v02079,khoáng,v02079.mp3,1728
v02080,khoát,v02080.mp3,2753
v02081,khoáy,v02081.mp3,5127
v02082,khoé,v02082.mp3,3664
v02083,khoét,v02083.mp3,3381
v02084,khoòng,v02084.mp3,6409
v02085,khoăn,v02085.mp3,1866
v02086,khoả,v02086.mp3,2475
v02087,khoải,v02087.mp3,4228
v02088,khoản,v02088.mp3,628
v02089,khoảng,v02089.mp3,237
v02090,khoảnh,v02090.mp3,1893
v02091,khoắt,v02091.mp3,6082
v02092,khu,v02092.mp3,201
v02093,khua,v02093.mp3,4381
v02094,khui,v02094.mp3,4127
v02095,khum,v02095.mp3,5745
v02096,khun,v02096.mp3,5818
v02097,khung,v02097.mp3,1473
v02098,khuy,v02098.mp3,4713
v02099,khuya,v02099.mp3,2172
v02100,khuynh,v02100.mp3,3193
v02101,khuyên,v02101.mp3,1347
v02102,khuyến,v02102.mp3,860
v02103,khuyết,v02103.mp3,1662
v02104,khuyển,v02104.mp3,4967
v02105,khuân,v02105.mp3,3564
v02106,khuê,v02106.mp3,2140
v02107,khuôn,v02107.mp3,1286
v02108,khuông,v02108.mp3,4823
v02109,khuất,v02109.mp3,2131
v02110,khuẩn,v02110.mp3,1504
v02111,khuống,v02111.mp3,6516
v02112,khuổi,v02112.mp3,5688
v02113,khuỵ,v02113.mp3,5236
v02114,khuỷ,v02114.mp3,5971
v02115,khà,v02115.mp3,4544
v02116,khài,v02116.mp3,7136
v02117,khàn,v02117.mp3,4028
v02118,khàng,v02118.mp3,5438
v02119,khành,v02119.mp3,6225
v02120,khào,v02120.mp3,5862
v02121,khày,v02121.mp3,6411
v02122,khá,v02122.mp3,572
v02123,khác,v02123.mp3,162
v02124,khách,v02124.mp3,177
v02125,khái,v02125.mp3,2164
v02126,khám,v02126.mp3,680
v02127,khán,v02127.mp3,765
v02128,kháng,v02128.mp3,1095
v02129,khánh,v02129.mp3,814
v02130,kháo,v02130.mp3,4886
v02131,kháp,v02131.mp3,4847
v02132,khát,v02132.mp3,1533
v02133,kháu,v02133.mp3,3624
v02134,khâm,v02134.mp3,2804
v02135,khâu,v02135.mp3,1568
v02136,khè,v02136.mp3,4165
v02137,khèn,v02137.mp3,4526
v02138,khé,v02138.mp3,5843
v02139,khén,v02139.mp3,5395
v02140,khéo,v02140.mp3,1888
v02141,khép,v02141.mp3,2088
v02142,khét,v02142.mp3,3092
v02143,khê,v02143.mp3,1744
v02144,khênh,v02144.mp3,5069
v02145,khêu,v02145.mp3,4447
v02146,khì,v02146.mp3,5782
v02147,khìa,v02147.mp3,6197
v02148,khìn,v02148.mp3,6196
v02149,khí,v02149.mp3,633
v02150,khía,v02150.mp3,2486
v02151,khích,v02151.mp3,1269
v02152,khính,v02152.mp3,5143
v02153,khít,v02153.mp3,3494
v02154,khò,v02154.mp3,3701
v02155,khòm,v02155.mp3,6925
v02156,khó,v02156.mp3,279
v02157,khóc,v02157.mp3,1120
v02158,khói,v02158.mp3,1706
v02159,khóm,v02159.mp3,3086
v02160,khô,v02160.mp3,1271
v02161,khôi,v02161.mp3,1670
v02162,khôm,v02162.mp3,6873
v02163,khôn,v02163.mp3,2142
v02164,không,v02164.mp3,9
v02165,khù,v02165.mp3,5401
v02166,khùng,v02166.mp3,3627
v02167,khú,v02167.mp3,5111
v02168,khúc,v02168.mp3,892
v02169,khúm,v02169.mp3,5994
v02170,khăm,v02170.mp3,3941
v02171,khăn,v02171.mp3,527
v02172,khăng,v02172.mp3,3082
v02173,khơ,v02173.mp3,3518
v02174,khơi,v02174.mp3,1861
v02175,khư,v02175.mp3,3889
v02176,khưn,v02176.mp3,6443
v02177,khưu,v02177.mp3,4878
v02178,khươi,v02178.mp3,6407
v02179,khương,v02179.mp3,2145
v02180,khước,v02180.mp3,4324
v02181,khướt,v02181.mp3,5192
v02182,khướu,v02182.mp3,6289
v02183,khường,v02183.mp3,6555
v02184,khạc,v02184.mp3,4377
v02185,khạng,v02185.mp3,6199
v02186,khạo,v02186.mp3,5022
v02187,khạp,v02187.mp3,5528
v02188,khả,v02188.mp3,589
v02189,khải,v02189.mp3,2021
v02190,khảm,v02190.mp3,3922
v02191,khản,v02191.mp3,4653
v02192,khảng,v02192.mp3,5336
v02193,khảnh,v02193.mp3,4880
v02194,khảo,v02194.mp3,834
v02195,khảu,v02195.mp3,7002
v02196,khảy,v02196.mp3,6749
v02197,khấc,v02197.mp3,6646
v02198,khấm,v02198.mp3,4110
v02199,khấn,v02199.mp3,3946
v02200,khấp,v02200.mp3,4879
v02201,khất,v02201.mp3,3771
v02202,khấu,v02202.mp3,1073
v02203,khấy,v02203.mp3,6106
v02204,khầu,v02204.mp3,6799
v02205,khẩm,v02205.mp3,5216
v02206,khẩn,v02206.mp3,1186
v02207,khẩu,v02207.mp3,536
v02208,khẩy,v02208.mp3,5309
v02209,khập,v02209.mp3,4234
v02210,khật,v02210.mp3,6874
v02211,khắc,v02211.mp3,779
v02212,khắm,v02212.mp3,7135
v02213,khắn,v02213.mp3,5539
v02214,khắng,v02214.mp3,5877
v02215,khắp,v02215.mp3,1148
v02216,khắt,v02216.mp3,2679
v02217,khằm,v02217.mp3,6107
v02218,khằng,v02218.mp3,6875
v02219,khẳm,v02219.mp3,6412
v02220,khẳn,v02220.mp3,7134
v02221,khẳng,v02221.mp3,705
v02222,khặn,v02222.mp3,6926
v02223,khặng,v02223.mp3,6479
v02224,khẹc,v02224.mp3,6368
v02225,khẹt,v02225.mp3,6198
v02226,khẻm,v02226.mp3,6685
v02227,khẽ,v02227.mp3,3568
v02228,khế,v02228.mp3,3305
v02229,khếnh,v02229.mp3,6797
v02230,khề,v02230.mp3,6798
v02231,khều,v02231.mp3,5252
v02232,khểnh,v02232.mp3,5029
v02233,khễnh,v02233.mp3,6253
v02234,khệ,v02234.mp3,5194
v02235,khệnh,v02235.mp3,6312
v02236,khỉ,v02236.mp3,2394
v02237,khỉnh,v02237.mp3,3576
v02238,khị,v02238.mp3,6291
v02239,khịa,v02239.mp3,6129
v02240,khịt,v02240.mp3,5876
v02241,khọm,v02241.mp3,6026
v02242,khọt,v02242.mp3,5514
v02243,khỏ,v02243.mp3,6748
v02244,khỏi,v02244.mp3,724
v02245,khỏn,v02245.mp3,7132
v02246,khỏng,v02246.mp3,7130
v02247,khố,v02247.mp3,4552
v02248,khốc,v02248.mp3,2378
v02249,khối,v02249.mp3,857
v02250,khốm,v02250.mp3,5130
v02251,khốn,v02251.mp3,2452
v02252,khống,v02252.mp3,1453
v02253,khồng,v02253.mp3,6367
v02254,khổ,v02254.mp3,1070
v02255,khổng,v02255.mp3,1808
v02256,khộng,v02256.mp3,7131
v02257,khộp,v02257.mp3,6105
v02258,khớp,v02258.mp3,1715
v02259,khờ,v02259.mp3,3601
v02260,khởi,v02260.mp3,702
v02261,khụ,v02261.mp3,7000
v02262,khục,v02262.mp3,6999
v02263,khụm,v02263.mp3,7125
v02264,khủ,v02264.mp3,7128
v02265,khủa,v02265.mp3,7126
v02266,khủng,v02266.mp3,1161
v02267,khứ,v02267.mp3,1885
v02268,khứa,v02268.mp3,4514
v02269,khức,v02269.mp3,6998
v02270,khứu,v02270.mp3,4648
v02271,khừ,v02271.mp3,7127
v02272,khừa,v02272.mp3,6290
v02273,khừng,v02273.mp3,6408
v02274,khử,v02274.mp3,2742
v02275,khựng,v02275.mp3,4846
v02276,ki,v02276.mp3,2496
v02277,kia,v02277.mp3,1150
v02278,kim,v02278.mp3,627
v02279,kin,v02279.mp3,4788
v02280,kinh,v02280.mp3,143
v02281,kiêm,v02281.mp3,1709
v02282,kiên,v02282.mp3,984
v02283,kiêng,v02283.mp3,2423
v02284,kiêu,v02284.mp3,2858
v02285,kiếm,v02285.mp3,688
v02286,kiến,v02286.mp3,272
v02287,kiếng,v02287.mp3,4500
v02288,kiếp,v02288.mp3,2845
v02289,kiết,v02289.mp3,4564
v02290,kiếu,v02290.mp3,5722
v02291,kiềm,v02291.mp3,2355
v02292,kiền,v02292.mp3,4589
v02293,kiềng,v02293.mp3,4410
v02294,kiều,v02294.mp3,1169
v02295,kiểm,v02295.mp3,273
v02296,kiển,v02296.mp3,4241
v02297,kiểng,v02297.mp3,2990
v02298,kiểu,v02298.mp3,1146
v02299,kiễng,v02299.mp3,5993
v02300,kiệm,v02300.mp3,1175
v02301,kiện,v02301.mp3,415
v02302,kiệp,v02302.mp3,6167
v02303,kiệt,v02303.mp3,1571
v02304,kiệu,v02304.mp3,3147
v02305,kon,v02305.mp3,2179
v02306,ky,v02306.mp3,3716
v02307,kè,v02307.mp3,2288
v02308,kèm,v02308.mp3,1245
v02309,kèn,v02309.mp3,3047
v02310,kèo,v02310.mp3,3558
v02311,ké,v02311.mp3,4430
v02312,kém,v02312.mp3,966
v02313,kén,v02313.mp3,3155
v02314,kéo,v02314.mp3,701
v02315,kép,v02315.mp3,2868
v02316,két,v02316.mp3,2633
v02317,kê,v02317.mp3,999
v02318,kên,v02318.mp3,6369
v02319,kênh,v02319.mp3,1162
v02320,kêu,v02320.mp3,1083
v02321,kì,v02321.mp3,1681
v02322,kìa,v02322.mp3,4000
v02323,kìm,v02323.mp3,2632
v02324,kình,v02324.mp3,4027
v02325,kí,v02325.mp3,2090
v02326,kía,v02326.mp3,5607
v02327,kích,v02327.mp3,1020
v02328,kím,v02328.mp3,5551
v02329,kín,v02329.mp3,1301
v02330,kính,v02330.mp3,1126
v02331,kíp,v02331.mp3,2003
v02332,kít,v02332.mp3,5091
v02333,kíu,v02333.mp3,7124
v02334,ký,v02334.mp3,427
v02335,kĩ,v02335.mp3,2008
v02336,kẹ,v02336.mp3,6083
v02337,kẹm,v02337.mp3,6750
v02338,kẹn,v02338.mp3,7137
v02339,kẹo,v02339.mp3,2087
v02340,kẹp,v02340.mp3,2796
v02341,kẹt,v02341.mp3,1686
v02342,kẻ,v02342.mp3,1116
v02343,kẻng,v02343.mp3,4860
v02344,kẻo,v02344.mp3,3784
v02345,kẽ,v02345.mp3,2549
v02346,kẽm,v02346.mp3,2771
v02347,kẽo,v02347.mp3,6027
v02348,kế,v02348.mp3,421
v02349,kếch,v02349.mp3,4448
v02350,kếm,v02350.mp3,7139
v02351,kến,v02351.mp3,7138
v02352,kếp,v02352.mp3,5835
v02353,kết,v02353.mp3,157
v02354,kề,v02354.mp3,2099
v02355,kềm,v02355.mp3,4875
v02356,kền,v02356.mp3,4667
v02357,kềnh,v02357.mp3,3240
v02358,kều,v02358.mp3,6148
v02359,kể,v02359.mp3,472
v02360,kệ,v02360.mp3,2637
v02361,kệch,v02361.mp3,4649
v02362,kỉ,v02362.mp3,2272
v02363,kỉnh,v02363.mp3,3794
v02364,kị,v02364.mp3,4475
v02365,kịch,v02365.mp3,1022
v02366,kịp,v02366.mp3,851
v02367,kịt,v02367.mp3,4230
v02368,kỳ,v02368.mp3,262
v02369,kỵ,v02369.mp3,2927
v02370,kỷ,v02370.mp3,695
v02371,kỹ,v02371.mp3,551
v02372,la,v02372.mp3,903
v02373,lai,v02373.mp3,817
v02374,lam,v02374.mp3,1552
v02375,lan,v02375.mp3,593
v02376,lang,v02376.mp3,1462
v02377,lanh,v02377.mp3,2581
v02378,lao,v02378.mp3,489
v02379,lau,v02379.mp3,2143
v02380,lay,v02380.mp3,2772
v02381,le,v02381.mp3,1287
v02382,lem,v02382.mp3,3164
v02383,len,v02383.mp3,2611
v02384,leng,v02384.mp3,4666
v02385,leo,v02385.mp3,1737
v02386,li,v02386.mp3,2264
v02387,lia,v02387.mp3,4604
v02388,lim,v02388.mp3,3085
v02389,lin,v02389.mp3,3672
v02390,linh,v02390.mp3,595
v02391,liu,v02391.mp3,3072
v02392,liêm,v02392.mp3,1603
v02393,liên,v02393.mp3,195
v02394,liêng,v02394.mp3,2490
v02395,liêu,v02395.mp3,1803
v02396,liếc,v02396.mp3,3781
v02397,liếm,v02397.mp3,4267
v02398,liến,v02398.mp3,5324
v02399,liếng,v02399.mp3,3765
v02400,liếp,v02400.mp3,5312
v02401,liếu,v02401.mp3,6128
v02402,liềm,v02402.mp3,4375
v02403,liền,v02403.mp3,1030
v02404,liềng,v02404.mp3,5762
v02405,liều,v02405.mp3,1782
v02406,liểng,v02406.mp3,6251
v02407,liễm,v02407.mp3,6288
v02408,liễn,v02408.mp3,4698
v02409,liễng,v02409.mp3,6166
v02410,liễu,v02410.mp3,2332
v02411,liệm,v02411.mp3,4503
v02412,liện,v02412.mp3,5861
v02413,liệng,v02413.mp3,5459
v02414,liệp,v02414.mp3,5423
v02415,liệt,v02415.mp3,963
v02416,liệu,v02416.mp3,491
v02417,lo,v02417.mp3,610
v02418,loa,v02418.mp3,2211
v02419,loai,v02419.mp3,5635
v02420,loan,v02420.mp3,1388
v02421,loang,v02421.mp3,3565
v02422,loanh,v02422.mp3,3886
v02423,loay,v02423.mp3,2878
v02424,loe,v02424.mp3,4917
v02425,loi,v02425.mp3,3838
v02426,lom,v02426.mp3,5240
v02427,lon,v02427.mp3,2827
v02428,long,v02428.mp3,537
v02429,loong,v02429.mp3,5308
v02430,loà,v02430.mp3,3635
v02431,loài,v02431.mp3,1421
v02432,loàn,v02432.mp3,5558
v02433,loàng,v02433.mp3,6287
v02434,loá,v02434.mp3,4237
v02435,loáng,v02435.mp3,4229
v02436,loát,v02436.mp3,3762
v02437,loã,v02437.mp3,4415
v02438,loãn,v02438.mp3,5991
v02439,loãng,v02439.mp3,2649
v02440,loè,v02440.mp3,4308
v02441,loé,v02441.mp3,4469
v02442,loét,v02442.mp3,2593
v02443,loóng,v02443.mp3,6195
v02444,loại,v02444.mp3,324
v02445,loạn,v02445.mp3,1232
v02446,loạng,v02446.mp3,3953
v02447,loạt,v02447.mp3,949
v02448,loảng,v02448.mp3,5615
v02449,loắt,v02449.mp3,7122
v02450,loằng,v02450.mp3,5452
v02451,loẹt,v02451.mp3,4639
v02452,lu,v02452.mp3,2790
v02453,lua,v02453.mp3,5021
v02454,lui,v02454.mp3,2434
v02455,lum,v02455.mp3,5004
v02456,lun,v02456.mp3,5875
v02457,lung,v02457.mp3,2462
v02458,luy,v02458.mp3,4316
v02459,luyn,v02459.mp3,5644
v02460,luynh,v02460.mp3,5744
v02461,luyên,v02461.mp3,5284
v02462,luyến,v02462.mp3,2850
v02463,luyện,v02463.mp3,968
v02464,luyệt,v02464.mp3,6682
v02465,luân,v02465.mp3,1827
v02466,luôn,v02466.mp3,442
v02467,luông,v02467.mp3,3681
v02468,luý,v02468.mp3,6514
v02469,luấn,v02469.mp3,6869
v02470,luẩn,v02470.mp3,3846
v02471,luận,v02471.mp3,515
v02472,luật,v02472.mp3,259
v02473,luệ,v02473.mp3,6746
v02474,luốc,v02474.mp3,5400
v02475,luống,v02475.mp3,3364
v02476,luốt,v02476.mp3,6794
v02477,luồi,v02477.mp3,6364
v02478,luồn,v02478.mp3,3557
v02479,luồng,v02479.mp3,1823
v02480,luổng,v02480.mp3,6164
v02481,luộc,v02481.mp3,2231
v02482,luộm,v02482.mp3,4692
v02483,luỵ,v02483.mp3,2594
v02484,luỹ,v02484.mp3,1920
v02485,ly,v02485.mp3,928
v02486,là,v02486.mp3,5
v02487,lài,v02487.mp3,3721
v02488,làm,v02488.mp3,32
v02489,làn,v02489.mp3,1294
v02490,làng,v02490.mp3,948
v02491,lành,v02491.mp3,1191
v02492,lào,v02492.mp3,1091
v02493,làu,v02493.mp3,4787
v02494,lày,v02494.mp3,6684
v02495,lá,v02495.mp3,957
v02496,lác,v02496.mp3,3530
v02497,lách,v02497.mp3,2219
v02498,lái,v02498.mp3,847
v02499,lán,v02499.mp3,2813
v02500,láng,v02500.mp3,2089
v02501,lánh,v02501.mp3,2483
v02502,láo,v02502.mp3,3285
v02503,láp,v02503.mp3,5430
v02504,lát,v02504.mp3,2028
v02505,láu,v02505.mp3,5063
v02506,láy,v02506.mp3,4360
v02507,lâm,v02507.mp3,722
v02508,lân,v02508.mp3,1652
v02509,lâng,v02509.mp3,3726
v02510,lâu,v02510.mp3,686
v02511,lây,v02511.mp3,1746
v02512,lã,v02512.mp3,3083
v02513,lãi,v02513.mp3,889
v02514,lãm,v02514.mp3,1482
v02515,lãn,v02515.mp3,4227
v02516,lãng,v02516.mp3,1371
v02517,lãnh,v02517.mp3,501
v02518,lão,v02518.mp3,1680
v02519,lè,v02519.mp3,4513
v02520,lèm,v02520.mp3,5992
v02521,lèn,v02521.mp3,4463
v02522,lèng,v02522.mp3,4933
v02523,lèo,v02523.mp3,3517
v02524,lé,v02524.mp3,4566
v02525,lém,v02525.mp3,4585
v02526,lén,v02526.mp3,2568
v02527,léng,v02527.mp3,6014
v02528,léo,v02528.mp3,2217
v02529,lép,v02529.mp3,3429
v02530,lét,v02530.mp3,4752
v02531,lê,v02531.mp3,424
v02532,lên,v02532.mp3,137
v02533,lênh,v02533.mp3,3266
v02534,lêu,v02534.mp3,4346
v02535,lì,v02535.mp3,2604
v02536,lìa,v02536.mp3,3192
v02537,lìm,v02537.mp3,4462
v02538,lìn,v02538.mp3,5126
v02539,lình,v02539.mp3,4329
v02540,lìu,v02540.mp3,5713
v02541,lí,v02541.mp3,1702
v02542,lích,v02542.mp3,2803
v02543,lính,v02543.mp3,1915
v02544,líp,v02544.mp3,5166
v02545,lít,v02545.mp3,1506
v02546,líu,v02546.mp3,3847
v02547,lò,v02547.mp3,1531
v02548,lòi,v02548.mp3,4116
v02549,lòm,v02549.mp3,5990
v02550,lòn,v02550.mp3,6067
v02551,lòng,v02551.mp3,560
v02552,ló,v02552.mp3,4226
v02553,lóc,v02553.mp3,2588
v02554,lói,v02554.mp3,4854
v02555,lóm,v02555.mp3,6871
v02556,lóng,v02556.mp3,3470
v02557,lóp,v02557.mp3,6165
v02558,lót,v02558.mp3,2280
v02559,lô,v02559.mp3,1334
v02560,lôi,v02560.mp3,1947
v02561,lôm,v02561.mp3,5657
v02562,lôn,v02562.mp3,6066
v02563,lông,v02563.mp3,1824
v02564,lõi,v02564.mp3,2360
v02565,lõm,v02565.mp3,3281
v02566,lõng,v02566.mp3,3550
v02567,lù,v02567.mp3,3950
v02568,lùa,v02568.mp3,3622
v02569,lùi,v02569.mp3,1986
v02570,lùm,v02570.mp3,2899
v02571,lùn,v02571.mp3,3259
v02572,lùng,v02572.mp3,2075
v02573,lú,v02573.mp3,4727
v02574,lúa,v02574.mp3,1375
v02575,lúc,v02575.mp3,296
v02576,lúi,v02576.mp3,4774
v02577,lúm,v02577.mp3,4612
v02578,lún,v02578.mp3,2418
v02579,lúng,v02579.mp3,2716
v02580,lúp,v02580.mp3,5329
v02581,lút,v02581.mp3,3139
v02582,lý,v02582.mp3,87
v02583,lăm,v02583.mp3,3357
v02584,lăn,v02584.mp3,2031
v02585,lăng,v02585.mp3,1660
v02586,lĩnh,v02586.mp3,677
v02587,lũ,v02587.mp3,1101
v02588,lũa,v02588.mp3,5250
v02589,lũi,v02589.mp3,4374
v02590,lũm,v02590.mp3,6365
v02591,lũng,v02591.mp3,2504
v02592,lơ,v02592.mp3,2160
v02593,lơi,v02593.mp3,4263
v02594,lơn,v02594.mp3,5033
v02595,lư,v02595.mp3,2989
v02596,lưa,v02596.mp3,5165
v02597,lưn,v02597.mp3,6597
v02598,lưng,v02598.mp3,1486
v02599,lưu,v02599.mp3,496
v02600,lươm,v02600.mp3,7121
v02601,lươn,v02601.mp3,2914
v02602,lương,v02602.mp3,635
v02603,lưới,v02603.mp3,1458
v02604,lướt,v02604.mp3,2659
v02605,lười,v02605.mp3,2580
v02606,lườm,v02606.mp3,5050
v02607,lườn,v02607.mp3,5110
v02608,lường,v02608.mp3,2012
v02609,lưởng,v02609.mp3,6868
v02610,lưỡng,v02610.mp3,2030
v02611,lược,v02611.mp3,1144
v02612,lượm,v02612.mp3,3205
v02613,lượn,v02613.mp3,2830
v02614,lượng,v02614.mp3,136
v02615,lượt,v02615.mp3,1090
v02616,lạ,v02616.mp3,988
v02617,lạc,v02617.mp3,854
v02618,lạch,v02618.mp3,3375
v02619,lại,v02619.mp3,58
v02620,lạm,v02620.mp3,1573
v02621,lạn,v02621.mp3,4362
v02622,lạng,v02622.mp3,1736
v02623,lạnh,v02623.mp3,974
v02624,lạo,v02624.mp3,5721
v02625,lạp,v02625.mp3,2199
v02626,lạt,v02626.mp3,1745
v02627,lạy,v02627.mp3,3663
v02628,lả,v02628.mp3,3497
v02629,lải,v02629.mp3,4376
v02630,lảm,v02630.mp3,5051
v02631,lản,v02631.mp3,6872
v02632,lảng,v02632.mp3,3775
v02633,lảnh,v02633.mp3,5320
v02634,lảo,v02634.mp3,5072
v02635,lấm,v02635.mp3,3620
v02636,lấn,v02636.mp3,1719
v02637,lấp,v02637.mp3,1771
v02638,lất,v02638.mp3,4989
v02639,lấu,v02639.mp3,4929
v02640,lấy,v02640.mp3,439
v02641,lầm,v02641.mp3,1594
v02642,lần,v02642.mp3,216
v02643,lầu,v02643.mp3,2292
v02644,lầy,v02644.mp3,3150
v02645,lẩm,v02645.mp3,4393
v02646,lẩn,v02646.mp3,2487
v02647,lẩu,v02647.mp3,2719
v02648,lẩy,v02648.mp3,4670
v02649,lẫm,v02649.mp3,3260
v02650,lẫn,v02650.mp3,1166
v02651,lẫy,v02651.mp3,2597
v02652,lậm,v02652.mp3,6554
v02653,lận,v02653.mp3,2138
v02654,lập,v02654.mp3,367
v02655,lật,v02655.mp3,2011
v02656,lậu,v02656.mp3,1569
v02657,lậy,v02657.mp3,3379
v02658,lắc,v02658.mp3,2055
v02659,lắm,v02659.mp3,989
v02660,lắng,v02660.mp3,987
v02661,lắp,v02661.mp3,1382
v02662,lắt,v02662.mp3,4048
v02663,lằn,v02663.mp3,4052
v02664,lằng,v02664.mp3,4962
v02665,lẳn,v02665.mp3,6553
v02666,lẳng,v02666.mp3,3496
v02667,lẵng,v02667.mp3,4264
v02668,lặc,v02668.mp3,3737
v02669,lặn,v02669.mp3,2079
v02670,lặng,v02670.mp3,1465
v02671,lặp,v02671.mp3,2177
v02672,lặt,v02672.mp3,3669
v02673,lẹ,v02673.mp3,4020
v02674,lẹm,v02674.mp3,5068
v02675,lẹo,v02675.mp3,6013
v02676,lẹt,v02676.mp3,4427
v02677,lẻ,v02677.mp3,1249
v02678,lẻm,v02678.mp3,6683
v02679,lẻn,v02679.mp3,3529
v02680,lẻng,v02680.mp3,6795
v02681,lẻo,v02681.mp3,3206
v02682,lẽ,v02682.mp3,969
v02683,lẽn,v02683.mp3,4660
v02684,lẽo,v02684.mp3,3741
v02685,lế,v02685.mp3,6645
v02686,lếch,v02686.mp3,5272
v02687,lến,v02687.mp3,4961
v02688,lếp,v02688.mp3,5550
v02689,lết,v02689.mp3,3976
v02690,lếu,v02690.mp3,5573
v02691,lề,v02691.mp3,1989
v02692,lền,v02692.mp3,7123
v02693,lềnh,v02693.mp3,4278
v02694,lều,v02694.mp3,2884
v02695,lể,v02695.mp3,4215
v02696,lễ,v02696.mp3,584
v02697,lệ,v02697.mp3,632
v02698,lệch,v02698.mp3,1484
v02699,lệnh,v02699.mp3,1212
v02700,lệt,v02700.mp3,6644
v02701,lỉ,v02701.mp3,6747
v02702,lỉnh,v02702.mp3,3888
v02703,lỉu,v02703.mp3,6343
v02704,lị,v02704.mp3,5527
v02705,lịa,v02705.mp3,5285
v02706,lịch,v02706.mp3,390
v02707,lịm,v02707.mp3,3356
v02708,lịnh,v02708.mp3,5230
v02709,lọ,v02709.mp3,2384
v02710,lọc,v02710.mp3,1429
v02711,lọi,v02711.mp3,3688
v02712,lọm,v02712.mp3,6477
v02713,lọn,v02713.mp3,4966
v02714,lọng,v02714.mp3,4525
v02715,lọp,v02715.mp3,5989
v02716,lọt,v02716.mp3,1669
v02717,lỏi,v02717.mp3,3514
v02718,lỏm,v02718.mp3,5105
v02719,lỏn,v02719.mp3,5549
v02720,lỏng,v02720.mp3,1892
v02721,lố,v02721.mp3,3660
v02722,lốc,v02722.mp3,2144
v02723,lối,v02723.mp3,1224
v02724,lốm,v02724.mp3,5416
v02725,lốn,v02725.mp3,6476
v02726,lống,v02726.mp3,4946
v02727,lốp,v02727.mp3,2737
v02728,lốt,v02728.mp3,3321
v02729,lồ,v02729.mp3,1842
v02730,lồi,v02730.mp3,3522
v02731,lồm,v02731.mp3,5389
v02732,lồng,v02732.mp3,1695
v02733,lổ,v02733.mp3,4224
v02734,lổm,v02734.mp3,6127
v02735,lổn,v02735.mp3,5410
v02736,lổng,v02736.mp3,4593
v02737,lỗ,v02737.mp3,1299
v02738,lỗi,v02738.mp3,935
v02739,lỗng,v02739.mp3,6997
v02740,lộ,v02740.mp3,657
v02741,lộc,v02741.mp3,1018
v02742,lội,v02742.mp3,2166
v02743,lộm,v02743.mp3,6924
v02744,lộn,v02744.mp3,1890
v02745,lộng,v02745.mp3,2516
v02746,lộp,v02746.mp3,5970
v02747,lột,v02747.mp3,2271
v02748,lớ,v02748.mp3,4900
v02749,lới,v02749.mp3,4551
v02750,lớm,v02750.mp3,6126
v02751,lớn,v02751.mp3,190
v02752,lớp,v02752.mp3,533
v02753,lớt,v02753.mp3,6125
v02754,lờ,v02754.mp3,2669
v02755,lời,v02755.mp3,349
v02756,lờn,v02756.mp3,5088
v02757,lở,v02757.mp3,1647
v02758,lởi,v02758.mp3,4839
v02759,lởm,v02759.mp3,4673
v02760,lởn,v02760.mp3,5290
v02761,lỡ,v02761.mp3,2106
v02762,lỡm,v02762.mp3,6870
v02763,lợ,v02763.mp3,4345
v02764,lợi,v02764.mp3,369
v02765,lợm,v02765.mp3,4277
v02766,lợn,v02766.mp3,1494
v02767,lợp,v02767.mp3,3022
v02768,lợt,v02768.mp3,6366
v02769,lụ,v02769.mp3,5969
v02770,lụa,v02770.mp3,2491
v02771,lục,v02771.mp3,1253
v02772,lụi,v02772.mp3,3861
v02773,lụm,v02773.mp3,6515
v02774,lụn,v02774.mp3,6342
v02775,lụng,v02775.mp3,3817
v02776,lụp,v02776.mp3,4172
v02777,lụt,v02777.mp3,2095
v02778,lủ,v02778.mp3,6250
v02779,lủi,v02779.mp3,4016
v02780,lủn,v02780.mp3,6286
v02781,lủng,v02781.mp3,4293
v02782,lứa,v02782.mp3,1775
v02783,lức,v02783.mp3,3308
v02784,lứt,v02784.mp3,4409
v02785,lừ,v02785.mp3,3802
v02786,lừa,v02786.mp3,1143
v02787,lừng,v02787.mp3,2832
v02788,lừu,v02788.mp3,6406
v02789,lử,v02789.mp3,5307
v02790,lửa,v02790.mp3,991
v02791,lửng,v02791.mp3,2856
v02792,lữ,v02792.mp3,2132
v02793,lữa,v02793.mp3,5005
v02794,lững,v02794.mp3,4584
v02795,lự,v02795.mp3,3919
v02796,lựa,v02796.mp3,843
v02797,lực,v02797.mp3,196
v02798,lựng,v02798.mp3,5817
v02799,lựu,v02799.mp3,2733
v02800,lỳ,v02800.mp3,3913
v02801,lỵ,v02801.mp3,4204
v02802,lỷ,v02802.mp3,5733
v02803,lỹ,v02803.mp3,6147
v02804,ma,v02804.mp3,815
v02805,mai,v02805.mp3,640
v02806,mam,v02806.mp3,6867
v02807,man,v02807.mp3,1879
v02808,mang,v02808.mp3,346
v02809,manh,v02809.mp3,1897
v02810,mao,v02810.mp3,3545
v02811,mau,v02811.mp3,1514
v02812,may,v02812.mp3,824
v02813,me,v02813.mp3,2171
v02814,mem,v02814.mp3,6362
v02815,men,v02815.mp3,1863
v02816,meng,v02816.mp3,5538
v02817,meo,v02817.mp3,4626
v02818,mi,v02818.mp3,2051
v02819,mia,v02819.mp3,3812
v02820,mim,v02820.mp3,6596
v02821,min,v02821.mp3,2906
v02822,minh,v02822.mp3,219
v02823,miu,v02823.mp3,3414
v02824,miên,v02824.mp3,2567
v02825,miêng,v02825.mp3,5215
v02826,miêu,v02826.mp3,2623
v02827,miến,v02827.mp3,3238
v02828,miếng,v02828.mp3,1463
v02829,miết,v02829.mp3,3740
v02830,miếu,v02830.mp3,2502
v02831,miền,v02831.mp3,787
v02832,miềng,v02832.mp3,6551
v02833,miều,v02833.mp3,4524
v02834,miểng,v02834.mp3,6405
v02835,miểu,v02835.mp3,6923
v02836,miễn,v02836.mp3,1046
v02837,miễu,v02837.mp3,4047
v02838,miện,v02838.mp3,2544
v02839,miệng,v02839.mp3,1250
v02840,miệt,v02840.mp3,2660
v02841,mo,v02841.mp3,3561
v02842,moa,v02842.mp3,6283
v02843,moan,v02843.mp3,4983
v02844,moi,v02844.mp3,3385
v02845,mom,v02845.mp3,4659
v02846,mon,v02846.mp3,3201
v02847,mong,v02847.mp3,656
v02848,moong,v02848.mp3,4446
v02849,moóc,v02849.mp3,3722
v02850,moọc,v02850.mp3,5952
v02851,mu,v02851.mp3,2646
v02852,mua,v02852.mp3,250
v02853,mui,v02853.mp3,4008
v02854,mum,v02854.mp3,6064
v02855,mun,v02855.mp3,4407
v02856,mung,v02856.mp3,5781
v02857,muôi,v02857.mp3,5228
v02858,muôn,v02858.mp3,2563
v02859,muông,v02859.mp3,4910
v02860,muối,v02860.mp3,1503
v02861,muốn,v02861.mp3,330
v02862,muống,v02862.mp3,2838
v02863,muốt,v02863.mp3,4603
v02864,muồi,v02864.mp3,4259
v02865,muồng,v02865.mp3,4911
v02866,muổi,v02866.mp3,6996
v02867,muỗi,v02867.mp3,2101
v02868,muỗm,v02868.mp3,6104
v02869,muỗng,v02869.mp3,2697
v02870,muội,v02870.mp3,3841
v02871,muộn,v02871.mp3,1617
v02872,my,v02872.mp3,1433
v02873,mà,v02873.mp3,107
v02874,mài,v02874.mp3,2442
v02875,màn,v02875.mp3,1156
v02876,màng,v02876.mp3,1904
v02877,mành,v02877.mp3,4610
v02878,mào,v02878.mp3,3383
v02879,màu,v02879.mp3,681
v02880,mày,v02880.mp3,1777
v02881,má,v02881.mp3,1962
v02882,mác,v02882.mp3,2225
v02883,mách,v02883.mp3,3068
v02884,mái,v02884.mp3,1051
v02885,mán,v02885.mp3,5150
v02886,máng,v02886.mp3,3849
v02887,mánh,v02887.mp3,3887
v02888,máo,v02888.mp3,4371
v02889,mát,v02889.mp3,1329
v02890,máu,v02890.mp3,758
v02891,máy,v02891.mp3,260
v02892,mâm,v02892.mp3,2296
v02893,mân,v02893.mp3,3994
v02894,mâng,v02894.mp3,6552
v02895,mâu,v02895.mp3,1449
v02896,mây,v02896.mp3,1545
v02897,mã,v02897.mp3,1133
v02898,mãi,v02898.mp3,1155
v02899,mãn,v02899.mp3,1559
v02900,mãng,v02900.mp3,3686
v02901,mãnh,v02901.mp3,2791
v02902,mão,v02902.mp3,3391
v02903,mè,v02903.mp3,3097
v02904,mèm,v02904.mp3,5062
v02905,mèn,v02905.mp3,4784
v02906,mèo,v02906.mp3,2185
v02907,mé,v02907.mp3,4073
v02908,méc,v02908.mp3,5591
v02909,mém,v02909.mp3,5429
v02910,mén,v02910.mp3,5306
v02911,méo,v02911.mp3,2745
v02912,mép,v02912.mp3,2815
v02913,mét,v02913.mp3,1625
v02914,mê,v02914.mp3,997
v02915,mên,v02915.mp3,6193
v02916,mênh,v02916.mp3,3165
v02917,mì,v02917.mp3,1556
v02918,mìn,v02918.mp3,2561
v02919,mình,v02919.mp3,96
v02920,mìu,v02920.mp3,6284
v02921,mí,v02921.mp3,2438
v02922,mía,v02922.mp3,2240
v02923,mích,v02923.mp3,3354
v02924,mím,v02924.mp3,5376
v02925,mín,v02925.mp3,6285
v02926,mính,v02926.mp3,6441
v02927,míp,v02927.mp3,6643
v02928,mít,v02928.mp3,2511
v02929,mò,v02929.mp3,1955
v02930,mòi,v02930.mp3,4611
v02931,mòn,v02931.mp3,2181
v02932,mòng,v02932.mp3,5347
v02933,mó,v02933.mp3,3410
v02934,móc,v02934.mp3,1546
v02935,mói,v02935.mp3,3904
v02936,móm,v02936.mp3,4091
v02937,món,v02937.mp3,775
v02938,móng,v02938.mp3,1697
v02939,móp,v02939.mp3,3645
v02940,mót,v02940.mp3,4190
v02941,mô,v02941.mp3,687
v02942,môi,v02942.mp3,542
v02943,môn,v02943.mp3,582
v02944,mông,v02944.mp3,1880
v02945,mõ,v02945.mp3,5229
v02946,mõi,v02946.mp3,6744
v02947,mõm,v02947.mp3,4423
v02948,mù,v02948.mp3,1713
v02949,mùa,v02949.mp3,750
v02950,mùi,v02950.mp3,1206
v02951,mùn,v02951.mp3,4414
v02952,mùng,v02952.mp3,2133
v02953,mú,v02953.mp3,3705
v02954,múa,v02954.mp3,1677
v02955,múc,v02955.mp3,2960
v02956,múi,v02956.mp3,3154
v02957,mún,v02957.mp3,3831
v02958,múp,v02958.mp3,5732
v02959,mút,v02959.mp3,3511
v02960,mý,v02960.mp3,5988
v02961,măm,v02961.mp3,5860
v02962,măn,v02962.mp3,6065
v02963,măng,v02963.mp3,1847
v02964,mĩ,v02964.mp3,3480
v02965,mĩm,v02965.mp3,4426
v02966,mũ,v02966.mp3,1853
v02967,mũi,v02967.mp3,1242
v02968,mũm,v02968.mp3,4425
v02969,mơ,v02969.mp3,1056
v02970,mơi,v02970.mp3,5833
v02971,mơn,v02971.mp3,4090
v02972,mưa,v02972.mp3,698
v02973,mưng,v02973.mp3,5235
v02974,mưu,v02974.mp3,1376
v02975,mươi,v02975.mp3,2507
v02976,mươn,v02976.mp3,6995
v02977,mương,v02977.mp3,2559
v02978,mướn,v02978.mp3,2910
v02979,mướp,v02979.mp3,3560
v02980,mướt,v02980.mp3,3212
v02981,mười,v02981.mp3,1884
v02982,mường,v02982.mp3,2205
v02983,mượn,v02983.mp3,1604
v02984,mượt,v02984.mp3,3074
v02985,mạ,v02985.mp3,2540
v02986,mạc,v02986.mp3,1325
v02987,mạch,v02987.mp3,1052
v02988,mại,v02988.mp3,710
v02989,mạn,v02989.mp3,1698
v02990,mạng,v02990.mp3,516
v02991,mạnh,v02991.mp3,290
v02992,mạo,v02992.mp3,1724
v02993,mạp,v02993.mp3,4518
v02994,mạt,v02994.mp3,3786
v02995,mạy,v02995.mp3,6163
v02996,mả,v02996.mp3,3659
v02997,mải,v02997.mp3,2775
v02998,mản,v02998.mp3,5968
v02999,mảng,v02999.mp3,1854
v03000,mảnh,v03000.mp3,1491
v03001,mảo,v03001.mp3,6363
v03002,mảy,v03002.mp3,4113
v03003,mấn,v03003.mp3,5224
v03004,mấp,v03004.mp3,4563
v03005,mất,v03005.mp3,433
v03006,mấu,v03006.mp3,3019
v03007,mấy,v03007.mp3,867
v03008,mầm,v03008.mp3,1472
v03009,mần,v03009.mp3,4236
v03010,mầu,v03010.mp3,3625
v03011,mầy,v03011.mp3,5834
v03012,mẩm,v03012.mp3,5548
v03013,mẩn,v03013.mp3,2946
v03014,mẩu,v03014.mp3,3177
v03015,mẩy,v03015.mp3,3761
v03016,mẫm,v03016.mp3,4559
v03017,mẫn,v03017.mp3,2282
v03018,mẫu,v03018.mp3,707
v03019,mậm,v03019.mp3,7119
v03020,mận,v03020.mp3,2663
v03021,mập,v03021.mp3,2391
v03022,mật,v03022.mp3,1021
v03023,mậu,v03023.mp3,2542
v03024,mắc,v03024.mp3,803
v03025,mắm,v03025.mp3,1664
v03026,mắn,v03026.mp3,1230
v03027,mắng,v03027.mp3,2223
v03028,mắt,v03028.mp3,500
v03029,mằn,v03029.mp3,3935
v03030,mằng,v03030.mp3,6224
v03031,mẳn,v03031.mp3,7118
v03032,mặc,v03032.mp3,689
v03033,mặn,v03033.mp3,1541
v03034,mặt,v03034.mp3,209
v03035,mẹ,v03035.mp3,231
v03036,mẹc,v03036.mp3,6745
v03037,mẹo,v03037.mp3,3055
v03038,mẹt,v03038.mp3,4756
v03039,mẻ,v03039.mp3,1908
v03040,mẽ,v03040.mp3,1240
v03041,mế,v03041.mp3,6194
v03042,mếch,v03042.mp3,5953
v03043,mến,v03043.mp3,1710
v03044,mếu,v03044.mp3,3918
v03045,mề,v03045.mp3,4056
v03046,mềm,v03046.mp3,1304
v03047,mền,v03047.mp3,3872
v03048,mềnh,v03048.mp3,6866
v03049,mễ,v03049.mp3,3449
v03050,mệ,v03050.mp3,5377
v03051,mệnh,v03051.mp3,1539
v03052,mệt,v03052.mp3,1324
v03053,mỉ,v03053.mp3,2754
v03054,mỉa,v03054.mp3,4032
v03055,mỉm,v03055.mp3,2777
v03056,mị,v03056.mp3,3389
v03057,mịch,v03057.mp3,3975
v03058,mịn,v03058.mp3,2357
v03059,mịnh,v03059.mp3,6341
v03060,mịt,v03060.mp3,2997
v03061,mọ,v03061.mp3,4733
v03062,mọc,v03062.mp3,1935
v03063,mọi,v03063.mp3,378
v03064,mọn,v03064.mp3,4754
v03065,mọng,v03065.mp3,3537
v03066,mọp,v03066.mp3,6865
v03067,mọt,v03067.mp3,3822
v03068,mỏ,v03068.mp3,1792
v03069,mỏi,v03069.mp3,1387
v03070,mỏm,v03070.mp3,4193
v03071,mỏng,v03071.mp3,2007
v03072,mố,v03072.mp3,4030
v03073,mốc,v03073.mp3,1696
v03074,mối,v03074.mp3,808
v03075,mốn,v03075.mp3,6474
v03076,mống,v03076.mp3,4249
v03077,mốt,v03077.mp3,2713
v03078,mồ,v03078.mp3,1773
v03079,mồi,v03079.mp3,2328
v03080,mồm,v03080.mp3,3178
v03081,mồn,v03081.mp3,5164
v03082,mồng,v03082.mp3,3044
v03083,mổ,v03083.mp3,1220
v03084,mỗ,v03084.mp3,3616
v03085,mỗi,v03085.mp3,315
v03086,mộ,v03086.mp3,1145
v03087,mộc,v03087.mp3,1833
v03088,mội,v03088.mp3,5177
v03089,mộng,v03089.mp3,2004
v03090,một,v03090.mp3,12
v03091,mớ,v03091.mp3,3081
v03092,mới,v03092.mp3,104
v03093,mớm,v03093.mp3,4458
v03094,mớn,v03094.mp3,5388
v03095,mớp,v03095.mp3,7117
v03096,mờ,v03096.mp3,1958
v03097,mời,v03097.mp3,871
v03098,mở,v03098.mp3,490
v03099,mởi,v03099.mp3,6475
v03100,mởn,v03100.mp3,4642
v03101,mỡ,v03101.mp3,1400
v03102,mợ,v03102.mp3,4579
v03103,mợi,v03103.mp3,6743
v03104,mụ,v03104.mp3,4004
v03105,mục,v03105.mp3,529
v03106,mụi,v03106.mp3,6404
v03107,mụn,v03107.mp3,2146
v03108,mụt,v03108.mp3,6994
v03109,mủ,v03109.mp3,2793
v03110,mủi,v03110.mp3,4703
v03111,mủm,v03111.mp3,6681
v03112,mủn,v03112.mp3,5191
v03113,mủng,v03113.mp3,5375
v03114,mứ,v03114.mp3,6864
v03115,mứa,v03115.mp3,5444
v03116,mức,v03116.mp3,310
v03117,mứt,v03117.mp3,2751
v03118,mừ,v03118.mp3,5816
v03119,mừng,v03119.mp3,1069
v03120,mừu,v03120.mp3,6403
v03121,mửa,v03121.mp3,3506
v03122,mự,v03122.mp3,6192
v03123,mực,v03123.mp3,1418
v03124,mựng,v03124.mp3,6340
v03125,mỳ,v03125.mp3,2616
v03126,mỵ,v03126.mp3,3958
v03127,mỷ,v03127.mp3,5176
v03128,mỹ,v03128.mp3,268
v03129,na,v03129.mp3,1985
v03130,nai,v03130.mp3,1285
v03131,nam,v03131.mp3,57
v03132,nan,v03132.mp3,2383
v03133,nang,v03133.mp3,2371
v03134,nanh,v03134.mp3,4353
v03135,nao,v03135.mp3,3465
v03136,nau,v03136.mp3,5264
v03137,nay,v03137.mp3,153
v03138,ne,v03138.mp3,5263
v03139,nem,v03139.mp3,2750
v03140,nen,v03140.mp3,6310
v03141,neo,v03141.mp3,2337
v03142,nga,v03142.mp3,793
v03143,ngai,v03143.mp3,4096
v03144,ngam,v03144.mp3,6162
v03145,ngan,v03145.mp3,3028
v03146,ngang,v03146.mp3,1183
v03147,nganh,v03147.mp3,6680
v03148,ngao,v03148.mp3,2951
v03149,ngau,v03149.mp3,6592
v03150,ngay,v03150.mp3,363
v03151,nghe,v03151.mp3,620
v03152,nghen,v03152.mp3,5209
v03153,ngheo,v03153.mp3,5085
v03154,nghi,v03154.mp3,700
v03155,nghia,v03155.mp3,3303
v03156,nghin,v03156.mp3,6101
v03157,nghinh,v03157.mp3,4332
v03158,nghiêm,v03158.mp3,662
v03159,nghiên,v03159.mp3,568
v03160,nghiêng,v03160.mp3,2203
v03161,nghiêu,v03161.mp3,5832
v03162,nghiến,v03162.mp3,3670
v03163,nghiền,v03163.mp3,3027
v03164,nghiễm,v03164.mp3,4187
v03165,nghiễn,v03165.mp3,6102
v03166,nghiệm,v03166.mp3,484
v03167,nghiện,v03167.mp3,1585
v03168,nghiệp,v03168.mp3,129
v03169,nghiệt,v03169.mp3,2340
v03170,nghè,v03170.mp3,3359
v03171,nghèn,v03171.mp3,4548
v03172,nghèo,v03172.mp3,870
v03173,nghé,v03173.mp3,3038
v03174,nghén,v03174.mp3,3478
v03175,nghéo,v03175.mp3,6513
v03176,nghép,v03176.mp3,6679
v03177,nghét,v03177.mp3,4550
v03178,nghê,v03178.mp3,3683
v03179,nghênh,v03179.mp3,2389
v03180,nghêu,v03180.mp3,3507
v03181,nghì,v03181.mp3,6863
v03182,nghìn,v03182.mp3,1104
v03183,nghía,v03183.mp3,4392
v03184,nghín,v03184.mp3,6862
v03185,nghĩ,v03185.mp3,541
v03186,nghĩa,v03186.mp3,530
v03187,nghĩnh,v03187.mp3,3481
v03188,nghẹ,v03188.mp3,6591
v03189,nghẹn,v03189.mp3,2305
v03190,nghẹt,v03190.mp3,2925
v03191,nghẻ,v03191.mp3,6793
v03192,nghẽn,v03192.mp3,2587
v03193,nghẽo,v03193.mp3,5513
v03194,nghế,v03194.mp3,6740
v03195,nghếch,v03195.mp3,4555
v03196,nghề,v03196.mp3,672
v03197,nghể,v03197.mp3,6992
v03198,nghển,v03198.mp3,6920
v03199,nghễ,v03199.mp3,5601
v03200,nghệ,v03200.mp3,280
v03201,nghệch,v03201.mp3,4765
v03202,nghệm,v03202.mp3,6739
v03203,nghệp,v03203.mp3,5613
v03204,nghỉ,v03204.mp3,690
v03205,nghỉm,v03205.mp3,5040
v03206,nghỉu,v03206.mp3,6338
v03207,nghị,v03207.mp3,303
v03208,nghịch,v03208.mp3,2216
v03209,nghịt,v03209.mp3,4202
v03210,nghịu,v03210.mp3,5003
v03211,ngo,v03211.mp3,2401
v03212,ngoa,v03212.mp3,4270
v03213,ngoai,v03213.mp3,3570
v03214,ngoan,v03214.mp3,1822
v03215,ngoe,v03215.mp3,4592
v03216,ngoi,v03216.mp3,3968
v03217,ngon,v03217.mp3,1205
v03218,ngong,v03218.mp3,6642
v03219,ngoài,v03219.mp3,185
v03220,ngoác,v03220.mp3,6439
v03221,ngoái,v03221.mp3,1378
v03222,ngoáy,v03222.mp3,4816
v03223,ngoã,v03223.mp3,5674
v03224,ngoãn,v03224.mp3,3023
v03225,ngoạ,v03225.mp3,4557
v03226,ngoạc,v03226.mp3,4791
v03227,ngoại,v03227.mp3,514
v03228,ngoạm,v03228.mp3,5374
v03229,ngoạn,v03229.mp3,2619
v03230,ngoạt,v03230.mp3,6337
v03231,ngoải,v03231.mp3,5223
v03232,ngoắt,v03232.mp3,5079
v03233,ngoằng,v03233.mp3,5084
v03234,ngu,v03234.mp3,3105
v03235,ngum,v03235.mp3,6919
v03236,nguy,v03236.mp3,643
v03237,nguyên,v03237.mp3,263
v03238,nguyến,v03238.mp3,5712
v03239,nguyền,v03239.mp3,3209
v03240,nguyển,v03240.mp3,6676
v03241,nguyễn,v03241.mp3,133
v03242,nguyện,v03242.mp3,920
v03243,nguyệt,v03243.mp3,1783
v03244,nguây,v03244.mp3,6737
v03245,nguôi,v03245.mp3,3221
v03246,nguýt,v03246.mp3,5301
v03247,nguầy,v03247.mp3,6472
v03248,nguẩy,v03248.mp3,5471
v03249,nguậy,v03249.mp3,5244
v03250,nguốn,v03250.mp3,6470
v03251,nguồi,v03251.mp3,7111
v03252,nguồn,v03252.mp3,473
v03253,nguội,v03253.mp3,2618
v03254,nguỵ,v03254.mp3,2826
v03255,ngà,v03255.mp3,2346
v03256,ngài,v03256.mp3,2393
v03257,ngàm,v03257.mp3,6594
v03258,ngàn,v03258.mp3,1124
v03259,ngàng,v03259.mp3,2584
v03260,ngành,v03260.mp3,355
v03261,ngào,v03261.mp3,1856
v03262,ngàu,v03262.mp3,6993
v03263,ngày,v03263.mp3,44
v03264,ngác,v03264.mp3,3603
v03265,ngách,v03265.mp3,3008
v03266,ngái,v03266.mp3,4740
v03267,ngán,v03267.mp3,2718
v03268,ngáng,v03268.mp3,5239
v03269,ngáo,v03269.mp3,3077
v03270,ngáp,v03270.mp3,4358
v03271,ngát,v03271.mp3,3809
v03272,ngáy,v03272.mp3,3543
v03273,ngâm,v03273.mp3,1841
v03274,ngân,v03274.mp3,351
v03275,ngâu,v03275.mp3,4761
v03276,ngây,v03276.mp3,2489
v03277,ngã,v03277.mp3,1074
v03278,ngãi,v03278.mp3,1591
v03279,ngãng,v03279.mp3,6593
v03280,ngò,v03280.mp3,3955
v03281,ngòi,v03281.mp3,3210
v03282,ngòm,v03282.mp3,4384
v03283,ngòn,v03283.mp3,5761
v03284,ngó,v03284.mp3,2917
v03285,ngóc,v03285.mp3,3830
v03286,ngói,v03286.mp3,3064
v03287,ngón,v03287.mp3,1938
v03288,ngóng,v03288.mp3,2748
v03289,ngóp,v03289.mp3,5950
v03290,ngót,v03290.mp3,3236
v03291,ngô,v03291.mp3,1108
v03292,ngôi,v03292.mp3,772
v03293,ngôn,v03293.mp3,1222
v03294,ngông,v03294.mp3,3687
v03295,ngõ,v03295.mp3,1614
v03296,ngùi,v03296.mp3,2768
v03297,ngùn,v03297.mp3,3999
v03298,ngùng,v03298.mp3,3079
v03299,ngúm,v03299.mp3,6249
v03300,ngúng,v03300.mp3,6360
v03301,ngút,v03301.mp3,3104
v03302,ngăm,v03302.mp3,4455
v03303,ngăn,v03303.mp3,1004
v03304,ngũ,v03304.mp3,1167
v03305,ngơ,v03305.mp3,2810
v03306,ngơi,v03306.mp3,1898
v03307,ngư,v03307.mp3,1188
v03308,ngưng,v03308.mp3,2104
v03309,ngưu,v03309.mp3,3405
v03310,ngươi,v03310.mp3,4280
v03311,ngươn,v03311.mp3,5606
v03312,ngước,v03312.mp3,4024
v03313,ngưới,v03313.mp3,6471
v03314,người,v03314.mp3,10
v03315,ngườm,v03315.mp3,5939
v03316,ngưởi,v03316.mp3,5899
v03317,ngưởng,v03317.mp3,3690
v03318,ngưỡng,v03318.mp3,1411
v03319,ngược,v03319.mp3,1114
v03320,ngượi,v03320.mp3,6590
v03321,ngượng,v03321.mp3,3348
v03322,ngạ,v03322.mp3,6921
v03323,ngạc,v03323.mp3,1813
v03324,ngạch,v03324.mp3,1875
v03325,ngại,v03325.mp3,1012
v03326,ngạn,v03326.mp3,3162
v03327,ngạnh,v03327.mp3,5048
v03328,ngạo,v03328.mp3,3748
v03329,ngạt,v03329.mp3,2424
v03330,ngả,v03330.mp3,2702
v03331,ngải,v03331.mp3,3711
v03332,ngảo,v03332.mp3,6361
v03333,ngấm,v03333.mp3,2746
v03334,ngấn,v03334.mp3,4035
v03335,ngấp,v03335.mp3,4804
v03336,ngất,v03336.mp3,2080
v03337,ngấu,v03337.mp3,5013
v03338,ngấy,v03338.mp3,4072
v03339,ngầm,v03339.mp3,1649
v03340,ngần,v03340.mp3,2289
v03341,ngầu,v03341.mp3,3984
v03342,ngầy,v03342.mp3,5900
v03343,ngẩm,v03343.mp3,3644
v03344,ngẩn,v03344.mp3,3388
v03345,ngẩng,v03345.mp3,4013
v03346,ngẩy,v03346.mp3,6402
v03347,ngẫm,v03347.mp3,2861
v03348,ngẫu,v03348.mp3,2499
v03349,ngậm,v03349.mp3,2408
v03350,ngập,v03350.mp3,1119
v03351,ngật,v03351.mp3,6741
v03352,ngậy,v03352.mp3,3458
v03353,ngắc,v03353.mp3,4838
v03354,ngắm,v03354.mp3,1800
v03355,ngắn,v03355.mp3,1040
v03356,ngắt,v03356.mp3,2816
v03357,ngằn,v03357.mp3,5305
v03358,ngặt,v03358.mp3,2330
v03359,ngọ,v03359.mp3,2999
v03360,ngọc,v03360.mp3,502
v03361,ngọn,v03361.mp3,1645
v03362,ngọng,v03362.mp3,4380
v03363,ngọt,v03363.mp3,1197
v03364,ngỏ,v03364.mp3,2501
v03365,ngố,v03365.mp3,4676
v03366,ngốc,v03366.mp3,3372
v03367,ngốn,v03367.mp3,3869
v03368,ngốt,v03368.mp3,6548
v03369,ngồ,v03369.mp3,6549
v03370,ngồi,v03370.mp3,780
v03371,ngồn,v03371.mp3,5125
v03372,ngồng,v03372.mp3,5415
v03373,ngổ,v03373.mp3,4468
v03374,ngổm,v03374.mp3,6678
v03375,ngổn,v03375.mp3,2974
v03376,ngỗ,v03376.mp3,4764
v03377,ngỗn,v03377.mp3,6738
v03378,ngỗng,v03378.mp3,3933
v03379,ngộ,v03379.mp3,1588
v03380,ngộc,v03380.mp3,6146
v03381,ngộn,v03381.mp3,5364
v03382,ngộp,v03382.mp3,4732
v03383,ngột,v03383.mp3,1912
v03384,ngớ,v03384.mp3,3715
v03385,ngớn,v03385.mp3,6280
v03386,ngớt,v03386.mp3,3437
v03387,ngờ,v03387.mp3,696
v03388,ngời,v03388.mp3,3015
v03389,ngởi,v03389.mp3,6281
v03390,ngỡ,v03390.mp3,2190
v03391,ngợ,v03391.mp3,5304
v03392,ngợi,v03392.mp3,1974
v03393,ngợm,v03393.mp3,3457
v03394,ngợp,v03394.mp3,3275
v03395,ngụ,v03395.mp3,1103
v03396,ngụa,v03396.mp3,4815
v03397,ngục,v03397.mp3,3111
v03398,ngụm,v03398.mp3,4170
v03399,ngụp,v03399.mp3,4531
v03400,ngụt,v03400.mp3,4007
v03401,ngủ,v03401.mp3,818
v03402,ngủi,v03402.mp3,3071
v03403,ngủn,v03403.mp3,5779
v03404,ngủng,v03404.mp3,7112
v03405,ngứ,v03405.mp3,6063
v03406,ngứa,v03406.mp3,2503
v03407,ngừ,v03407.mp3,2852
v03408,ngừa,v03408.mp3,1517
v03409,ngừm,v03409.mp3,6792
v03410,ngừng,v03410.mp3,1311
v03411,ngửa,v03411.mp3,2624
v03412,ngửi,v03412.mp3,3242
v03413,ngữ,v03413.mp3,895
v03414,ngữa,v03414.mp3,6677
v03415,ngự,v03415.mp3,2758
v03416,ngựa,v03416.mp3,2122
v03417,ngực,v03417.mp3,1512
v03418,ngựu,v03418.mp3,7110
v03419,nha,v03419.mp3,1235
v03420,nhai,v03420.mp3,2688
v03421,nham,v03421.mp3,3151
v03422,nhan,v03422.mp3,1653
v03423,nhang,v03423.mp3,2727
v03424,nhanh,v03424.mp3,567
v03425,nhao,v03425.mp3,4797
v03426,nhau,v03426.mp3,316
v03427,nhay,v03427.mp3,6438
v03428,nhe,v03428.mp3,4625
v03429,nhem,v03429.mp3,4363
v03430,nhen,v03430.mp3,3801
v03431,nheo,v03431.mp3,3302
v03432,nhi,v03432.mp3,941
v03433,nhia,v03433.mp3,5831
v03434,nhim,v03434.mp3,5098
v03435,nhin,v03435.mp3,5572
v03436,nhinh,v03436.mp3,5815
v03437,nhiu,v03437.mp3,6735
v03438,nhiêm,v03438.mp3,5163
v03439,nhiên,v03439.mp3,227
v03440,nhiêu,v03440.mp3,1187
v03441,nhiếc,v03441.mp3,4487
v03442,nhiếp,v03442.mp3,2006
v03443,nhiếu,v03443.mp3,5986
v03444,nhiềm,v03444.mp3,6512
v03445,nhiền,v03445.mp3,5798
v03446,nhiều,v03446.mp3,27
v03447,nhiểm,v03447.mp3,6062
v03448,nhiển,v03448.mp3,6025
v03449,nhiểu,v03449.mp3,5421
v03450,nhiễm,v03450.mp3,829
v03451,nhiễn,v03451.mp3,5600
v03452,nhiễu,v03452.mp3,2536
v03453,nhiệm,v03453.mp3,293
v03454,nhiện,v03454.mp3,5451
v03455,nhiệp,v03455.mp3,5537
v03456,nhiệt,v03456.mp3,771
v03457,nhiệu,v03457.mp3,5673
v03458,nho,v03458.mp3,2000
v03459,nhoay,v03459.mp3,6190
v03460,nhoi,v03460.mp3,4238
v03461,nhom,v03461.mp3,4493
v03462,nhon,v03462.mp3,5271
v03463,nhong,v03463.mp3,5599
v03464,nhoong,v03464.mp3,6791
v03465,nhoà,v03465.mp3,3638
v03466,nhoài,v03466.mp3,4312
v03467,nhoáng,v03467.mp3,3258
v03468,nhoáy,v03468.mp3,6099
v03469,nhoè,v03469.mp3,4335
v03470,nhoét,v03470.mp3,6098
v03471,nhoóng,v03471.mp3,7106
v03472,nhoạng,v03472.mp3,5760
v03473,nhoằng,v03473.mp3,7107
v03474,nhoẹt,v03474.mp3,5443
v03475,nhu,v03475.mp3,789
v03476,nhum,v03476.mp3,4492
v03477,nhung,v03477.mp3,1564
v03478,nhuy,v03478.mp3,6277
v03479,nhuyễn,v03479.mp3,2732
v03480,nhuân,v03480.mp3,5536
v03481,nhuần,v03481.mp3,3183
v03482,nhuận,v03482.mp3,1131
v03483,nhuật,v03483.mp3,6469
v03484,nhuế,v03484.mp3,4065
v03485,nhuệ,v03485.mp3,3347
v03486,nhuốc,v03486.mp3,5083
v03487,nhuốm,v03487.mp3,4311
v03488,nhuộm,v03488.mp3,2493
v03489,nhuỵ,v03489.mp3,4480
v03490,nhà,v03490.mp3,31
v03491,nhài,v03491.mp3,4364
v03492,nhàm,v03492.mp3,2870
v03493,nhàn,v03493.mp3,2167
v03494,nhàng,v03494.mp3,1637
v03495,nhành,v03495.mp3,4686
v03496,nhào,v03496.mp3,2757
v03497,nhàu,v03497.mp3,4186
v03498,nhày,v03498.mp3,5346
v03499,nhá,v03499.mp3,3764
v03500,nhác,v03500.mp3,3334
v03501,nhách,v03501.mp3,5582
v03502,nhái,v03502.mp3,2589
v03503,nhám,v03503.mp3,4287
v03504,nháng,v03504.mp3,5923
v03505,nhánh,v03505.mp3,1327
v03506,nháo,v03506.mp3,3352
v03507,nháp,v03507.mp3,3793
v03508,nhát,v03508.mp3,1937
v03509,nháy,v03509.mp3,3516
v03510,nhâm,v03510.mp3,3118
v03511,nhân,v03511.mp3,52
v03512,nhây,v03512.mp3,6222
v03513,nhã,v03513.mp3,1877
v03514,nhãi,v03514.mp3,6145
v03515,nhãn,v03515.mp3,1415
v03516,nhãng,v03516.mp3,4292
v03517,nhão,v03517.mp3,3611
v03518,nhè,v03518.mp3,4424
v03519,nhèm,v03519.mp3,4696
v03520,nhèo,v03520.mp3,5500
v03521,nhé,v03521.mp3,1770
v03522,nhéo,v03522.mp3,5409
v03523,nhép,v03523.mp3,4652
v03524,nhét,v03524.mp3,2785
v03525,nhê,v03525.mp3,6336
v03526,nhì,v03526.mp3,1939
v03527,nhìa,v03527.mp3,6736
v03528,nhìn,v03528.mp3,564
v03529,nhìu,v03529.mp3,6547
v03530,nhí,v03530.mp3,1957
v03531,nhích,v03531.mp3,2957
v03532,nhím,v03532.mp3,3898
v03533,nhín,v03533.mp3,5526
v03534,nhíp,v03534.mp3,4979
v03535,nhít,v03535.mp3,5149
v03536,nhíu,v03536.mp3,5227
v03537,nhò,v03537.mp3,6123
v03538,nhòm,v03538.mp3,4133
v03539,nhó,v03539.mp3,4442
v03540,nhóc,v03540.mp3,2971
v03541,nhói,v03541.mp3,3641
v03542,nhóm,v03542.mp3,476
v03543,nhón,v03543.mp3,5109
v03544,nhóng,v03544.mp3,6990
v03545,nhóp,v03545.mp3,6545
v03546,nhót,v03546.mp3,4100
v03547,nhô,v03547.mp3,3490
v03548,nhôm,v03548.mp3,3034
v03549,nhôn,v03549.mp3,6511
v03550,nhông,v03550.mp3,4664
v03551,nhõm,v03551.mp3,3395
v03552,nhõn,v03552.mp3,6859
v03553,nhõng,v03553.mp3,4874
v03554,nhù,v03554.mp3,6674
v03555,nhùi,v03555.mp3,6544
v03556,nhùn,v03556.mp3,4988
v03557,nhùng,v03557.mp3,4869
v03558,nhú,v03558.mp3,4505
v03559,nhúa,v03559.mp3,6278
v03560,nhúc,v03560.mp3,3945
v03561,nhúm,v03561.mp3,4474
v03562,nhún,v03562.mp3,3684
v03563,nhúng,v03563.mp3,3026
v03564,nhúp,v03564.mp3,6468
v03565,nhút,v03565.mp3,3323
v03566,nhăm,v03566.mp3,4571
v03567,nhăn,v03567.mp3,2405
v03568,nhăng,v03568.mp3,3780
v03569,nhĩ,v03569.mp3,1980
v03570,nhũ,v03570.mp3,3407
v03571,nhũn,v03571.mp3,4450
v03572,nhũng,v03572.mp3,1256
v03573,nhơ,v03573.mp3,4266
v03574,nhơn,v03574.mp3,1711
v03575,như,v03575.mp3,43
v03576,nhưn,v03576.mp3,6400
v03577,nhưng,v03577.mp3,70
v03578,nhương,v03578.mp3,5300
v03579,nhướn,v03579.mp3,6335
v03580,nhường,v03580.mp3,2238
v03581,nhưỡng,v03581.mp3,3220
v03582,nhược,v03582.mp3,2433
v03583,nhượng,v03583.mp3,1732
v03584,nhạ,v03584.mp3,2907
v03585,nhạc,v03585.mp3,499
v03586,nhại,v03586.mp3,3840
v03587,nhạn,v03587.mp3,4095
v03588,nhạnh,v03588.mp3,4731
v03589,nhạo,v03589.mp3,4182
v03590,nhạp,v03590.mp3,7109
v03591,nhạt,v03591.mp3,2060
v03592,nhạy,v03592.mp3,1731
v03593,nhả,v03593.mp3,3599
v03594,nhải,v03594.mp3,6191
v03595,nhảm,v03595.mp3,3581
v03596,nhản,v03596.mp3,4179
v03597,nhảnh,v03597.mp3,3851
v03598,nhảu,v03598.mp3,4845
v03599,nhảy,v03599.mp3,1315
v03600,nhấc,v03600.mp3,3427
v03601,nhấm,v03601.mp3,3876
v03602,nhấn,v03602.mp3,973
v03603,nhấp,v03603.mp3,3378
v03604,nhất,v03604.mp3,92
v03605,nhầm,v03605.mp3,1665
v03606,nhầy,v03606.mp3,3443
v03607,nhẩm,v03607.mp3,3774
v03608,nhẩn,v03608.mp3,5039
v03609,nhẩu,v03609.mp3,6100
v03610,nhẩy,v03610.mp3,5477
v03611,nhẫm,v03611.mp3,5987
v03612,nhẫn,v03612.mp3,1733
v03613,nhẫy,v03613.mp3,5778
v03614,nhậm,v03614.mp3,3014
v03615,nhận,v03615.mp3,90
v03616,nhập,v03616.mp3,354
v03617,nhật,v03617.mp3,558
v03618,nhậu,v03618.mp3,1655
v03619,nhậy,v03619.mp3,6248
v03620,nhắc,v03620.mp3,960
v03621,nhắm,v03621.mp3,2234
v03622,nhắn,v03622.mp3,1314
v03623,nhắng,v03623.mp3,5373
v03624,nhắt,v03624.mp3,5061
v03625,nhằm,v03625.mp3,693
v03626,nhằn,v03626.mp3,3135
v03627,nhằng,v03627.mp3,4149
v03628,nhẳng,v03628.mp3,5922
v03629,nhẵn,v03629.mp3,4124
v03630,nhặn,v03630.mp3,4321
v03631,nhặng,v03631.mp3,4798
v03632,nhặt,v03632.mp3,1979
v03633,nhẹ,v03633.mp3,918
v03634,nhẹm,v03634.mp3,4665
v03635,nhẹn,v03635.mp3,3202
v03636,nhẹp,v03636.mp3,5199
v03637,nhẹt,v03637.mp3,3463
v03638,nhẻm,v03638.mp3,4679
v03639,nhẽ,v03639.mp3,3894
v03640,nhẽo,v03640.mp3,3826
v03641,nhếch,v03641.mp3,3598
v03642,nhền,v03642.mp3,6641
v03643,nhều,v03643.mp3,5921
v03644,nhể,v03644.mp3,6991
v03645,nhễ,v03645.mp3,4628
v03646,nhệch,v03646.mp3,6675
v03647,nhện,v03647.mp3,3203
v03648,nhỉ,v03648.mp3,3037
v03649,nhỉnh,v03649.mp3,3803
v03650,nhị,v03650.mp3,2173
v03651,nhịa,v03651.mp3,7108
v03652,nhịn,v03652.mp3,2385
v03653,nhịp,v03653.mp3,1538
v03654,nhịt,v03654.mp3,6124
v03655,nhịu,v03655.mp3,6359
v03656,nhọ,v03656.mp3,3467
v03657,nhọc,v03657.mp3,2586
v03658,nhọn,v03658.mp3,2276
v03659,nhọt,v03659.mp3,3970
v03660,nhỏ,v03660.mp3,426
v03661,nhỏm,v03661.mp3,5711
v03662,nhố,v03662.mp3,4806
v03663,nhối,v03663.mp3,3324
v03664,nhốm,v03664.mp3,6589
v03665,nhốn,v03665.mp3,4269
v03666,nhốt,v03666.mp3,2707
v03667,nhồi,v03667.mp3,2506
v03668,nhồm,v03668.mp3,6639
v03669,nhồng,v03669.mp3,5898
v03670,nhổ,v03670.mp3,2765
v03671,nhổm,v03671.mp3,4945
v03672,nhổn,v03672.mp3,3800
v03673,nhội,v03673.mp3,6144
v03674,nhộn,v03674.mp3,2362
v03675,nhộng,v03675.mp3,4254
v03676,nhộp,v03676.mp3,7105
v03677,nhột,v03677.mp3,5701
v03678,nhớ,v03678.mp3,802
v03679,nhớp,v03679.mp3,4972
v03680,nhớt,v03680.mp3,3278
v03681,nhờ,v03681.mp3,760
v03682,nhời,v03682.mp3,4994
v03683,nhờn,v03683.mp3,3232
v03684,nhở,v03684.mp3,1780
v03685,nhởn,v03685.mp3,4773
v03686,nhỡ,v03686.mp3,3351
v03687,nhợ,v03687.mp3,6401
v03688,nhợi,v03688.mp3,6546
v03689,nhợt,v03689.mp3,3680
v03690,nhụa,v03690.mp3,5442
v03691,nhục,v03691.mp3,2149
v03692,nhụi,v03692.mp3,6588
v03693,nhụng,v03693.mp3,6989
v03694,nhụt,v03694.mp3,5066
v03695,nhủ,v03695.mp3,2471
v03696,nhủi,v03696.mp3,5777
v03697,nhức,v03697.mp3,2233
v03698,nhứng,v03698.mp3,6638
v03699,nhứt,v03699.mp3,4046
v03700,nhừ,v03700.mp3,3665
v03701,nhừng,v03701.mp3,6437
v03702,nhử,v03702.mp3,4620
v03703,nhữ,v03703.mp3,4452
v03704,những,v03704.mp3,16
v03705,nhự,v03705.mp3,6279
v03706,nhựa,v03706.mp3,1642
v03707,nhựt,v03707.mp3,3176
v03708,ni,v03708.mp3,2609
v03709,nia,v03709.mp3,4494
v03710,nim,v03710.mp3,5656
v03711,nin,v03711.mp3,4121
v03712,ninh,v03712.mp3,525
v03713,niu,v03713.mp3,3403
v03714,niêm,v03714.mp3,1447
v03715,niên,v03715.mp3,654
v03716,niêng,v03716.mp3,6435
v03717,niêu,v03717.mp3,4344
v03718,niết,v03718.mp3,5420
v03719,niềm,v03719.mp3,937
v03720,niền,v03720.mp3,5966
v03721,niềng,v03721.mp3,4201
v03722,niễn,v03722.mp3,5938
v03723,niệm,v03723.mp3,900
v03724,niện,v03724.mp3,6988
v03725,niệp,v03725.mp3,6543
v03726,niệu,v03726.mp3,2717
v03727,no,v03727.mp3,2002
v03728,noa,v03728.mp3,6012
v03729,noan,v03729.mp3,6734
v03730,noe,v03730.mp3,5792
v03731,noi,v03731.mp3,2871
v03732,nom,v03732.mp3,3229
v03733,non,v03733.mp3,1280
v03734,nong,v03734.mp3,3331
v03735,noong,v03735.mp3,5672
v03736,noãn,v03736.mp3,4438
v03737,noé,v03737.mp3,5571
v03738,noọc,v03738.mp3,6790
v03739,noọng,v03739.mp3,6985
v03740,nu,v03740.mp3,4063
v03741,nua,v03741.mp3,4057
v03742,nui,v03742.mp3,4928
v03743,num,v03743.mp3,6789
v03744,nun,v03744.mp3,6585
v03745,nung,v03745.mp3,3063
v03746,nuy,v03746.mp3,5896
v03747,nuôi,v03747.mp3,648
v03748,nuôn,v03748.mp3,6982
v03749,nuông,v03749.mp3,4062
v03750,nuốc,v03750.mp3,6160
v03751,nuối,v03751.mp3,2464
v03752,nuốt,v03752.mp3,2457
v03753,nuột,v03753.mp3,4295
v03754,ny,v03754.mp3,3615
v03755,nà,v03755.mp3,2887
v03756,nài,v03756.mp3,3604
v03757,nàn,v03757.mp3,2345
v03758,nàng,v03758.mp3,1414
v03759,nành,v03759.mp3,2341
v03760,nào,v03760.mp3,212
v03761,nàu,v03761.mp3,7114
v03762,này,v03762.mp3,20
v03763,ná,v03763.mp3,3369
v03764,nác,v03764.mp3,5967
v03765,nách,v03765.mp3,3134
v03766,nái,v03766.mp3,3773
v03767,nám,v03767.mp3,2577
v03768,nán,v03768.mp3,3989
v03769,náng,v03769.mp3,5951
v03770,náo,v03770.mp3,2456
v03771,nát,v03771.mp3,1812
v03772,náu,v03772.mp3,3742
v03773,náy,v03773.mp3,3978
v03774,nâm,v03774.mp3,5056
v03775,nân,v03775.mp3,6473
v03776,nâng,v03776.mp3,704
v03777,nâu,v03777.mp3,2364
v03778,nã,v03778.mp3,2009
v03779,nãi,v03779.mp3,6103
v03780,não,v03780.mp3,1185
v03781,nãy,v03781.mp3,4036
v03782,nè,v03782.mp3,4341
v03783,nèn,v03783.mp3,6440
v03784,nèo,v03784.mp3,5118
v03785,né,v03785.mp3,2313
v03786,ném,v03786.mp3,1740
v03787,nén,v03787.mp3,1691
v03788,néo,v03788.mp3,5501
v03789,nép,v03789.mp3,3860
v03790,nét,v03790.mp3,1331
v03791,nê,v03791.mp3,4255
v03792,nêm,v03792.mp3,2517
v03793,nên,v03793.mp3,89
v03794,nênh,v03794.mp3,7113
v03795,nêu,v03795.mp3,921
v03796,nì,v03796.mp3,5897
v03797,nình,v03797.mp3,6097
v03798,ní,v03798.mp3,6436
v03799,ních,v03799.mp3,5002
v03800,nín,v03800.mp3,3361
v03801,nính,v03801.mp3,6587
v03802,níp,v03802.mp3,6542
v03803,nít,v03803.mp3,3882
v03804,níu,v03804.mp3,2797
v03805,nò,v03805.mp3,6858
v03806,nòi,v03806.mp3,3845
v03807,nòng,v03807.mp3,2933
v03808,nó,v03808.mp3,563
v03809,nóc,v03809.mp3,2596
v03810,nói,v03810.mp3,123
v03811,nón,v03811.mp3,2652
v03812,nóng,v03812.mp3,794
v03813,nóp,v03813.mp3,6586
v03814,nót,v03814.mp3,5020
v03815,nô,v03815.mp3,2402
v03816,nôi,v03816.mp3,3247
v03817,nôm,v03817.mp3,3448
v03818,nôn,v03818.mp3,1972
v03819,nông,v03819.mp3,523
v03820,nõ,v03820.mp3,6399
v03821,nõn,v03821.mp3,4675
v03822,nùa,v03822.mp3,6539
v03823,nùi,v03823.mp3,6984
v03824,nùng,v03824.mp3,4189
v03825,nú,v03825.mp3,6221
v03826,núa,v03826.mp3,6918
v03827,núc,v03827.mp3,3929
v03828,núi,v03828.mp3,1027
v03829,núm,v03829.mp3,3783
v03830,núng,v03830.mp3,5019
v03831,núp,v03831.mp3,3317
v03832,nút,v03832.mp3,1838
v03833,năm,v03833.mp3,26
v03834,năn,v03834.mp3,2778
v03835,năng,v03835.mp3,167
v03836,nĩa,v03836.mp3,5357
v03837,nũng,v03837.mp3,4444
v03838,nơ,v03838.mp3,3436
v03839,nơi,v03839.mp3,364
v03840,nơm,v03840.mp3,3821
v03841,nơn,v03841.mp3,5985
v03842,nư,v03842.mp3,6540
v03843,nưa,v03843.mp3,4436
v03844,nưng,v03844.mp3,6334
v03845,nương,v03845.mp3,2182
v03846,nước,v03846.mp3,47
v03847,nướng,v03847.mp3,1704
v03848,nướu,v03848.mp3,4089
v03849,nười,v03849.mp3,6433
v03850,nườm,v03850.mp3,4200
v03851,nường,v03851.mp3,6467
v03852,nượp,v03852.mp3,4209
v03853,nạ,v03853.mp3,2629
v03854,nạc,v03854.mp3,2724
v03855,nại,v03855.mp3,1631
v03856,nạm,v03856.mp3,4588
v03857,nạn,v03857.mp3,357
v03858,nạng,v03858.mp3,4572
v03859,nạnh,v03859.mp3,5049
v03860,nạo,v03860.mp3,2639
v03861,nạp,v03861.mp3,2246
v03862,nạt,v03862.mp3,2954
v03863,nạy,v03863.mp3,5422
v03864,nả,v03864.mp3,5780
v03865,nải,v03865.mp3,3652
v03866,nản,v03866.mp3,2361
v03867,nảo,v03867.mp3,6550
v03868,nảy,v03868.mp3,1743
v03869,nấc,v03869.mp3,3096
v03870,nấm,v03870.mp3,1840
v03871,nấn,v03871.mp3,5265
v03872,nấng,v03872.mp3,3772
v03873,nấp,v03873.mp3,3585
v03874,nấu,v03874.mp3,1231
v03875,nấy,v03875.mp3,2422
v03876,nầm,v03876.mp3,4283
v03877,nần,v03877.mp3,2599
v03878,nầy,v03878.mp3,5028
v03879,nẩu,v03879.mp3,6223
v03880,nẩy,v03880.mp3,4922
v03881,nẫm,v03881.mp3,5614
v03882,nẫn,v03882.mp3,7116
v03883,nẫng,v03883.mp3,5583
v03884,nẫu,v03884.mp3,5234
v03885,nậm,v03885.mp3,3009
v03886,nập,v03886.mp3,2841
v03887,nật,v03887.mp3,6595
v03888,nậu,v03888.mp3,3451
v03889,nậy,v03889.mp3,6339
v03890,nắc,v03890.mp3,5634
v03891,nắm,v03891.mp3,1057
v03892,nắn,v03892.mp3,3204
v03893,nắng,v03893.mp3,1050
v03894,nắp,v03894.mp3,2368
v03895,nằm,v03895.mp3,603
v03896,nằn,v03896.mp3,6282
v03897,nằng,v03897.mp3,4288
v03898,nẳng,v03898.mp3,7115
v03899,nẵng,v03899.mp3,825
v03900,nặc,v03900.mp3,2867
v03901,nặm,v03901.mp3,5175
v03902,nặn,v03902.mp3,3307
v03903,nặng,v03903.mp3,639
v03904,nẹp,v03904.mp3,3985
v03905,nẹt,v03905.mp3,4387
v03906,nẻ,v03906.mp3,3818
v03907,nẻo,v03907.mp3,3433
v03908,nếm,v03908.mp3,2747
v03909,nến,v03909.mp3,2873
v03910,nếnh,v03910.mp3,4188
v03911,nếp,v03911.mp3,1991
v03912,nết,v03912.mp3,3724
v03913,nếu,v03913.mp3,221
v03914,nề,v03914.mp3,1648
v03915,nền,v03915.mp3,791
v03916,nềnh,v03916.mp3,6742
v03917,nể,v03917.mp3,2552
v03918,nệ,v03918.mp3,4502
v03919,nệm,v03919.mp3,3472
v03920,nện,v03920.mp3,5067
v03921,nỉ,v03921.mp3,2972
v03922,nị,v03922.mp3,6189
v03923,nịch,v03923.mp3,4441
v03924,nịnh,v03924.mp3,3825
v03925,nịt,v03925.mp3,4782
v03926,nịu,v03926.mp3,4602
v03927,nọ,v03927.mp3,2416
v03928,nọc,v03928.mp3,3756
v03929,nọi,v03929.mp3,5743
v03930,nọng,v03930.mp3,5117
v03931,nọt,v03931.mp3,5437
v03932,nỏ,v03932.mp3,4672
v03933,nỏng,v03933.mp3,6986
v03934,nốc,v03934.mp3,5335
v03935,nối,v03935.mp3,964
v03936,nống,v03936.mp3,6434
v03937,nốp,v03937.mp3,6541
v03938,nốt,v03938.mp3,2128
v03939,nồi,v03939.mp3,1964
v03940,nồm,v03940.mp3,4361
v03941,nồng,v03941.mp3,1656
v03942,nổ,v03942.mp3,1078
v03943,nổi,v03943.mp3,546
v03944,nỗ,v03944.mp3,1121
v03945,nỗi,v03945.mp3,1107
v03946,nộ,v03946.mp3,2823
v03947,nội,v03947.mp3,130
v03948,nộm,v03948.mp3,3807
v03949,nộn,v03949.mp3,5557
v03950,nộp,v03950.mp3,961
v03951,nột,v03951.mp3,6637
v03952,nớ,v03952.mp3,5633
v03953,nới,v03953.mp3,2376
v03954,nớp,v03954.mp3,3934
v03955,nớt,v03955.mp3,3733
v03956,nờ,v03956.mp3,6987
v03957,nở,v03957.mp3,1590
v03958,nởi,v03958.mp3,6161
v03959,nỡ,v03959.mp3,3408
v03960,nợ,v03960.mp3,723
v03961,nụ,v03961.mp3,1672
v03962,nục,v03962.mp3,4029
v03963,nủ,v03963.mp3,6081
v03964,nủa,v03964.mp3,6510
v03965,nứa,v03965.mp3,3893
v03966,nức,v03966.mp3,2444
v03967,nứt,v03967.mp3,2125
v03968,nừng,v03968.mp3,6983
v03969,nửa,v03969.mp3,1067
v03970,nữ,v03970.mp3,320
v03971,nữa,v03971.mp3,492
v03972,nững,v03972.mp3,6733
v03973,nự,v03973.mp3,6188
v03974,nực,v03974.mp3,3593
v03975,nựng,v03975.mp3,4339
v03976,o,v03976.mp3,1851
v03977,oa,v03977.mp3,5372
v03978,oai,v03978.mp3,2537
v03979,oan,v03979.mp3,1479
v03980,oang,v03980.mp3,4685
v03981,oanh,v03981.mp3,1797
v03982,oe,v03982.mp3,5758
v03983,oi,v03983.mp3,3241
v03984,om,v03984.mp3,3510
v03985,on,v03985.mp3,2740
v03986,ong,v03986.mp3,2010
v03987,oong,v03987.mp3,6276
v03988,oà,v03988.mp3,2926
v03989,oách,v03989.mp3,5174
v03990,oái,v03990.mp3,4084
v03991,oán,v03991.mp3,3113
v03992,oánh,v03992.mp3,4583
v03993,oát,v03993.mp3,5895
v03994,oét,v03994.mp3,6432
v03995,oải,v03995.mp3,3643
v03996,oản,v03996.mp3,6143
v03997,pa,v03997.mp3,2184
v03998,pai,v03998.mp3,5632
v03999,pam,v03999.mp3,5720
v04000,pan,v04000.mp3,3637
v04001,pang,v04001.mp3,5299
v04002,panh,v04002.mp3,4960
v04003,pao,v04003.mp3,4322
v04004,pau,v04004.mp3,6583
v04005,pay,v04005.mp3,4334
v04006,pe,v04006.mp3,5047
v04007,pen,v04007.mp3,4663
v04008,peng,v04008.mp3,4547
v04009,peo,v04009.mp3,6914
v04010,pha,v04010.mp3,1469
v04011,phai,v04011.mp3,2936
v04012,pham,v04012.mp3,1658
v04013,phan,v04013.mp3,864
v04014,phang,v04014.mp3,4767
v04015,phanh,v04015.mp3,2373
v04016,phao,v04016.mp3,2638
v04017,phau,v04017.mp3,5037
v04018,phay,v04018.mp3,4646
v04019,phe,v04019.mp3,2959
v04020,phen,v04020.mp3,3146
v04021,pheng,v04021.mp3,5570
v04022,pheo,v04022.mp3,5671
v04023,phi,v04023.mp3,884
v04024,phia,v04024.mp3,4638
v04025,phim,v04025.mp3,345
v04026,phin,v04026.mp3,3917
v04027,phinh,v04027.mp3,6430
v04028,phiu,v04028.mp3,4906
v04029,phiên,v04029.mp3,748
v04030,phiêng,v04030.mp3,5001
v04031,phiêu,v04031.mp3,2621
v04032,phiếm,v04032.mp3,4105
v04033,phiến,v04033.mp3,2730
v04034,phiếp,v04034.mp3,7099
v04035,phiếu,v04035.mp3,899
v04036,phiền,v04036.mp3,1943
v04037,phiềng,v04037.mp3,6979
v04038,phiểu,v04038.mp3,6182
v04039,phiện,v04039.mp3,3583
v04040,phiệt,v04040.mp3,4023
v04041,pho,v04041.mp3,2911
v04042,phoanh,v04042.mp3,6728
v04043,phoi,v04043.mp3,6010
v04044,phom,v04044.mp3,3957
v04045,phon,v04045.mp3,6181
v04046,phong,v04046.mp3,538
v04047,phoong,v04047.mp3,6727
v04048,phoóc,v04048.mp3,6506
v04049,phu,v04049.mp3,1727
v04050,phui,v04050.mp3,3720
v04051,phum,v04051.mp3,5894
v04052,phun,v04052.mp3,2016
v04053,phung,v04053.mp3,3362
v04054,phuy,v04054.mp3,4043
v04055,phuông,v04055.mp3,6219
v04056,phuộc,v04056.mp3,6505
v04057,phà,v04057.mp3,2743
v04058,phài,v04058.mp3,6121
v04059,phàm,v04059.mp3,3982
v04060,phàn,v04060.mp3,2582
v04061,phàng,v04061.mp3,3966
v04062,phành,v04062.mp3,6636
v04063,phào,v04063.mp3,3600
v04064,phá,v04064.mp3,711
v04065,phác,v04065.mp3,2601
v04066,phách,v04066.mp3,2924
v04067,phái,v04067.mp3,1818
v04068,phám,v04068.mp3,5984
v04069,phán,v04069.mp3,1303
v04070,pháo,v04070.mp3,1651
v04071,pháp,v04071.mp3,197
v04072,phát,v04072.mp3,88
v04073,phâm,v04073.mp3,7101
v04074,phân,v04074.mp3,478
v04075,phâng,v04075.mp3,6580
v04076,phâu,v04076.mp3,6673
v04077,phây,v04077.mp3,4658
v04078,phè,v04078.mp3,6397
v04079,phèn,v04079.mp3,3569
v04080,phèng,v04080.mp3,6246
v04081,phèo,v04081.mp3,4106
v04082,phéc,v04082.mp3,6184
v04083,phéng,v04083.mp3,5709
v04084,phéo,v04084.mp3,7100
v04085,phép,v04085.mp3,574
v04086,phét,v04086.mp3,5590
v04087,phê,v04087.mp3,781
v04088,phên,v04088.mp3,4619
v04089,phì,v04089.mp3,2193
v04090,phìn,v04090.mp3,3679
v04091,phình,v04091.mp3,2996
v04092,phí,v04092.mp3,384
v04093,phía,v04093.mp3,520
v04094,phích,v04094.mp3,4136
v04095,phím,v04095.mp3,3462
v04096,phính,v04096.mp3,5949
v04097,phò,v04097.mp3,4562
v04098,phòng,v04098.mp3,169
v04099,phó,v04099.mp3,375
v04100,phóc,v04100.mp3,5918
v04101,phóng,v04101.mp3,835
v04102,phóp,v04102.mp3,6726
v04103,phô,v04103.mp3,2575
v04104,phôi,v04104.mp3,2603
v04105,phôm,v04105.mp3,6635
v04106,phôn,v04106.mp3,5282
v04107,phông,v04107.mp3,3181
v04108,phù,v04108.mp3,692
v04109,phùa,v04109.mp3,6978
v04110,phùn,v04110.mp3,3965
v04111,phùng,v04111.mp3,1757
v04112,phú,v04112.mp3,540
v04113,phúc,v04113.mp3,573
v04114,phún,v04114.mp3,6724
v04115,phúng,v04115.mp3,4417
v04116,phút,v04116.mp3,796
v04117,phăm,v04117.mp3,5757
v04118,phăn,v04118.mp3,4582
v04119,phăng,v04119.mp3,3656
v04120,phũ,v04120.mp3,3986
v04121,phơ,v04121.mp3,4873
v04122,phơi,v04122.mp3,2109
v04123,phơn,v04123.mp3,5046
v04124,phư,v04124.mp3,6725
v04125,phưng,v04125.mp3,6220
v04126,phươn,v04126.mp3,7097
v04127,phương,v04127.mp3,168
v04128,phước,v04128.mp3,1047
v04129,phướn,v04129.mp3,5669
v04130,phướng,v04130.mp3,5281
v04131,phường,v04131.mp3,653
v04132,phưởng,v04132.mp3,6218
v04133,phưỡng,v04133.mp3,6913
v04134,phượng,v04134.mp3,1612
v04135,phượt,v04135.mp3,2879
v04136,phạ,v04136.mp3,4944
v04137,phạc,v04137.mp3,4894
v04138,phạch,v04138.mp3,6358
v04139,phạm,v04139.mp3,206
v04140,phạn,v04140.mp3,5512
v04141,phạt,v04141.mp3,725
v04142,phả,v04142.mp3,2725
v04143,phải,v04143.mp3,48
v04144,phảm,v04144.mp3,5937
v04145,phản,v04145.mp3,671
v04146,phảng,v04146.mp3,4315
v04147,phảo,v04147.mp3,6786
v04148,phấm,v04148.mp3,6431
v04149,phấn,v04149.mp3,1318
v04150,phấp,v04150.mp3,4898
v04151,phất,v04151.mp3,3399
v04152,phầm,v04152.mp3,4634
v04153,phần,v04153.mp3,213
v04154,phẩm,v04154.mp3,255
v04155,phẩn,v04155.mp3,4694
v04156,phẩu,v04156.mp3,5338
v04157,phẩy,v04157.mp3,4486
v04158,phẫn,v04158.mp3,2883
v04159,phẫu,v04159.mp3,1059
v04160,phậm,v04160.mp3,6537
v04161,phận,v04161.mp3,1062
v04162,phập,v04162.mp3,4413
v04163,phật,v04163.mp3,1749
v04164,phắc,v04164.mp3,5414
v04165,phắt,v04165.mp3,4932
v04166,phẳng,v04166.mp3,2533
v04167,phặng,v04167.mp3,6853
v04168,phế,v04168.mp3,2027
v04169,phếch,v04169.mp3,6729
v04170,phến,v04170.mp3,6183
v04171,phết,v04171.mp3,3580
v04172,phềnh,v04172.mp3,6011
v04173,phệ,v04173.mp3,5363
v04174,phỉ,v04174.mp3,4467
v04175,phỉnh,v04175.mp3,5413
v04176,phịch,v04176.mp3,5756
v04177,phịu,v04177.mp3,5670
v04178,phọ,v04178.mp3,7098
v04179,phọt,v04179.mp3,5642
v04180,phỏm,v04180.mp3,6245
v04181,phỏng,v04181.mp3,1527
v04182,phố,v04182.mp3,302
v04183,phốc,v04183.mp3,6158
v04184,phối,v04184.mp3,626
v04185,phốp,v04185.mp3,6309
v04186,phốt,v04186.mp3,3808
v04187,phồ,v04187.mp3,6852
v04188,phồn,v04188.mp3,3412
v04189,phồng,v04189.mp3,2842
v04190,phổ,v04190.mp3,930
v04191,phổi,v04191.mp3,1634
v04192,phổng,v04192.mp3,5065
v04193,phỗng,v04193.mp3,6851
v04194,phộc,v04194.mp3,6466
v04195,phộng,v04195.mp3,3493
v04196,phớ,v04196.mp3,4465
v04197,phới,v04197.mp3,4615
v04198,phớt,v04198.mp3,3268
v04199,phờ,v04199.mp3,4157
v04200,phời,v04200.mp3,6332
v04201,phở,v04201.mp3,2065
v04202,phụ,v04202.mp3,331
v04203,phục,v04203.mp3,377
v04204,phụng,v04204.mp3,1971
v04205,phụt,v04205.mp3,5172
v04206,phủ,v04206.mp3,444
v04207,phủi,v04207.mp3,4542
v04208,phức,v04208.mp3,1274
v04209,phừng,v04209.mp3,5243
v04210,phử,v04210.mp3,5000
v04211,phực,v04211.mp3,6396
v04212,pi,v04212.mp3,4421
v04213,pia,v04213.mp3,3495
v04214,pim,v04214.mp3,6180
v04215,pin,v04215.mp3,2413
v04216,piu,v04216.mp3,6977
v04217,piên,v04217.mp3,7096
v04218,piêng,v04218.mp3,6634
v04219,piêu,v04219.mp3,4827
v04220,piềng,v04220.mp3,6672
v04221,po,v04221.mp3,4307
v04222,poan,v04222.mp3,6976
v04223,poe,v04223.mp3,5719
v04224,pom,v04224.mp3,6022
v04225,pon,v04225.mp3,6040
v04226,pong,v04226.mp3,5948
v04227,poọc,v04227.mp3,6850
v04228,poọng,v04228.mp3,6157
v04229,pu,v04229.mp3,2876
v04230,pua,v04230.mp3,5858
v04231,pui,v04231.mp3,5814
v04232,pun,v04232.mp3,6307
v04233,pung,v04233.mp3,6785
v04234,py,v04234.mp3,5667
v04235,pà,v04235.mp3,4422
v04236,pài,v04236.mp3,6508
v04237,pàn,v04237.mp3,6917
v04238,pàng,v04238.mp3,6916
v04239,pành,v04239.mp3,6915
v04240,pá,v04240.mp3,4695
v04241,pác,v04241.mp3,4895
v04242,pách,v04242.mp3,6122
v04243,pán,v04243.mp3,5651
v04244,páo,v04244.mp3,4844
v04245,páp,v04245.mp3,6096
v04246,pát,v04246.mp3,6787
v04247,pây,v04247.mp3,7102
v04248,pè,v04248.mp3,6507
v04249,pèng,v04249.mp3,6247
v04250,pé,v04250.mp3,6854
v04251,pém,v04251.mp3,6333
v04252,péo,v04252.mp3,6273
v04253,pét,v04253.mp3,6582
v04254,pê,v04254.mp3,4899
v04255,pênh,v04255.mp3,5598
v04256,pì,v04256.mp3,5589
v04257,pí,v04257.mp3,5490
v04258,pía,v04258.mp3,6061
v04259,pín,v04259.mp3,5776
v04260,pít,v04260.mp3,6723
v04261,pò,v04261.mp3,5162
v04262,pó,v04262.mp3,4836
v04263,pô,v04263.mp3,3614
v04264,pôn,v04264.mp3,3864
v04265,pông,v04265.mp3,5655
v04266,pù,v04266.mp3,4026
v04267,pùa,v04267.mp3,6912
v04268,pú,v04268.mp3,5668
v04269,púa,v04269.mp3,6579
v04270,púng,v04270.mp3,5718
v04271,pút,v04271.mp3,6578
v04272,păm,v04272.mp3,6980
v04273,păn,v04273.mp3,6856
v04274,păng,v04274.mp3,5283
v04275,pơ,v04275.mp3,3923
v04276,pư,v04276.mp3,6330
v04277,pưn,v04277.mp3,6911
v04278,pạ,v04278.mp3,6275
v04279,pạc,v04279.mp3,6186
v04280,pả,v04280.mp3,5387
v04281,pản,v04281.mp3,6730
v04282,pấc,v04282.mp3,6584
v04283,pầng,v04283.mp3,6855
v04284,pẩu,v04284.mp3,5623
v04285,pắc,v04285.mp3,5038
v04286,pằn,v04286.mp3,6731
v04287,pết,v04287.mp3,6185
v04288,pếu,v04288.mp3,6581
v04289,pềnh,v04289.mp3,6274
v04290,pỉnh,v04290.mp3,6244
v04291,pịa,v04291.mp3,6331
v04292,pọng,v04292.mp3,7095
v04293,pố,v04293.mp3,5936
v04294,pốc,v04294.mp3,6308
v04295,pốt,v04295.mp3,6009
v04296,pồ,v04296.mp3,5394
v04297,pồn,v04297.mp3,5842
v04298,pớ,v04298.mp3,6722
v04299,pớn,v04299.mp3,6465
v04300,pờ,v04300.mp3,5581
v04301,pủa,v04301.mp3,5114
v04302,pứa,v04302.mp3,6329
v04303,qua,v04303.mp3,98
v04304,quai,v04304.mp3,3188
v04305,quan,v04305.mp3,55
v04306,quang,v04306.mp3,566
v04307,quanh,v04307.mp3,806
v04308,quao,v04308.mp3,5097
v04309,quay,v04309.mp3,769
v04310,que,v04310.mp3,2798
v04311,quen,v04311.mp3,785
v04312,queo,v04312.mp3,4812
v04313,qui,v04313.mp3,2136
v04314,quin,v04314.mp3,7094
v04315,quo,v04315.mp3,7093
v04316,quy,v04316.mp3,188
v04317,quyn,v04317.mp3,6849
v04318,quyên,v04318.mp3,1764
v04319,quyến,v04319.mp3,1852
v04320,quyết,v04320.mp3,205
v04321,quyền,v04321.mp3,336
v04322,quyển,v04322.mp3,2295
v04323,quyện,v04323.mp3,2979
v04324,quyệt,v04324.mp3,4243
v04325,quà,v04325.mp3,1048
v04326,quài,v04326.mp3,6328
v04327,quàn,v04327.mp3,5123
v04328,quàng,v04328.mp3,3316
v04329,quào,v04329.mp3,6910
v04330,quày,v04330.mp3,6721
v04331,quá,v04331.mp3,230
v04332,quác,v04332.mp3,6975
v04333,quách,v04333.mp3,2435
v04334,quái,v04334.mp3,2094
v04335,quán,v04335.mp3,650
v04336,quáng,v04336.mp3,3651
v04337,quánh,v04337.mp3,4253
v04338,quát,v04338.mp3,2150
v04339,quân,v04339.mp3,460
v04340,quây,v04340.mp3,2825
v04341,quãng,v04341.mp3,2024
v04342,què,v04342.mp3,5060
v04343,quèn,v04343.mp3,5012
v04344,quèo,v04344.mp3,6429
v04345,quéo,v04345.mp3,6633
v04346,quét,v04346.mp3,2039
v04347,quê,v04347.mp3,756
v04348,quên,v04348.mp3,1229
v04349,quì,v04349.mp3,6079
v04350,quí,v04350.mp3,3076
v04351,quít,v04351.mp3,5078
v04352,quóc,v04352.mp3,6631
v04353,quý,v04353.mp3,709
v04354,quýt,v04354.mp3,2734
v04355,quăn,v04355.mp3,5775
v04356,quăng,v04356.mp3,2886
v04357,quĩ,v04357.mp3,5214
v04358,quơ,v04358.mp3,4459
v04359,quơn,v04359.mp3,5511
v04360,quạ,v04360.mp3,4528
v04361,quạch,v04361.mp3,5641
v04362,quại,v04362.mp3,4328
v04363,quạng,v04363.mp3,5717
v04364,quạnh,v04364.mp3,4432
v04365,quạt,v04365.mp3,2404
v04366,quạu,v04366.mp3,6464
v04367,quả,v04367.mp3,226
v04368,quản,v04368.mp3,338
v04369,quảng,v04369.mp3,464
v04370,quảy,v04370.mp3,5947
v04371,quấc,v04371.mp3,6974
v04372,quấn,v04372.mp3,2642
v04373,quất,v04373.mp3,2334
v04374,quấy,v04374.mp3,2518
v04375,quần,v04375.mp3,882
v04376,quầng,v04376.mp3,3949
v04377,quầy,v04377.mp3,2148
v04378,quẩn,v04378.mp3,2849
v04379,quẩy,v04379.mp3,4208
v04380,quẫn,v04380.mp3,3588
v04381,quẫy,v04381.mp3,4890
v04382,quận,v04382.mp3,447
v04383,quật,v04383.mp3,2480
v04384,quậy,v04384.mp3,3018
v04385,quắc,v04385.mp3,5597
v04386,quắm,v04386.mp3,4905
v04387,quắn,v04387.mp3,5983
v04388,quắp,v04388.mp3,4395
v04389,quắt,v04389.mp3,4314
v04390,quằn,v04390.mp3,4235
v04391,quẳng,v04391.mp3,4760
v04392,quặc,v04392.mp3,3928
v04393,quặm,v04393.mp3,6536
v04394,quặn,v04394.mp3,3988
v04395,quặng,v04395.mp3,3251
v04396,quặp,v04396.mp3,5857
v04397,quặt,v04397.mp3,4951
v04398,quẹo,v04398.mp3,4222
v04399,quẹt,v04399.mp3,3061
v04400,quẻ,v04400.mp3,5208
v04401,quẽ,v04401.mp3,6179
v04402,quế,v04402.mp3,1849
v04403,quết,v04403.mp3,4897
v04404,quềnh,v04404.mp3,4558
v04405,quệ,v04405.mp3,3750
v04406,quện,v04406.mp3,5829
v04407,quệt,v04407.mp3,3747
v04408,quị,v04408.mp3,5148
v04409,quịt,v04409.mp3,6632
v04410,quố,v04410.mp3,7092
v04411,quốc,v04411.mp3,73
v04412,quộc,v04412.mp3,6909
v04413,quớ,v04413.mp3,6272
v04414,quới,v04414.mp3,3675
v04415,quớt,v04415.mp3,6908
v04416,quờ,v04416.mp3,5687
v04417,quở,v04417.mp3,5386
v04418,quỳ,v04418.mp3,2365
v04419,quỵ,v04419.mp3,2311
v04420,quỵt,v04420.mp3,4156
v04421,quỷ,v04421.mp3,2789
v04422,quỹ,v04422.mp3,1008
v04423,qùa,v04423.mp3,6395
v04424,qúa,v04424.mp3,4745
v04425,qúi,v04425.mp3,6039
v04426,qủa,v04426.mp3,4862
v04427,ra,v04427.mp3,25
v04428,rai,v04428.mp3,3094
v04429,ram,v04429.mp3,4348
v04430,ran,v04430.mp3,3732
v04431,rang,v04431.mp3,2463
v04432,ranh,v04432.mp3,1924
v04433,rao,v04433.mp3,2235
v04434,rau,v04434.mp3,869
v04435,ray,v04435.mp3,2782
v04436,re,v04436.mp3,3754
v04437,rem,v04437.mp3,5256
v04438,ren,v04438.mp3,3115
v04439,reng,v04439.mp3,6971
v04440,reo,v04440.mp3,3125
v04441,ri,v04441.mp3,3049
v04442,ria,v04442.mp3,4383
v04443,rim,v04443.mp3,4347
v04444,rin,v04444.mp3,4753
v04445,rinh,v04445.mp3,3767
v04446,riu,v04446.mp3,4435
v04447,riêng,v04447.mp3,513
v04448,riêu,v04448.mp3,3713
v04449,riết,v04449.mp3,3069
v04450,riếu,v04450.mp3,5510
v04451,riềng,v04451.mp3,3824
v04452,riều,v04452.mp3,6784
v04453,riệc,v04453.mp3,6970
v04454,riệp,v04454.mp3,6120
v04455,riệt,v04455.mp3,6720
v04456,riệu,v04456.mp3,5893
v04457,ro,v04457.mp3,1441
v04458,roa,v04458.mp3,5221
v04459,roe,v04459.mp3,4959
v04460,roi,v04460.mp3,2714
v04461,rom,v04461.mp3,5509
v04462,ron,v04462.mp3,3013
v04463,rong,v04463.mp3,2202
v04464,roong,v04464.mp3,6119
v04465,roàng,v04465.mp3,6907
v04466,roát,v04466.mp3,6629
v04467,roãn,v04467.mp3,7088
v04468,roòng,v04468.mp3,6906
v04469,roóng,v04469.mp3,6845
v04470,roẹt,v04470.mp3,6719
v04471,ru,v04471.mp3,2958
v04472,rua,v04472.mp3,4527
v04473,rui,v04473.mp3,5568
v04474,rum,v04474.mp3,4993
v04475,run,v04475.mp3,2407
v04476,rung,v04476.mp3,2321
v04477,ruy,v04477.mp3,5206
v04478,ruệ,v04478.mp3,5700
v04479,ruốc,v04479.mp3,3217
v04480,ruồi,v04480.mp3,2673
v04481,ruồng,v04481.mp3,4605
v04482,ruổi,v04482.mp3,3632
v04483,ruộc,v04483.mp3,6718
v04484,ruộm,v04484.mp3,4936
v04485,ruộng,v04485.mp3,1754
v04486,ruột,v04486.mp3,1237
v04487,ry,v04487.mp3,5045
v04488,rà,v04488.mp3,1359
v04489,rài,v04489.mp3,6095
v04490,ràm,v04490.mp3,5569
v04491,ràn,v04491.mp3,5935
v04492,ràng,v04492.mp3,1127
v04493,rành,v04493.mp3,3137
v04494,rào,v04494.mp3,1319
v04495,rày,v04495.mp3,5470
v04496,rá,v04496.mp3,4999
v04497,rác,v04497.mp3,1215
v04498,rách,v04498.mp3,2369
v04499,rái,v04499.mp3,5011
v04500,rám,v04500.mp3,4684
v04501,rán,v04501.mp3,2685
v04502,ráng,v04502.mp3,3170
v04503,ráo,v04503.mp3,2279
v04504,ráp,v04504.mp3,2339
v04505,rát,v04505.mp3,2930
v04506,ráy,v04506.mp3,4160
v04507,râm,v04507.mp3,3293
v04508,rân,v04508.mp3,6357
v04509,râu,v04509.mp3,2440
v04510,rây,v04510.mp3,4927
v04511,rã,v04511.mp3,2576
v04512,rãi,v04512.mp3,1821
v04513,rãnh,v04513.mp3,2980
v04514,rè,v04514.mp3,3575
v04515,rèm,v04515.mp3,3653
v04516,rèn,v04516.mp3,1721
v04517,ré,v04517.mp3,4978
v04518,rén,v04518.mp3,4868
v04519,réo,v04519.mp3,4601
v04520,rép,v04520.mp3,7089
v04521,rét,v04521.mp3,1765
v04522,rê,v04522.mp3,3197
v04523,rêm,v04523.mp3,6972
v04524,rên,v04524.mp3,4175
v04525,rêu,v04525.mp3,3122
v04526,rì,v04526.mp3,4282
v04527,rìa,v04527.mp3,3779
v04528,rình,v04528.mp3,3184
v04529,rìu,v04529.mp3,4178
v04530,rí,v04530.mp3,4738
v04531,rích,v04531.mp3,4678
v04532,rít,v04532.mp3,3602
v04533,ríu,v04533.mp3,4489
v04534,rò,v04534.mp3,2840
v04535,ròi,v04535.mp3,4271
v04536,ròm,v04536.mp3,6156
v04537,ròn,v04537.mp3,5666
v04538,ròng,v04538.mp3,2460
v04539,ró,v04539.mp3,5547
v04540,róc,v04540.mp3,4908
v04541,rói,v04541.mp3,4144
v04542,róm,v04542.mp3,6846
v04543,rón,v04543.mp3,4889
v04544,rót,v04544.mp3,2744
v04545,rô,v04545.mp3,2947
v04546,rôi,v04546.mp3,6037
v04547,rôm,v04547.mp3,3608
v04548,rôn,v04548.mp3,3301
v04549,rông,v04549.mp3,3484
v04550,rõ,v04550.mp3,395
v04551,rù,v04551.mp3,5345
v04552,rùa,v04552.mp3,2283
v04553,rùi,v04553.mp3,5476
v04554,rùm,v04554.mp3,5124
v04555,rùng,v04555.mp3,3143
v04556,rú,v04556.mp3,3759
v04557,rúc,v04557.mp3,4950
v04558,rúi,v04558.mp3,6008
v04559,rúm,v04559.mp3,4556
v04560,rún,v04560.mp3,6844
v04561,rúng,v04561.mp3,3358
v04562,rúp,v04562.mp3,3967
v04563,rút,v04563.mp3,865
v04564,răm,v04564.mp3,3642
v04565,răn,v04565.mp3,2458
v04566,răng,v04566.mp3,1413
v04567,rĩ,v04567.mp3,4591
v04568,rũ,v04568.mp3,1887
v04569,rũa,v04569.mp3,6118
v04570,rơ,v04570.mp3,3128
v04571,rơi,v04571.mp3,1024
v04572,rơm,v04572.mp3,2704
v04573,rơn,v04573.mp3,5742
v04574,rưng,v04574.mp3,2844
v04575,rươi,v04575.mp3,4088
v04576,rươm,v04576.mp3,6969
v04577,rương,v04577.mp3,5270
v04578,rước,v04578.mp3,2351
v04579,rưới,v04579.mp3,4196
v04580,rướm,v04580.mp3,5498
v04581,rướn,v04581.mp3,5122
v04582,rười,v04582.mp3,5328
v04583,rườm,v04583.mp3,3401
v04584,rường,v04584.mp3,4691
v04585,rưởi,v04585.mp3,4943
v04586,rưỡi,v04586.mp3,2691
v04587,rược,v04587.mp3,7085
v04588,rượi,v04588.mp3,4075
v04589,rượt,v04589.mp3,2992
v04590,rượu,v04590.mp3,1060
v04591,rạ,v04591.mp3,3842
v04592,rạc,v04592.mp3,3974
v04593,rạch,v04593.mp3,1944
v04594,rạm,v04594.mp3,5631
v04595,rạn,v04595.mp3,2620
v04596,rạng,v04596.mp3,1644
v04597,rạnh,v04597.mp3,6038
v04598,rạo,v04598.mp3,4781
v04599,rạp,v04599.mp3,1756
v04600,rạt,v04600.mp3,6242
v04601,rả,v04601.mp3,3746
v04602,rải,v04602.mp3,1966
v04603,rảng,v04603.mp3,5828
v04604,rảnh,v04604.mp3,2495
v04605,rảo,v04605.mp3,4203
v04606,rấm,v04606.mp3,5812
v04607,rấn,v04607.mp3,6973
v04608,rất,v04608.mp3,95
v04609,rấy,v04609.mp3,6848
v04610,rầm,v04610.mp3,2692
v04611,rần,v04611.mp3,4213
v04612,rầng,v04612.mp3,6630
v04613,rầu,v04613.mp3,3216
v04614,rầy,v04614.mp3,3981
v04615,rẩy,v04615.mp3,3706
v04616,rẫy,v04616.mp3,1826
v04617,rậm,v04617.mp3,3284
v04618,rận,v04618.mp3,4909
v04619,rập,v04619.mp3,2653
v04620,rật,v04620.mp3,7091
v04621,rắc,v04621.mp3,2115
v04622,rắm,v04622.mp3,4530
v04623,rắn,v04623.mp3,1946
v04624,rắp,v04624.mp3,4576
v04625,rắt,v04625.mp3,4850
v04626,rằm,v04626.mp3,3001
v04627,rằn,v04627.mp3,4739
v04628,rằng,v04628.mp3,223
v04629,rẳng,v04629.mp3,6535
v04630,rặn,v04630.mp3,4683
v04631,rặng,v04631.mp3,4242
v04632,rặt,v04632.mp3,5367
v04633,rẹc,v04633.mp3,7090
v04634,rẹt,v04634.mp3,6078
v04635,rẻ,v04635.mp3,1312
v04636,rẻo,v04636.mp3,5222
v04637,rẽ,v04637.mp3,2158
v04638,rế,v04638.mp3,5797
v04639,rến,v04639.mp3,6847
v04640,rết,v04640.mp3,3890
v04641,rếu,v04641.mp3,5588
v04642,rề,v04642.mp3,5319
v04643,rền,v04643.mp3,4876
v04644,rều,v04644.mp3,5841
v04645,rể,v04645.mp3,1936
v04646,rễ,v04646.mp3,2481
v04647,rệp,v04647.mp3,5362
v04648,rệt,v04648.mp3,2426
v04649,rệu,v04649.mp3,5010
v04650,rỉ,v04650.mp3,2427
v04651,rỉa,v04651.mp3,5917
v04652,rỉnh,v04652.mp3,4651
v04653,rịa,v04653.mp3,2049
v04654,rịch,v04654.mp3,3916
v04655,rịn,v04655.mp3,4893
v04656,rịp,v04656.mp3,6504
v04657,rịt,v04657.mp3,5755
v04658,rọ,v04658.mp3,4504
v04659,rọc,v04659.mp3,4775
v04660,rọi,v04660.mp3,3937
v04661,rọt,v04661.mp3,4822
v04662,rỏ,v04662.mp3,5892
v04663,rỏi,v04663.mp3,4621
v04664,rốc,v04664.mp3,5198
v04665,rối,v04665.mp3,1184
v04666,rốn,v04666.mp3,2984
v04667,rống,v04667.mp3,5546
v04668,rốp,v04668.mp3,6462
v04669,rốt,v04669.mp3,2420
v04670,rồ,v04670.mp3,3035
v04671,rồi,v04671.mp3,301
v04672,rồng,v04672.mp3,1999
v04673,rổ,v04673.mp3,2755
v04674,rổi,v04674.mp3,6463
v04675,rổn,v04675.mp3,5891
v04676,rỗ,v04676.mp3,4212
v04677,rỗi,v04677.mp3,2703
v04678,rỗng,v04678.mp3,2963
v04679,rộ,v04679.mp3,2312
v04680,rộc,v04680.mp3,4671
v04681,rộm,v04681.mp3,5612
v04682,rộn,v04682.mp3,1805
v04683,rộng,v04683.mp3,621
v04684,rộp,v04684.mp3,3990
v04685,rột,v04685.mp3,6628
v04686,rớ,v04686.mp3,4539
v04687,rớm,v04687.mp3,3856
v04688,rớt,v04688.mp3,2352
v04689,rờ,v04689.mp3,5298
v04690,rời,v04690.mp3,1251
v04691,rờn,v04691.mp3,5059
v04692,rởm,v04692.mp3,4199
v04693,rỡ,v04693.mp3,1948
v04694,rỡn,v04694.mp3,7087
v04695,rợ,v04695.mp3,4019
v04696,rợn,v04696.mp3,3265
v04697,rợp,v04697.mp3,4099
v04698,rụa,v04698.mp3,6428
v04699,rục,v04699.mp3,3778
v04700,rụi,v04700.mp3,2509
v04701,rụm,v04701.mp3,4843
v04702,rụng,v04702.mp3,2344
v04703,rụp,v04703.mp3,5934
v04704,rụt,v04704.mp3,3578
v04705,rủ,v04705.mp3,1831
v04706,rủa,v04706.mp3,3806
v04707,rủi,v04707.mp3,1445
v04708,rủn,v04708.mp3,4831
v04709,rủng,v04709.mp3,4631
v04710,rứ,v04710.mp3,6671
v04711,rứa,v04711.mp3,3710
v04712,rức,v04712.mp3,5207
v04713,rứt,v04713.mp3,3863
v04714,rừng,v04714.mp3,972
v04715,rửa,v04715.mp3,1348
v04716,rửng,v04716.mp3,6393
v04717,rữa,v04717.mp3,4554
v04718,rự,v04718.mp3,7086
v04719,rựa,v04719.mp3,3878
v04720,rực,v04720.mp3,2076
v04721,rỳ,v04721.mp3,7084
v04722,rỹ,v04722.mp3,6968
v04723,sa,v04723.mp3,990
v04724,sai,v04724.mp3,713
v04725,sam,v04725.mp3,2550
v04726,san,v04726.mp3,1786
v04727,sang,v04727.mp3,467
v04728,sanh,v04728.mp3,2802
v04729,sao,v04729.mp3,399
v04730,sau,v04730.mp3,65
v04731,say,v04731.mp3,1510
v04732,se,v04732.mp3,2877
v04733,sem,v04733.mp3,6306
v04734,sen,v04734.mp3,1726
v04735,seng,v04735.mp3,4630
v04736,seo,v04736.mp3,3406
v04737,si,v04737.mp3,2829
v04738,sia,v04738.mp3,4883
v04739,sim,v04739.mp3,2527
v04740,sin,v04740.mp3,3776
v04741,sinh,v04741.mp3,63
v04742,siu,v04742.mp3,3306
v04743,siêm,v04743.mp3,5855
v04744,siên,v04744.mp3,5854
v04745,siêng,v04745.mp3,3874
v04746,siêu,v04746.mp3,819
v04747,siết,v04747.mp3,2387
v04748,so,v04748.mp3,466
v04749,soa,v04749.mp3,4496
v04750,soan,v04750.mp3,5840
v04751,soi,v04751.mp3,1883
v04752,som,v04752.mp3,4599
v04753,son,v04753.mp3,1798
v04754,song,v04754.mp3,828
v04755,soong,v04755.mp3,6576
v04756,soài,v04756.mp3,4174
v04757,soàn,v04757.mp3,6967
v04758,soái,v04758.mp3,3694
v04759,soán,v04759.mp3,4440
v04760,soát,v04760.mp3,770
v04761,soóc,v04761.mp3,4858
v04762,soạn,v04762.mp3,1742
v04763,soạng,v04763.mp3,4826
v04764,soạt,v04764.mp3,5890
v04765,soản,v04765.mp3,5361
v04766,soọc,v04766.mp3,6534
v04767,soọng,v04767.mp3,6217
v04768,su,v04768.mp3,1562
v04769,sua,v04769.mp3,4391
v04770,sui,v04770.mp3,4904
v04771,sum,v04771.mp3,2812
v04772,sun,v04772.mp3,2459
v04773,sung,v04773.mp3,908
v04774,suy,v04774.mp3,838
v04775,suyển,v04775.mp3,6216
v04776,suyễn,v04776.mp3,3413
v04777,suê,v04777.mp3,5449
v04778,suôn,v04778.mp3,2991
v04779,suông,v04779.mp3,3636
v04780,suý,v04780.mp3,4641
v04781,suýt,v04781.mp3,2774
v04782,suất,v04782.mp3,717
v04783,suối,v04783.mp3,1700
v04784,suốt,v04784.mp3,859
v04785,suồng,v04785.mp3,5436
v04786,sy,v04786.mp3,4087
v04787,sà,v04787.mp3,2801
v04788,sài,v04788.mp3,893
v04789,sàm,v04789.mp3,3610
v04790,sàn,v04790.mp3,1275
v04791,sàng,v04791.mp3,1100
v04792,sành,v04792.mp3,2336
v04793,sào,v04793.mp3,2645
v04794,sá,v04794.mp3,3163
v04795,sác,v04795.mp3,4730
v04796,sách,v04796.mp3,343
v04797,sái,v04797.mp3,4772
v04798,sám,v04798.mp3,4244
v04799,sán,v04799.mp3,3153
v04800,sáng,v04800.mp3,261
v04801,sánh,v04801.mp3,1663
v04802,sáo,v04802.mp3,3060
v04803,sáp,v04803.mp3,2163
v04804,sát,v04804.mp3,278
v04805,sáu,v04805.mp3,1555
v04806,sáy,v04806.mp3,6843
v04807,sâm,v04807.mp3,1836
v04808,sân,v04808.mp3,614
v04809,sâng,v04809.mp3,6905
v04810,sâu,v04810.mp3,718
v04811,sây,v04811.mp3,5104
v04812,sã,v04812.mp3,5371
v04813,sãi,v04813.mp3,5135
v04814,são,v04814.mp3,6717
v04815,sè,v04815.mp3,6627
v04816,sèo,v04816.mp3,5605
v04817,séc,v04817.mp3,2614
v04818,sém,v04818.mp3,4729
v04819,séng,v04819.mp3,6716
v04820,sét,v04820.mp3,2510
v04821,sê,v04821.mp3,2892
v04822,sên,v04822.mp3,4132
v04823,sênh,v04823.mp3,6392
v04824,sì,v04824.mp3,4794
v04825,sìn,v04825.mp3,4388
v04826,sình,v04826.mp3,4064
v04827,sí,v04827.mp3,7080
v04828,sím,v04828.mp3,6577
v04829,sín,v04829.mp3,5044
v04830,sính,v04830.mp3,3903
v04831,síp,v04831.mp3,5036
v04832,sít,v04832.mp3,5289
v04833,síu,v04833.mp3,6669
v04834,sò,v04834.mp3,3057
v04835,sòm,v04835.mp3,5566
v04836,sòn,v04836.mp3,5686
v04837,sòng,v04837.mp3,2806
v04838,só,v04838.mp3,5630
v04839,sóc,v04839.mp3,805
v04840,sói,v04840.mp3,3300
v04841,són,v04841.mp3,4955
v04842,sóng,v04842.mp3,994
v04843,sót,v04843.mp3,1525
v04844,sô,v04844.mp3,2728
v04845,sôi,v04845.mp3,1456
v04846,sôn,v04846.mp3,6783
v04847,sông,v04847.mp3,731
v04848,sõi,v04848.mp3,4921
v04849,sõng,v04849.mp3,4867
v04850,sù,v04850.mp3,5469
v04851,sùi,v04851.mp3,3180
v04852,sùm,v04852.mp3,5962
v04853,sùng,v04853.mp3,3067
v04854,sú,v04854.mp3,3544
v04855,súa,v04855.mp3,5303
v04856,súc,v04856.mp3,2189
v04857,súi,v04857.mp3,6533
v04858,sún,v04858.mp3,5853
v04859,súng,v04859.mp3,1241
v04860,súp,v04860.mp3,2779
v04861,sút,v04861.mp3,2191
v04862,sý,v04862.mp3,6842
v04863,săm,v04863.mp3,3921
v04864,săn,v04864.mp3,1542
v04865,săng,v04865.mp3,6021
v04866,sĩ,v04866.mp3,207
v04867,sũ,v04867.mp3,5450
v04868,sũng,v04868.mp3,4618
v04869,sơ,v04869.mp3,518
v04870,sơi,v04870.mp3,6304
v04871,sơm,v04871.mp3,6019
v04872,sơn,v04872.mp3,432
v04873,sư,v04873.mp3,638
v04874,sưa,v04874.mp3,2919
v04875,sưng,v04875.mp3,2286
v04876,sưu,v04876.mp3,1867
v04877,sương,v04877.mp3,1886
v04878,sướng,v04878.mp3,2147
v04879,sướt,v04879.mp3,5071
v04880,sườn,v04880.mp3,2331
v04881,sưởi,v04881.mp3,2961
v04882,sượng,v04882.mp3,4885
v04883,sượt,v04883.mp3,4861
v04884,sạ,v04884.mp3,4245
v04885,sạc,v04885.mp3,3230
v04886,sạch,v04886.mp3,923
v04887,sại,v04887.mp3,5708
v04888,sạm,v04888.mp3,3213
v04889,sạn,v04889.mp3,1105
v04890,sạnh,v04890.mp3,6020
v04891,sạo,v04891.mp3,5716
v04892,sạp,v04892.mp3,2860
v04893,sạt,v04893.mp3,1829
v04894,sả,v04894.mp3,3273
v04895,sải,v04895.mp3,3492
v04896,sảm,v04896.mp3,6670
v04897,sản,v04897.mp3,113
v04898,sảng,v04898.mp3,2976
v04899,sảnh,v04899.mp3,2808
v04900,sảo,v04900.mp3,3189
v04901,sảy,v04901.mp3,3262
v04902,sấm,v04902.mp3,3799
v04903,sấn,v04903.mp3,5161
v04904,sấp,v04904.mp3,3766
v04905,sất,v04905.mp3,6503
v04906,sấu,v04906.mp3,2644
v04907,sấy,v04907.mp3,2752
v04908,sầm,v04908.mp3,2375
v04909,sần,v04909.mp3,3460
v04910,sầu,v04910.mp3,2513
v04911,sẩm,v04911.mp3,4821
v04912,sẩn,v04912.mp3,5102
v04913,sẩy,v04913.mp3,3816
v04914,sẫm,v04914.mp3,3534
v04915,sậm,v04915.mp3,4003
v04916,sập,v04916.mp3,1630
v04917,sật,v04917.mp3,4926
v04918,sậu,v04918.mp3,5567
v04919,sậy,v04919.mp3,4726
v04920,sắc,v04920.mp3,607
v04921,sắm,v04921.mp3,1384
v04922,sắn,v04922.mp3,2800
v04923,sắng,v04923.mp3,4211
v04924,sắp,v04924.mp3,970
v04925,sắt,v04925.mp3,993
v04926,sằn,v04926.mp3,6094
v04927,sằng,v04927.mp3,6142
v04928,sẳn,v04928.mp3,5856
v04929,sẵn,v04929.mp3,946
v04930,sẵng,v04930.mp3,5791
v04931,sặc,v04931.mp3,3054
v04932,sặt,v04932.mp3,5964
v04933,sẹc,v04933.mp3,6060
v04934,sẹo,v04934.mp3,2454
v04935,sẻ,v04935.mp3,411
v04936,sẻn,v04936.mp3,5280
v04937,sẻng,v04937.mp3,7082
v04938,sẽ,v04938.mp3,53
v04939,sến,v04939.mp3,3650
v04940,sếnh,v04940.mp3,5916
v04941,sếp,v04941.mp3,2137
v04942,sết,v04942.mp3,7081
v04943,sếu,v04943.mp3,4931
v04944,sề,v04944.mp3,4412
v04945,sền,v04945.mp3,4633
v04946,sềnh,v04946.mp3,6502
v04947,sển,v04947.mp3,4965
v04948,sểnh,v04948.mp3,5587
v04949,sệ,v04949.mp3,5205
v04950,sện,v04950.mp3,7083
v04951,sệt,v04951.mp3,3440
v04952,sỉ,v04952.mp3,3000
v04953,sỉa,v04953.mp3,6117
v04954,sỉn,v04954.mp3,6305
v04955,sị,v04955.mp3,7079
v04956,sịa,v04956.mp3,6391
v04957,sịch,v04957.mp3,6626
v04958,sịp,v04958.mp3,7078
v04959,sịt,v04959.mp3,5580
v04960,sọ,v04960.mp3,2215
v04961,sọc,v04961.mp3,3630
v04962,sọt,v04962.mp3,4286
v04963,sỏ,v04963.mp3,4725
v04964,sỏi,v04964.mp3,2400
v04965,số,v04965.mp3,60
v04966,sốc,v04966.mp3,1602
v04967,sống,v04967.mp3,204
v04968,sốp,v04968.mp3,5197
v04969,sốt,v04969.mp3,1203
v04970,sồ,v04970.mp3,5419
v04971,sồi,v04971.mp3,4811
v04972,sồn,v04972.mp3,5963
v04973,sồng,v04973.mp3,4842
v04974,sổ,v04974.mp3,1276
v04975,sổi,v04975.mp3,6271
v04976,sổm,v04976.mp3,6904
v04977,sổng,v04977.mp3,4546
v04978,sỗ,v04978.mp3,5556
v04979,sộ,v04979.mp3,3353
v04980,sộc,v04980.mp3,6059
v04981,sội,v04981.mp3,7077
v04982,sộng,v04982.mp3,6966
v04983,sộp,v04983.mp3,5279
v04984,sột,v04984.mp3,5915
v04985,sớ,v04985.mp3,4702
v04986,sới,v04986.mp3,4012
v04987,sớm,v04987.mp3,732
v04988,sớt,v04988.mp3,5654
v04989,sờ,v04989.mp3,2648
v04990,sờn,v04990.mp3,4749
v04991,sở,v04991.mp3,187
v04992,sởi,v04992.mp3,3084
v04993,sởn,v04993.mp3,5255
v04994,sỡ,v04994.mp3,3024
v04995,sợ,v04995.mp3,848
v04996,sợi,v04996.mp3,1779
v04997,sụ,v04997.mp3,5147
v04998,sụa,v04998.mp3,4982
v04999,sục,v04999.mp3,3130
v05000,sụm,v05000.mp3,7076
v05001,sụn,v05001.mp3,3052
v05002,sụng,v05002.mp3,6093
v05003,sụp,v05003.mp3,2245
v05004,sụt,v05004.mp3,1940
v05005,sủ,v05005.mp3,3731
v05006,sủa,v05006.mp3,3398
v05007,sủi,v05007.mp3,4248
v05008,sủng,v05008.mp3,4399
v05009,sứ,v05009.mp3,1228
v05010,sứa,v05010.mp3,3699
v05011,sức,v05011.mp3,347
v05012,sứt,v05012.mp3,3881
v05013,sừ,v05013.mp3,5622
v05014,sừn,v05014.mp3,6782
v05015,sừng,v05015.mp3,2583
v05016,sử,v05016.mp3,249
v05017,sửa,v05017.mp3,901
v05018,sửng,v05018.mp3,3468
v05019,sửu,v05019.mp3,3090
v05020,sữa,v05020.mp3,919
v05021,sững,v05021.mp3,3365
v05022,sự,v05022.mp3,56
v05023,sực,v05023.mp3,4402
v05024,sựt,v05024.mp3,6007
v05025,sỳ,v05025.mp3,6625
v05026,sỹ,v05026.mp3,933
v05027,ta,v05027.mp3,317
v05028,tai,v05028.mp3,601
v05029,tam,v05029.mp3,1407
v05030,tan,v05030.mp3,1412
v05031,tang,v05031.mp3,1180
v05032,tanh,v05032.mp3,3191
v05033,tao,v05033.mp3,2206
v05034,tau,v05034.mp3,4397
v05035,tay,v05035.mp3,361
v05036,te,v05036.mp3,4131
v05037,tem,v05037.mp3,2482
v05038,ten,v05038.mp3,2762
v05039,teng,v05039.mp3,5774
v05040,teo,v05040.mp3,2898
v05041,tha,v05041.mp3,1654
v05042,thai,v05042.mp3,886
v05043,tham,v05043.mp3,246
v05044,than,v05044.mp3,1439
v05045,thang,v05045.mp3,1341
v05046,thanh,v05046.mp3,154
v05047,thao,v05047.mp3,1125
v05048,thau,v05048.mp3,3723
v05049,thay,v05049.mp3,418
v05050,the,v05050.mp3,891
v05051,them,v05051.mp3,4220
v05052,then,v05052.mp3,2916
v05053,theo,v05053.mp3,41
v05054,thi,v05054.mp3,124
v05055,thia,v05055.mp3,5238
v05056,thim,v05056.mp3,6839
v05057,thin,v05057.mp3,4903
v05058,thinh,v05058.mp3,3393
v05059,thiu,v05059.mp3,3571
v05060,thiêm,v05060.mp3,2690
v05061,thiên,v05061.mp3,729
v05062,thiêng,v05062.mp3,2197
v05063,thiêu,v05063.mp3,2252
v05064,thiếc,v05064.mp3,4434
v05065,thiến,v05065.mp3,5870
v05066,thiếp,v05066.mp3,3461
v05067,thiết,v05067.mp3,373
v05068,thiếu,v05068.mp3,543
v05069,thiềm,v05069.mp3,5578
v05070,thiền,v05070.mp3,2831
v05071,thiềng,v05071.mp3,5277
v05072,thiều,v05072.mp3,2441
v05073,thiểm,v05073.mp3,4697
v05074,thiển,v05074.mp3,4508
v05075,thiểu,v05075.mp3,1313
v05076,thiện,v05076.mp3,647
v05077,thiệp,v05077.mp3,1599
v05078,thiệt,v05078.mp3,904
v05079,thiệu,v05079.mp3,986
v05080,tho,v05080.mp3,2406
v05081,thoa,v05081.mp3,2274
v05082,thoai,v05082.mp3,3195
v05083,thoan,v05083.mp3,4771
v05084,thoang,v05084.mp3,4596
v05085,thoi,v05085.mp3,3504
v05086,thom,v05086.mp3,4763
v05087,thon,v05087.mp3,2447
v05088,thong,v05088.mp3,3327
v05089,thoong,v05089.mp3,5226
v05090,thoàn,v05090.mp3,5468
v05091,thoá,v05091.mp3,5035
v05092,thoái,v05092.mp3,1741
v05093,thoán,v05093.mp3,6529
v05094,thoáng,v05094.mp3,1796
v05095,thoát,v05095.mp3,942
v05096,thoã,v05096.mp3,5869
v05097,thoăn,v05097.mp3,4485
v05098,thoại,v05098.mp3,666
v05099,thoạn,v05099.mp3,7069
v05100,thoạt,v05100.mp3,3528
v05101,thoả,v05101.mp3,1098
v05102,thoải,v05102.mp3,1483
v05103,thoản,v05103.mp3,6575
v05104,thoảng,v05104.mp3,1837
v05105,thoắt,v05105.mp3,3932
v05106,thu,v05106.mp3,161
v05107,thua,v05107.mp3,1499
v05108,thui,v05108.mp3,3931
v05109,thum,v05109.mp3,5621
v05110,thun,v05110.mp3,3269
v05111,thung,v05111.mp3,2835
v05112,thuy,v05112.mp3,1769
v05113,thuyên,v05113.mp3,2412
v05114,thuyến,v05114.mp3,5620
v05115,thuyết,v05115.mp3,1177
v05116,thuyền,v05116.mp3,1217
v05117,thuyển,v05117.mp3,3936
v05118,thuyện,v05118.mp3,5913
v05119,thuân,v05119.mp3,5116
v05120,thuê,v05120.mp3,763
v05121,thuôn,v05121.mp3,5457
v05122,thuông,v05122.mp3,6500
v05123,thuý,v05123.mp3,1281
v05124,thuấn,v05124.mp3,3326
v05125,thuần,v05125.mp3,1747
v05126,thuẩn,v05126.mp3,5707
v05127,thuẫn,v05127.mp3,1440
v05128,thuận,v05128.mp3,556
v05129,thuật,v05129.mp3,431
v05130,thuế,v05130.mp3,665
v05131,thuốc,v05131.mp3,550
v05132,thuồng,v05132.mp3,5034
v05133,thuổng,v05133.mp3,5933
v05134,thuộc,v05134.mp3,420
v05135,thuộm,v05135.mp3,4724
v05136,thuột,v05136.mp3,2451
v05137,thuở,v05137.mp3,2708
v05138,thuỳ,v05138.mp3,1584
v05139,thuỵ,v05139.mp3,1635
v05140,thuỷ,v05140.mp3,616
v05141,thy,v05141.mp3,2966
v05142,thà,v05142.mp3,2615
v05143,thài,v05143.mp3,6178
v05144,thàn,v05144.mp3,6006
v05145,thàng,v05145.mp3,4810
v05146,thành,v05146.mp3,49
v05147,thào,v05147.mp3,3954
v05148,thày,v05148.mp3,4171
v05149,thá,v05149.mp3,6390
v05150,thác,v05150.mp3,932
v05151,thách,v05151.mp3,1168
v05152,thái,v05152.mp3,436
v05153,thám,v05153.mp3,2251
v05154,thán,v05154.mp3,3173
v05155,tháng,v05155.mp3,173
v05156,thánh,v05156.mp3,1768
v05157,tháo,v05157.mp3,1369
v05158,tháp,v05158.mp3,1460
v05159,thát,v05159.mp3,5741
v05160,tháy,v05160.mp3,6841
v05161,thâm,v05161.mp3,1799
v05162,thân,v05162.mp3,333
v05163,thâu,v05163.mp3,2735
v05164,thây,v05164.mp3,4744
v05165,thãi,v05165.mp3,4690
v05166,thão,v05166.mp3,6965
v05167,thè,v05167.mp3,5871
v05168,thèm,v05168.mp3,2260
v05169,thèn,v05169.mp3,5740
v05170,thé,v05170.mp3,5715
v05171,thém,v05171.mp3,7072
v05172,thén,v05172.mp3,7071
v05173,théo,v05173.mp3,6840
v05174,thép,v05174.mp3,1405
v05175,thét,v05175.mp3,3145
v05176,thê,v05176.mp3,3127
v05177,thêm,v05177.mp3,322
v05178,thên,v05178.mp3,6501
v05179,thênh,v05179.mp3,4297
v05180,thêu,v05180.mp3,2929
v05181,thì,v05181.mp3,74
v05182,thìa,v05182.mp3,2358
v05183,thìm,v05183.mp3,6531
v05184,thìn,v05184.mp3,3200
v05185,thình,v05185.mp3,4078
v05186,thí,v05186.mp3,485
v05187,thía,v05187.mp3,3535
v05188,thích,v05188.mp3,450
v05189,thím,v05189.mp3,4533
v05190,thín,v05190.mp3,6530
v05191,thính,v05191.mp3,2439
v05192,thíp,v05192.mp3,5889
v05193,thít,v05193.mp3,4223
v05194,thò,v05194.mp3,3634
v05195,thòi,v05195.mp3,2390
v05196,thòm,v05196.mp3,5497
v05197,thòn,v05197.mp3,5685
v05198,thòng,v05198.mp3,4598
v05199,thó,v05199.mp3,4522
v05200,thóc,v05200.mp3,3288
v05201,thói,v05201.mp3,1455
v05202,thóng,v05202.mp3,6964
v05203,thóp,v05203.mp3,3909
v05204,thót,v05204.mp3,3704
v05205,thô,v05205.mp3,1759
v05206,thôi,v05206.mp3,914
v05207,thôm,v05207.mp3,6668
v05208,thôn,v05208.mp3,795
v05209,thông,v05209.mp3,80
v05210,thõng,v05210.mp3,5249
v05211,thù,v05211.mp3,1355
v05212,thùa,v05212.mp3,5356
v05213,thùm,v05213.mp3,6963
v05214,thùng,v05214.mp3,1337
v05215,thú,v05215.mp3,850
v05216,thúc,v05216.mp3,816
v05217,thúi,v05217.mp3,5489
v05218,thúng,v05218.mp3,3546
v05219,thút,v05219.mp3,4992
v05220,thăm,v05220.mp3,761
v05221,thăn,v05221.mp3,4443
v05222,thăng,v05222.mp3,1092
v05223,thũng,v05223.mp3,5141
v05224,thơ,v05224.mp3,826
v05225,thơi,v05225.mp3,3714
v05226,thơm,v05226.mp3,1446
v05227,thơn,v05227.mp3,7067
v05228,thư,v05228.mp3,387
v05229,thưa,v05229.mp3,1661
v05230,thưn,v05230.mp3,7066
v05231,thưng,v05231.mp3,5739
v05232,thươn,v05232.mp3,7065
v05233,thương,v05233.mp3,178
v05234,thước,v05234.mp3,1718
v05235,thướng,v05235.mp3,5650
v05236,thướt,v05236.mp3,4083
v05237,thườn,v05237.mp3,5753
v05238,thường,v05238.mp3,181
v05239,thưởng,v05239.mp3,730
v05240,thược,v05240.mp3,4529
v05241,thượng,v05241.mp3,1019
v05242,thượt,v05242.mp3,5475
v05243,thạ,v05243.mp3,6241
v05244,thạc,v05244.mp3,1785
v05245,thạch,v05245.mp3,1383
v05246,thạnh,v05246.mp3,1443
v05247,thạo,v05247.mp3,2607
v05248,thạp,v05248.mp3,5596
v05249,thạt,v05249.mp3,5961
v05250,thả,v05250.mp3,1551
v05251,thải,v05251.mp3,1044
v05252,thảm,v05252.mp3,1398
v05253,thản,v05253.mp3,2374
v05254,thảng,v05254.mp3,4437
v05255,thảnh,v05255.mp3,3697
v05256,thảo,v05256.mp3,645
v05257,thảy,v05257.mp3,3927
v05258,thấm,v05258.mp3,2057
v05259,thấn,v05259.mp3,6326
v05260,thấp,v05260.mp3,674
v05261,thất,v05261.mp3,885
v05262,thấu,v05262.mp3,1934
v05263,thấy,v05263.mp3,171
v05264,thầm,v05264.mp3,1931
v05265,thần,v05265.mp3,613
v05266,thầu,v05266.mp3,1279
v05267,thầy,v05267.mp3,801
v05268,thẩm,v05268.mp3,678
v05269,thẩn,v05269.mp3,4479
v05270,thẩu,v05270.mp3,6240
v05271,thẩy,v05271.mp3,6270
v05272,thẫm,v05272.mp3,4221
v05273,thẫn,v05273.mp3,3939
v05274,thậm,v05274.mp3,811
v05275,thận,v05275.mp3,1192
v05276,thập,v05276.mp3,1308
v05277,thật,v05277.mp3,544
v05278,thắc,v05278.mp3,1760
v05279,thắm,v05279.mp3,2162
v05280,thắn,v05280.mp3,1916
v05281,thắng,v05281.mp3,773
v05282,thắp,v05282.mp3,2212
v05283,thắt,v05283.mp3,1917
v05284,thằn,v05284.mp3,4581
v05285,thằng,v05285.mp3,1945
v05286,thẳm,v05286.mp3,3142
v05287,thẳn,v05287.mp3,6091
v05288,thẳng,v05288.mp3,911
v05289,thặng,v05289.mp3,3835
v05290,thặt,v05290.mp3,7073
v05291,thẹn,v05291.mp3,3948
v05292,thẹo,v05292.mp3,3489
v05293,thẻ,v05293.mp3,1209
v05294,thẻn,v05294.mp3,5914
v05295,thẻo,v05295.mp3,6902
v05296,thẽ,v05296.mp3,6780
v05297,thế,v05297.mp3,111
v05298,thếch,v05298.mp3,5297
v05299,thếnh,v05299.mp3,5789
v05300,thếp,v05300.mp3,5082
v05301,thết,v05301.mp3,5262
v05302,thề,v05302.mp3,2759
v05303,thềm,v05303.mp3,2781
v05304,thềnh,v05304.mp3,6239
v05305,thều,v05305.mp3,4780
v05306,thể,v05306.mp3,40
v05307,thểu,v05307.mp3,5393
v05308,thệ,v05308.mp3,3056
v05309,thỉ,v05309.mp3,3915
v05310,thỉnh,v05310.mp3,2020
v05311,thỉu,v05311.mp3,4130
v05312,thị,v05312.mp3,112
v05313,thịch,v05313.mp3,5385
v05314,thịnh,v05314.mp3,1396
v05315,thịt,v05315.mp3,820
v05316,thịu,v05316.mp3,7070
v05317,thọ,v05317.mp3,1137
v05318,thọc,v05318.mp3,4849
v05319,thọn,v05319.mp3,6714
v05320,thọt,v05320.mp3,5811
v05321,thỏ,v05321.mp3,3025
v05322,thỏi,v05322.mp3,3270
v05323,thỏm,v05323.mp3,3374
v05324,thỏn,v05324.mp3,7068
v05325,thố,v05325.mp3,3920
v05326,thốc,v05326.mp3,4689
v05327,thối,v05327.mp3,2174
v05328,thốn,v05328.mp3,2474
v05329,thống,v05329.mp3,295
v05330,thốt,v05330.mp3,2532
v05331,thồ,v05331.mp3,4535
v05332,thồng,v05332.mp3,6077
v05333,thổ,v05333.mp3,1358
v05334,thổi,v05334.mp3,2105
v05335,thổn,v05335.mp3,4060
v05336,thớ,v05336.mp3,4094
v05337,thới,v05337.mp3,2348
v05338,thớm,v05338.mp3,5731
v05339,thớt,v05339.mp3,3290
v05340,thờ,v05340.mp3,1475
v05341,thời,v05341.mp3,79
v05342,thờm,v05342.mp3,6715
v05343,thở,v05343.mp3,1261
v05344,thởi,v05344.mp3,6090
v05345,thợ,v05345.mp3,1657
v05346,thụ,v05346.mp3,873
v05347,thục,v05347.mp3,2322
v05348,thụng,v05348.mp3,5458
v05349,thụp,v05349.mp3,5555
v05350,thụt,v05350.mp3,3606
v05351,thủ,v05351.mp3,233
v05352,thủa,v05352.mp3,4327
v05353,thủi,v05353.mp3,4148
v05354,thủm,v05354.mp3,6838
v05355,thủng,v05355.mp3,2525
v05356,thứ,v05356.mp3,300
v05357,thức,v05357.mp3,244
v05358,thứu,v05358.mp3,6962
v05359,thừ,v05359.mp3,5237
v05360,thừa,v05360.mp3,776
v05361,thừng,v05361.mp3,3157
v05362,thử,v05362.mp3,909
v05363,thửa,v05363.mp3,2315
v05364,thửng,v05364.mp3,6667
v05365,thững,v05365.mp3,5333
v05366,thự,v05366.mp3,1401
v05367,thực,v05367.mp3,86
v05368,thựu,v05368.mp3,6666
v05369,ti,v05369.mp3,2301
v05370,tia,v05370.mp3,2310
v05371,tim,v05371.mp3,883
v05372,tin,v05372.mp3,138
v05373,tinh,v05373.mp3,557
v05374,tiu,v05374.mp3,5796
v05375,tiêm,v05375.mp3,1295
v05376,tiên,v05376.mp3,376
v05377,tiêng,v05377.mp3,4907
v05378,tiêu,v05378.mp3,242
v05379,tiếc,v05379.mp3,1406
v05380,tiếm,v05380.mp3,5384
v05381,tiến,v05381.mp3,326
v05382,tiếng,v05382.mp3,304
v05383,tiếp,v05383.mp3,125
v05384,tiết,v05384.mp3,455
v05385,tiếu,v05385.mp3,2909
v05386,tiềm,v05386.mp3,1339
v05387,tiền,v05387.mp3,134
v05388,tiềng,v05388.mp3,6426
v05389,tiều,v05389.mp3,3956
v05390,tiểm,v05390.mp3,6389
v05391,tiển,v05391.mp3,5296
v05392,tiểng,v05392.mp3,5827
v05393,tiểu,v05393.mp3,767
v05394,tiễn,v05394.mp3,1627
v05395,tiễng,v05395.mp3,6116
v05396,tiễu,v05396.mp3,5366
v05397,tiệc,v05397.mp3,1537
v05398,tiệm,v05398.mp3,1566
v05399,tiện,v05399.mp3,676
v05400,tiệp,v05400.mp3,2799
v05401,tiệt,v05401.mp3,3673
v05402,tiệu,v05402.mp3,5332
v05403,to,v05403.mp3,912
v05404,toa,v05404.mp3,2396
v05405,toan,v05405.mp3,2419
v05406,toang,v05406.mp3,4390
v05407,toanh,v05407.mp3,4268
v05408,toe,v05408.mp3,4924
v05409,toi,v05409.mp3,4707
v05410,tom,v05410.mp3,2370
v05411,ton,v05411.mp3,3700
v05412,tong,v05412.mp3,3554
v05413,toong,v05413.mp3,5565
v05414,toà,v05414.mp3,623
v05415,toài,v05415.mp3,7064
v05416,toàn,v05416.mp3,166
v05417,toàng,v05417.mp3,4609
v05418,toá,v05418.mp3,6499
v05419,toác,v05419.mp3,4155
v05420,toái,v05420.mp3,3612
v05421,toán,v05421.mp3,597
v05422,toáng,v05422.mp3,4770
v05423,toát,v05423.mp3,2890
v05424,toé,v05424.mp3,3709
v05425,toét,v05425.mp3,5089
v05426,toòng,v05426.mp3,7062
v05427,toạ,v05427.mp3,1674
v05428,toạc,v05428.mp3,4737
v05429,toại,v05429.mp3,3899
v05430,toạn,v05430.mp3,7063
v05431,toả,v05431.mp3,1338
v05432,toản,v05432.mp3,2820
v05433,toẹt,v05433.mp3,5408
v05434,tra,v05434.mp3,172
v05435,trai,v05435.mp3,575
v05436,tram,v05436.mp3,3538
v05437,tran,v05437.mp3,1403
v05438,trang,v05438.mp3,298
v05439,tranh,v05439.mp3,465
v05440,trao,v05440.mp3,609
v05441,trau,v05441.mp3,2770
v05442,tray,v05442.mp3,4759
v05443,tre,v05443.mp3,1589
v05444,tren,v05444.mp3,5795
v05445,treng,v05445.mp3,7060
v05446,treo,v05446.mp3,1476
v05447,tri,v05447.mp3,938
v05448,tria,v05448.mp3,6836
v05449,trinh,v05449.mp3,1072
v05450,triêm,v05450.mp3,5488
v05451,triên,v05451.mp3,5696
v05452,triêng,v05452.mp3,5868
v05453,triêu,v05453.mp3,5611
v05454,triến,v05454.mp3,6425
v05455,triết,v05455.mp3,2395
v05456,triền,v05456.mp3,3070
v05457,triều,v05457.mp3,1560
v05458,triển,v05458.mp3,210
v05459,triểu,v05459.mp3,7059
v05460,triễn,v05460.mp3,5474
v05461,triện,v05461.mp3,5318
v05462,triệt,v05462.mp3,1601
v05463,triệu,v05463.mp3,211
v05464,tro,v05464.mp3,2956
v05465,troi,v05465.mp3,6385
v05466,tron,v05466.mp3,5317
v05467,trong,v05467.mp3,7
v05468,troóc,v05468.mp3,6617
v05469,tru,v05469.mp3,3906
v05470,trui,v05470.mp3,5053
v05471,trum,v05471.mp3,5730
v05472,trun,v05472.mp3,6663
v05473,trung,v05473.mp3,82
v05474,truy,v05474.mp3,846
v05475,truyên,v05475.mp3,5507
v05476,truyến,v05476.mp3,5771
v05477,truyền,v05477.mp3,382
v05478,truyển,v05478.mp3,5160
v05479,truyện,v05479.mp3,1608
v05480,truyệt,v05480.mp3,6955
v05481,truân,v05481.mp3,4207
v05482,truông,v05482.mp3,4629
v05483,truất,v05483.mp3,4640
v05484,truật,v05484.mp3,4920
v05485,truốt,v05485.mp3,7055
v05486,truồi,v05486.mp3,5524
v05487,truồng,v05487.mp3,4491
v05488,truột,v05488.mp3,6831
v05489,truỵ,v05489.mp3,3671
v05490,truỷ,v05490.mp3,6424
v05491,try,v05491.mp3,5323
v05492,trà,v05492.mp3,1055
v05493,trài,v05493.mp3,6960
v05494,tràm,v05494.mp3,2635
v05495,tràn,v05495.mp3,1350
v05496,tràng,v05496.mp3,1762
v05497,trành,v05497.mp3,5467
v05498,trào,v05498.mp3,1409
v05499,tràu,v05499.mp3,6388
v05500,trá,v05500.mp3,3249
v05501,trác,v05501.mp3,3455
v05502,trách,v05502.mp3,508
v05503,trái,v05503.mp3,548
v05504,trám,v05504.mp3,4082
v05505,trán,v05505.mp3,2741
v05506,tráng,v05506.mp3,1739
v05507,tránh,v05507.mp3,764
v05508,tráo,v05508.mp3,3423
v05509,tráp,v05509.mp3,4608
v05510,trát,v05510.mp3,4261
v05511,trâm,v05511.mp3,2194
v05512,trân,v05512.mp3,1576
v05513,trâng,v05513.mp3,6712
v05514,trâu,v05514.mp3,1795
v05515,trây,v05515.mp3,6498
v05516,trãi,v05516.mp3,2555
v05517,trèm,v05517.mp3,6387
v05518,trèo,v05518.mp3,2578
v05519,tré,v05519.mp3,5888
v05520,tréo,v05520.mp3,4718
v05521,trép,v05521.mp3,6957
v05522,trét,v05522.mp3,4958
v05523,trê,v05523.mp3,3855
v05524,trên,v05524.mp3,39
v05525,trêu,v05525.mp3,2500
v05526,trì,v05526.mp3,783
v05527,trình,v05527.mp3,105
v05528,trìu,v05528.mp3,3938
v05529,trí,v05529.mp3,325
v05530,tría,v05530.mp3,6302
v05531,trích,v05531.mp3,1459
v05532,trính,v05532.mp3,6140
v05533,trò,v05533.mp3,641
v05534,tròm,v05534.mp3,6384
v05535,tròn,v05535.mp3,1567
v05536,tròng,v05536.mp3,3647
v05537,tró,v05537.mp3,7058
v05538,tróc,v05538.mp3,3218
v05539,trói,v05539.mp3,2706
v05540,trót,v05540.mp3,2794
v05541,trôi,v05541.mp3,1509
v05542,trôm,v05542.mp3,4120
v05543,trôn,v05543.mp3,5772
v05544,trông,v05544.mp3,1296
v05545,trù,v05545.mp3,2693
v05546,trùm,v05546.mp3,1918
v05547,trùn,v05547.mp3,4856
v05548,trùng,v05548.mp3,1152
v05549,trú,v05549.mp3,762
v05550,trúc,v05550.mp3,1112
v05551,trúm,v05551.mp3,6301
v05552,trúng,v05552.mp3,1081
v05553,trút,v05553.mp3,2776
v05554,trăm,v05554.mp3,915
v05555,trăn,v05555.mp3,2124
v05556,trăng,v05556.mp3,1579
v05557,trĩ,v05557.mp3,2739
v05558,trĩnh,v05558.mp3,5026
v05559,trũ,v05559.mp3,7056
v05560,trũi,v05560.mp3,6528
v05561,trũng,v05561.mp3,3058
v05562,trơ,v05562.mp3,2932
v05563,trơi,v05563.mp3,6268
v05564,trơn,v05564.mp3,2399
v05565,trư,v05565.mp3,5077
v05566,trưa,v05566.mp3,1216
v05567,trưng,v05567.mp3,1068
v05568,trươi,v05568.mp3,5434
v05569,trương,v05569.mp3,708
v05570,trước,v05570.mp3,101
v05571,trướng,v05571.mp3,3474
v05572,trườn,v05572.mp3,4532
v05573,trường,v05573.mp3,42
v05574,trưởng,v05574.mp3,222
v05575,trược,v05575.mp3,6113
v05576,trượng,v05576.mp3,4478
v05577,trượt,v05577.mp3,1873
v05578,trạc,v05578.mp3,3964
v05579,trạch,v05579.mp3,1984
v05580,trại,v05580.mp3,1214
v05581,trạm,v05581.mp3,1138
v05582,trạng,v05582.mp3,474
v05583,trạnh,v05583.mp3,5495
v05584,trạo,v05584.mp3,4857
v05585,trả,v05585.mp3,410
v05586,trải,v05586.mp3,845
v05587,trảm,v05587.mp3,4623
v05588,trảng,v05588.mp3,2952
v05589,trảo,v05589.mp3,5698
v05590,trảy,v05590.mp3,6114
v05591,trấn,v05591.mp3,1032
v05592,trấp,v05592.mp3,5773
v05593,trấu,v05593.mp3,4338
v05594,trầm,v05594.mp3,1386
v05595,trần,v05595.mp3,391
v05596,trầu,v05596.mp3,3394
v05597,trầy,v05597.mp3,3160
v05598,trẩu,v05598.mp3,7061
v05599,trẩy,v05599.mp3,4888
v05600,trẫm,v05600.mp3,6115
v05601,trận,v05601.mp3,1049
v05602,trập,v05602.mp3,5586
v05603,trật,v05603.mp3,1238
v05604,trắc,v05604.mp3,1720
v05605,trắm,v05605.mp3,3572
v05606,trắng,v05606.mp3,922
v05607,trằm,v05607.mp3,6238
v05608,trằn,v05608.mp3,4373
v05609,trằng,v05609.mp3,6959
v05610,trặc,v05610.mp3,2809
v05611,trẹm,v05611.mp3,5809
v05612,trẹo,v05612.mp3,5697
v05613,trẹt,v05613.mp3,6901
v05614,trẻ,v05614.mp3,214
v05615,trẻo,v05615.mp3,3325
v05616,trẽn,v05616.mp3,5070
v05617,trến,v05617.mp3,6778
v05618,trề,v05618.mp3,4370
v05619,trể,v05619.mp3,6958
v05620,trển,v05620.mp3,6386
v05621,trễ,v05621.mp3,2097
v05622,trệ,v05622.mp3,2945
v05623,trệt,v05623.mp3,3112
v05624,trỉ,v05624.mp3,6303
v05625,trỉa,v05625.mp3,6005
v05626,trị,v05626.mp3,234
v05627,trịa,v05627.mp3,3998
v05628,trịch,v05628.mp3,4394
v05629,trịnh,v05629.mp3,1366
v05630,trịt,v05630.mp3,6835
v05631,trọ,v05631.mp3,1481
v05632,trọc,v05632.mp3,3333
v05633,trọi,v05633.mp3,4637
v05634,trọn,v05634.mp3,1659
v05635,trọng,v05635.mp3,228
v05636,trọt,v05636.mp3,2986
v05637,trỏ,v05637.mp3,3859
v05638,trỏng,v05638.mp3,6618
v05639,trố,v05639.mp3,5383
v05640,trốc,v05640.mp3,6574
v05641,trối,v05641.mp3,4570
v05642,trốn,v05642.mp3,1179
v05643,trống,v05643.mp3,1609
v05644,trốt,v05644.mp3,6956
v05645,trồ,v05645.mp3,3396
v05646,trồi,v05646.mp3,3997
v05647,trồng,v05647.mp3,849
v05648,trổ,v05648.mp3,2854
v05649,trổng,v05649.mp3,6834
v05650,trỗ,v05650.mp3,6459
v05651,trỗi,v05651.mp3,3043
v05652,trộc,v05652.mp3,6664
v05653,trội,v05653.mp3,2161
v05654,trộm,v05654.mp3,1099
v05655,trộn,v05655.mp3,1650
v05656,trớ,v05656.mp3,3292
v05657,trới,v05657.mp3,6777
v05658,trớn,v05658.mp3,4747
v05659,trớt,v05659.mp3,6833
v05660,trờ,v05660.mp3,4793
v05661,trời,v05661.mp3,807
v05662,trở,v05662.mp3,282
v05663,trợ,v05663.mp3,423
v05664,trợi,v05664.mp3,7057
v05665,trợn,v05665.mp3,3338
v05666,trợt,v05666.mp3,5261
v05667,trụ,v05667.mp3,1006
v05668,trụa,v05668.mp3,6497
v05669,trục,v05669.mp3,1596
v05670,trụi,v05670.mp3,3520
v05671,trụng,v05671.mp3,4779
v05672,trụt,v05672.mp3,6711
v05673,trủng,v05673.mp3,6616
v05674,trứ,v05674.mp3,2843
v05675,trức,v05675.mp3,6832
v05676,trứng,v05676.mp3,1302
v05677,trừ,v05677.mp3,1236
v05678,trừng,v05678.mp3,2535
v05679,trừu,v05679.mp3,4031
v05680,trữ,v05680.mp3,1370
v05681,trự,v05681.mp3,6053
v05682,trực,v05682.mp3,506
v05683,tu,v05683.mp3,1606
v05684,tua,v05684.mp3,3444
v05685,tui,v05685.mp3,2117
v05686,tum,v05686.mp3,2210
v05687,tun,v05687.mp3,5392
v05688,tung,v05688.mp3,1352
v05689,tuy,v05689.mp3,286
v05690,tuyn,v05690.mp3,5428
v05691,tuynh,v05691.mp3,5664
v05692,tuyên,v05692.mp3,737
v05693,tuyến,v05693.mp3,602
v05694,tuyết,v05694.mp3,1523
v05695,tuyền,v05695.mp3,2397
v05696,tuyển,v05696.mp3,510
v05697,tuyễn,v05697.mp3,6496
v05698,tuyện,v05698.mp3,6830
v05699,tuyệt,v05699.mp3,1035
v05700,tuân,v05700.mp3,1530
v05701,tuôi,v05701.mp3,5665
v05702,tuôn,v05702.mp3,3728
v05703,tuông,v05703.mp3,2869
v05704,tuý,v05704.mp3,1025
v05705,tuýt,v05705.mp3,4219
v05706,tuấn,v05706.mp3,719
v05707,tuất,v05707.mp3,3523
v05708,tuần,v05708.mp3,583
v05709,tuẫn,v05709.mp3,4976
v05710,tuận,v05710.mp3,5171
v05711,tuế,v05711.mp3,4429
v05712,tuệ,v05712.mp3,1712
v05713,tuốc,v05713.mp3,4743
v05714,tuối,v05714.mp3,5751
v05715,tuốt,v05715.mp3,4168
v05716,tuồi,v05716.mp3,5930
v05717,tuồn,v05717.mp3,3386
v05718,tuồng,v05718.mp3,3166
v05719,tuổi,v05719.mp3,158
v05720,tuộc,v05720.mp3,3963
v05721,tuột,v05721.mp3,3051
v05722,tuỳ,v05722.mp3,1284
v05723,tuỵ,v05723.mp3,2671
v05724,tuỷ,v05724.mp3,2705
v05725,ty,v05725.mp3,243
v05726,tà,v05726.mp3,2428
v05727,tài,v05727.mp3,156
v05728,tàm,v05728.mp3,4617
v05729,tàn,v05729.mp3,1730
v05730,tàng,v05730.mp3,1422
v05731,tành,v05731.mp3,3993
v05732,tào,v05732.mp3,3363
v05733,tàu,v05733.mp3,488
v05734,tày,v05734.mp3,3231
v05735,tá,v05735.mp3,1013
v05736,tác,v05736.mp3,145
v05737,tách,v05737.mp3,1675
v05738,tái,v05738.mp3,866
v05739,tám,v05739.mp3,1761
v05740,tán,v05740.mp3,1394
v05741,táng,v05741.mp3,2175
v05742,tánh,v05742.mp3,3875
v05743,táo,v05743.mp3,1322
v05744,táp,v05744.mp3,4045
v05745,tát,v05745.mp3,2303
v05746,táu,v05746.mp3,5484
v05747,táy,v05747.mp3,5579
v05748,tâm,v05748.mp3,149
v05749,tân,v05749.mp3,588
v05750,tâng,v05750.mp3,4755
v05751,tâu,v05751.mp3,5699
v05752,tây,v05752.mp3,618
v05753,tã,v05753.mp3,3185
v05754,tãng,v05754.mp3,6624
v05755,tè,v05755.mp3,3417
v05756,tèm,v05756.mp3,6460
v05757,tèn,v05757.mp3,6532
v05758,tèo,v05758.mp3,3476
v05759,té,v05759.mp3,2553
v05760,téc,v05760.mp3,4866
v05761,tém,v05761.mp3,5334
v05762,tén,v05762.mp3,6215
v05763,tép,v05763.mp3,3239
v05764,tét,v05764.mp3,3674
v05765,tê,v05765.mp3,1952
v05766,têm,v05766.mp3,6018
v05767,tên,v05767.mp3,443
v05768,tênh,v05768.mp3,4891
v05769,têu,v05769.mp3,6056
v05770,tì,v05770.mp3,3556
v05771,tìa,v05771.mp3,6961
v05772,tìm,v05772.mp3,329
v05773,tìn,v05773.mp3,6055
v05774,tình,v05774.mp3,131
v05775,tí,v05775.mp3,2432
v05776,tía,v05776.mp3,3719
v05777,tích,v05777.mp3,344
v05778,tím,v05778.mp3,1857
v05779,tín,v05779.mp3,726
v05780,tính,v05780.mp3,248
v05781,típ,v05781.mp3,4086
v05782,tít,v05782.mp3,3020
v05783,tíu,v05783.mp3,4404
v05784,tò,v05784.mp3,2226
v05785,tòi,v05785.mp3,2921
v05786,tòm,v05786.mp3,5483
v05787,tòn,v05787.mp3,5839
v05788,tòng,v05788.mp3,2512
v05789,tó,v05789.mp3,5188
v05790,tóc,v05790.mp3,1163
v05791,tói,v05791.mp3,6713
v05792,tóm,v05792.mp3,2200
v05793,tóng,v05793.mp3,6356
v05794,tóp,v05794.mp3,3734
v05795,tót,v05795.mp3,4038
v05796,tô,v05796.mp3,784
v05797,tôi,v05797.mp3,24
v05798,tôm,v05798.mp3,1377
v05799,tôn,v05799.mp3,976
v05800,tông,v05800.mp3,1361
v05801,tõm,v05801.mp3,5931
v05802,tù,v05802.mp3,944
v05803,tùm,v05803.mp3,3829
v05804,tùng,v05804.mp3,1085
v05805,tú,v05805.mp3,1305
v05806,túa,v05806.mp3,4820
v05807,túc,v05807.mp3,1264
v05808,túi,v05808.mp3,1154
v05809,túm,v05809.mp3,3123
v05810,túng,v05810.mp3,2204
v05811,túp,v05811.mp3,4294
v05812,tút,v05812.mp3,4792
v05813,tý,v05813.mp3,2636
v05814,tăm,v05814.mp3,2641
v05815,tăn,v05815.mp3,4240
v05816,tăng,v05816.mp3,165
v05817,tĩnh,v05817.mp3,907
v05818,tĩu,v05818.mp3,4185
v05819,tơ,v05819.mp3,2308
v05820,tơi,v05820.mp3,3042
v05821,tư,v05821.mp3,127
v05822,tưa,v05822.mp3,5466
v05823,tưng,v05823.mp3,3031
v05824,tưu,v05824.mp3,7053
v05825,tươi,v05825.mp3,1071
v05826,tươm,v05826.mp3,3594
v05827,tương,v05827.mp3,522
v05828,tước,v05828.mp3,2258
v05829,tưới,v05829.mp3,2126
v05830,tướng,v05830.mp3,493
v05831,tướt,v05831.mp3,6662
v05832,tường,v05832.mp3,1193
v05833,tưởi,v05833.mp3,4274
v05834,tưởng,v05834.mp3,652
v05835,tược,v05835.mp3,4882
v05836,tượng,v05836.mp3,314
v05837,tạ,v05837.mp3,1825
v05838,tạc,v05838.mp3,2846
v05839,tạch,v05839.mp3,5288
v05840,tại,v05840.mp3,21
v05841,tạm,v05841.mp3,743
v05842,tạn,v05842.mp3,6058
v05843,tạng,v05843.mp3,1926
v05844,tạnh,v05844.mp3,4401
v05845,tạo,v05845.mp3,225
v05846,tạp,v05846.mp3,995
v05847,tạt,v05847.mp3,2667
v05848,tạu,v05848.mp3,7074
v05849,tả,v05849.mp3,1595
v05850,tải,v05850.mp3,576
v05851,tản,v05851.mp3,2965
v05852,tảng,v05852.mp3,1767
v05853,tảo,v05853.mp3,2367
v05854,tảy,v05854.mp3,6327
v05855,tấc,v05855.mp3,3536
v05856,tấm,v05856.mp3,1096
v05857,tấn,v05857.mp3,629
v05858,tấng,v05858.mp3,7075
v05859,tấp,v05859.mp3,2277
v05860,tất,v05860.mp3,481
v05861,tấu,v05861.mp3,2244
v05862,tấy,v05862.mp3,3850
v05863,tầm,v05863.mp3,1011
v05864,tần,v05864.mp3,2047
v05865,tầng,v05865.mp3,741
v05866,tầu,v05866.mp3,4251
v05867,tẩm,v05867.mp3,2579
v05868,tẩn,v05868.mp3,3222
v05869,tẩu,v05869.mp3,2259
v05870,tẩy,v05870.mp3,2034
v05871,tậm,v05871.mp3,5525
v05872,tận,v05872.mp3,906
v05873,tập,v05873.mp3,200
v05874,tật,v05874.mp3,1293
v05875,tậu,v05875.mp3,3623
v05876,tắc,v05876.mp3,890
v05877,tắm,v05877.mp3,1372
v05878,tắn,v05878.mp3,3175
v05879,tắng,v05879.mp3,6461
v05880,tắp,v05880.mp3,4118
v05881,tắt,v05881.mp3,1605
v05882,tằm,v05882.mp3,3428
v05883,tằn,v05883.mp3,4252
v05884,tằng,v05884.mp3,4835
v05885,tặc,v05885.mp3,2539
v05886,tặn,v05886.mp3,6781
v05887,tặng,v05887.mp3,858
v05888,tẹc,v05888.mp3,6623
v05889,tẹo,v05889.mp3,4925
v05890,tẹt,v05890.mp3,4977
v05891,tẻ,v05891.mp3,3003
v05892,tẽ,v05892.mp3,6903
v05893,tẽn,v05893.mp3,6057
v05894,tế,v05894.mp3,116
v05895,tếch,v05895.mp3,6092
v05896,tếnh,v05896.mp3,6214
v05897,tếp,v05897.mp3,6622
v05898,tết,v05898.mp3,655
v05899,tếu,v05899.mp3,4258
v05900,tề,v05900.mp3,3540
v05901,tềnh,v05901.mp3,5790
v05902,tều,v05902.mp3,6621
v05903,tể,v05903.mp3,4279
v05904,tểnh,v05904.mp3,6427
v05905,tễ,v05905.mp3,3366
v05906,tễnh,v05906.mp3,5142
v05907,tễu,v05907.mp3,5852
v05908,tệ,v05908.mp3,1147
v05909,tệp,v05909.mp3,5278
v05910,tỉ,v05910.mp3,810
v05911,tỉa,v05911.mp3,2918
v05912,tỉm,v05912.mp3,4853
v05913,tỉnh,v05913.mp3,151
v05914,tỉu,v05914.mp3,6620
v05915,tị,v05915.mp3,2839
v05916,tịch,v05916.mp3,362
v05917,tịnh,v05917.mp3,2398
v05918,tịt,v05918.mp3,4708
v05919,tịu,v05919.mp3,5932
v05920,tọ,v05920.mp3,6779
v05921,tọc,v05921.mp3,5604
v05922,tọng,v05922.mp3,6177
v05923,tọp,v05923.mp3,6837
v05924,tọt,v05924.mp3,5496
v05925,tỏ,v05925.mp3,855
v05926,tỏi,v05926.mp3,2107
v05927,tỏng,v05927.mp3,5684
v05928,tố,v05928.mp3,469
v05929,tốc,v05929.mp3,876
v05930,tối,v05930.mp3,494
v05931,tốn,v05931.mp3,1399
v05932,tống,v05932.mp3,2129
v05933,tốp,v05933.mp3,2670
v05934,tốt,v05934.mp3,289
v05935,tồ,v05935.mp3,5508
v05936,tồi,v05936.mp3,2473
v05937,tồn,v05937.mp3,1031
v05938,tồng,v05938.mp3,5018
v05939,tổ,v05939.mp3,192
v05940,tổi,v05940.mp3,5810
v05941,tổn,v05941.mp3,1317
v05942,tổng,v05942.mp3,241
v05943,tộ,v05943.mp3,4093
v05944,tộc,v05944.mp3,924
v05945,tội,v05945.mp3,526
v05946,tộp,v05946.mp3,6141
v05947,tột,v05947.mp3,3332
v05948,tớ,v05948.mp3,3011
v05949,tới,v05949.mp3,186
v05950,tớp,v05950.mp3,4701
v05951,tờ,v05951.mp3,875
v05952,tời,v05952.mp3,4523
v05953,tở,v05953.mp3,5435
v05954,tởm,v05954.mp3,4352
v05955,tởn,v05955.mp3,6269
v05956,tợi,v05956.mp3,6619
v05957,tợn,v05957.mp3,3387
v05958,tụ,v05958.mp3,1368
v05959,tụa,v05959.mp3,6954
v05960,tục,v05960.mp3,240
v05961,tụi,v05961.mp3,2379
v05962,tụm,v05962.mp3,4674
v05963,tụng,v05963.mp3,1624
v05964,tụt,v05964.mp3,2429
v05965,tủ,v05965.mp3,1615
v05966,tủa,v05966.mp3,4408
v05967,tủi,v05967.mp3,2617
v05968,tủm,v05968.mp3,4830
v05969,tủn,v05969.mp3,5808
v05970,tủng,v05970.mp3,6237
v05971,tứ,v05971.mp3,1784
v05972,tứa,v05972.mp3,5355
v05973,tức,v05973.mp3,822
v05974,tứng,v05974.mp3,7054
v05975,từ,v05975.mp3,28
v05976,từa,v05976.mp3,6355
v05977,từng,v05977.mp3,356
v05978,tử,v05978.mp3,404
v05979,tửng,v05979.mp3,4498
v05980,tửu,v05980.mp3,4152
v05981,tự,v05981.mp3,179
v05982,tựa,v05982.mp3,2275
v05983,tực,v05983.mp3,5752
v05984,tựu,v05984.mp3,1910
v05985,tỳ,v05985.mp3,3563
v05986,tỵ,v05986.mp3,2993
v05987,tỷ,v05987.mp3,281
v05988,u,v05988.mp3,1489
v05989,ua,v05989.mp3,5946
v05990,ui,v05990.mp3,5233
v05991,um,v05991.mp3,3613
v05992,un,v05992.mp3,3682
v05993,ung,v05993.mp3,777
v05994,uy,v05994.mp3,1243
v05995,uyn,v05995.mp3,5807
v05996,uyên,v05996.mp3,2014
v05997,uyển,v05997.mp3,3311
v05998,uân,v05998.mp3,5887
v05999,uôm,v05999.mp3,7051
v06000,uôn,v06000.mp3,6829
v06001,uông,v06001.mp3,2760
v06002,uý,v06002.mp3,1701
v06003,uất,v06003.mp3,2726
v06004,uẩn,v06004.mp3,4154
v06005,uế,v06005.mp3,4109
v06006,uốn,v06006.mp3,2628
v06007,uống,v06007.mp3,670
v06008,uổng,v06008.mp3,4104
v06009,uộng,v06009.mp3,7050
v06010,uột,v06010.mp3,4578
v06011,uỷ,v06011.mp3,495
v06012,va,v06012.mp3,1448
v06013,vai,v06013.mp3,630
v06014,vam,v06014.mp3,4803
v06015,van,v06015.mp3,1353
v06016,vang,v06016.mp3,1626
v06017,vanh,v06017.mp3,4662
v06018,vao,v06018.mp3,5232
v06019,vay,v06019.mp3,751
v06020,ve,v06020.mp3,2466
v06021,ven,v06021.mp3,1457
v06022,veng,v06022.mp3,6380
v06023,veo,v06023.mp3,3910
v06024,vi,v06024.mp3,299
v06025,via,v06025.mp3,5694
v06026,vim,v06026.mp3,5911
v06027,vin,v06027.mp3,3411
v06028,vinh,v06028.mp3,786
v06029,viêm,v06029.mp3,1176
v06030,viên,v06030.mp3,85
v06031,viêng,v06031.mp3,4068
v06032,viếng,v06032.mp3,2256
v06033,viết,v06033.mp3,691
v06034,viền,v06034.mp3,3548
v06035,viềng,v06035.mp3,4834
v06036,viểm,v06036.mp3,6036
v06037,viển,v06037.mp3,4577
v06038,viễn,v06038.mp3,1549
v06039,việc,v06039.mp3,29
v06040,viện,v06040.mp3,245
v06041,việt,v06041.mp3,71
v06042,vo,v06042.mp3,2239
v06043,voa,v06043.mp3,5838
v06044,voan,v06044.mp3,4331
v06045,voi,v06045.mp3,1932
v06046,von,v06046.mp3,3190
v06047,vong,v06047.mp3,887
v06048,voòng,v06048.mp3,6775
v06049,voóc,v06049.mp3,5750
v06050,voọc,v06050.mp3,4103
v06051,vu,v06051.mp3,1622
v06052,vua,v06052.mp3,1639
v06053,vui,v06053.mp3,622
v06054,vun,v06054.mp3,2687
v06055,vung,v06055.mp3,2720
v06056,vuông,v06056.mp3,2380
v06057,vuốt,v06057.mp3,3108
v06058,vuột,v06058.mp3,4645
v06059,vy,v06059.mp3,1995
v06060,và,v06060.mp3,1
v06061,vài,v06061.mp3,659
v06062,vàm,v06062.mp3,3579
v06063,vàn,v06063.mp3,2875
v06064,vàng,v06064.mp3,417
v06065,vành,v06065.mp3,1977
v06066,vào,v06066.mp3,36
v06067,vá,v06067.mp3,2857
v06068,vác,v06068.mp3,2359
v06069,vách,v06069.mp3,2524
v06070,vái,v06070.mp3,4260
v06071,ván,v06071.mp3,2590
v06072,váng,v06072.mp3,2731
v06073,vánh,v06073.mp3,4085
v06074,váo,v06074.mp3,5494
v06075,váp,v06075.mp3,5134
v06076,vát,v06076.mp3,3833
v06077,váy,v06077.mp3,1505
v06078,vâm,v06078.mp3,6776
v06079,vân,v06079.mp3,952
v06080,vâng,v06080.mp3,3235
v06081,vây,v06081.mp3,1864
v06082,vã,v06082.mp3,2040
v06083,vãi,v06083.mp3,3099
v06084,vãn,v06084.mp3,2948
v06085,vãng,v06085.mp3,3424
v06086,vãnh,v06086.mp3,5108
v06087,vè,v06087.mp3,4669
v06088,vèn,v06088.mp3,6573
v06089,vèo,v06089.mp3,4129
v06090,vé,v06090.mp3,931
v06091,véc,v06091.mp3,5629
v06092,vén,v06092.mp3,3330
v06093,véo,v06093.mp3,4808
v06094,vét,v06094.mp3,2630
v06095,vê,v06095.mp3,4716
v06096,vên,v06096.mp3,6266
v06097,vênh,v06097.mp3,3380
v06098,vì,v06098.mp3,109
v06099,vình,v06099.mp3,6035
v06100,ví,v06100.mp3,1172
v06101,vía,v06101.mp3,3425
v06102,vích,v06102.mp3,4991
v06103,vít,v06103.mp3,3452
v06104,víu,v06104.mp3,3707
v06105,vò,v06105.mp3,3117
v06106,vòi,v06106.mp3,2411
v06107,vòm,v06107.mp3,2975
v06108,vòng,v06108.mp3,747
v06109,vó,v06109.mp3,4333
v06110,vóc,v06110.mp3,2038
v06111,vói,v06111.mp3,5360
v06112,vón,v06112.mp3,4143
v06113,vót,v06113.mp3,3574
v06114,vô,v06114.mp3,634
v06115,vôi,v06115.mp3,2666
v06116,vôn,v06116.mp3,5886
v06117,vông,v06117.mp3,4119
v06118,võ,v06118.mp3,967
v06119,võng,v06119.mp3,2566
v06120,vù,v06120.mp3,4164
v06121,vùa,v06121.mp3,6615
v06122,vùi,v06122.mp3,2710
v06123,vùn,v06123.mp3,5076
v06124,vùng,v06124.mp3,471
v06125,vú,v06125.mp3,2033
v06126,vút,v06126.mp3,3526
v06127,văn,v06127.mp3,100
v06128,văng,v06128.mp3,2141
v06129,vĩ,v06129.mp3,1593
v06130,vĩnh,v06130.mp3,917
v06131,vũ,v06131.mp3,539
v06132,vũng,v06132.mp3,1450
v06133,vơ,v06133.mp3,2988
v06134,vơi,v06134.mp3,3159
v06135,vơn,v06135.mp3,6175
v06136,vư,v06136.mp3,5441
v06137,vưu,v06137.mp3,5837
v06138,vươn,v06138.mp3,1776
v06139,vương,v06139.mp3,1113
v06140,vướng,v06140.mp3,1676
v06141,vườn,v06141.mp3,1042
v06142,vường,v06142.mp3,6112
v06143,vưởng,v06143.mp3,4949
v06144,vược,v06144.mp3,4802
v06145,vượn,v06145.mp3,4595
v06146,vượng,v06146.mp3,2084
v06147,vượt,v06147.mp3,727
v06148,vạ,v06148.mp3,2942
v06149,vạc,v06149.mp3,3930
v06150,vạch,v06150.mp3,2356
v06151,vại,v06151.mp3,4342
v06152,vạm,v06152.mp3,4521
v06153,vạn,v06153.mp3,1717
v06154,vạng,v06154.mp3,4632
v06155,vạnh,v06155.mp3,6900
v06156,vạt,v06156.mp3,3261
v06157,vạy,v06157.mp3,3717
v06158,vả,v06158.mp3,1480
v06159,vải,v06159.mp3,1578
v06160,vảng,v06160.mp3,4809
v06161,vảnh,v06161.mp3,6709
v06162,vảo,v06162.mp3,6381
v06163,vảy,v06163.mp3,3161
v06164,vấn,v06164.mp3,285
v06165,vấp,v06165.mp3,1828
v06166,vất,v06166.mp3,1519
v06167,vấy,v06167.mp3,4919
v06168,vần,v06168.mp3,3343
v06169,vầng,v06169.mp3,4214
v06170,vầu,v06170.mp3,5523
v06171,vầy,v06171.mp3,3140
v06172,vẩn,v06172.mp3,3834
v06173,vẩu,v06173.mp3,5344
v06174,vẩy,v06174.mp3,3770
v06175,vẫn,v06175.mp3,160
v06176,vẫy,v06176.mp3,2851
v06177,vận,v06177.mp3,511
v06178,vập,v06178.mp3,5204
v06179,vật,v06179.mp3,394
v06180,vậy,v06180.mp3,271
v06181,vắc,v06181.mp3,2017
v06182,vắn,v06182.mp3,4192
v06183,vắng,v06183.mp3,1558
v06184,vắp,v06184.mp3,6353
v06185,vắt,v06185.mp3,2529
v06186,vằn,v06186.mp3,3798
v06187,vằng,v06187.mp3,4736
v06188,vẳn,v06188.mp3,5867
v06189,vẳng,v06189.mp3,4717
v06190,vặc,v06190.mp3,5506
v06191,vặn,v06191.mp3,3121
v06192,vặt,v06192.mp3,2068
v06193,vẹm,v06193.mp3,5354
v06194,vẹn,v06194.mp3,1638
v06195,vẹo,v06195.mp3,3475
v06196,vẹt,v06196.mp3,3549
v06197,vẻ,v06197.mp3,841
v06198,vẻn,v06198.mp3,4451
v06199,vẻo,v06199.mp3,4677
v06200,vẽ,v06200.mp3,1515
v06201,vế,v06201.mp3,3533
v06202,vết,v06202.mp3,1086
v06203,về,v06203.mp3,19
v06204,vều,v06204.mp3,6826
v06205,vể,v06205.mp3,5187
v06206,vểnh,v06206.mp3,5683
v06207,vệ,v06207.mp3,440
v06208,vện,v06208.mp3,5695
v06209,vệnh,v06209.mp3,5738
v06210,vệt,v06210.mp3,3207
v06211,vỉ,v06211.mp3,3662
v06212,vỉa,v06212.mp3,1772
v06213,vị,v06213.mp3,229
v06214,vịn,v06214.mp3,4042
v06215,vịnh,v06215.mp3,1801
v06216,vịt,v06216.mp3,2019
v06217,vọ,v06217.mp3,6708
v06218,vọc,v06218.mp3,6899
v06219,vọn,v06219.mp3,6089
v06220,vọng,v06220.mp3,673
v06221,vọp,v06221.mp3,6034
v06222,vọt,v06222.mp3,2465
v06223,vỏ,v06223.mp3,1471
v06224,vỏn,v06224.mp3,3286
v06225,vố,v06225.mp3,5628
v06226,vốc,v06226.mp3,5316
v06227,vối,v06227.mp3,4512
v06228,vốn,v06228.mp3,475
v06229,vống,v06229.mp3,5564
v06230,vồ,v06230.mp3,3813
v06231,vồm,v06231.mp3,6265
v06232,vồn,v06232.mp3,5043
v06233,vồng,v06233.mp3,3524
v06234,vổ,v06234.mp3,6176
v06235,vỗ,v06235.mp3,2453
v06236,vội,v06236.mp3,1598
v06237,vớ,v06237.mp3,3322
v06238,với,v06238.mp3,11
v06239,vớt,v06239.mp3,2063
v06240,vờ,v06240.mp3,2546
v06241,vời,v06241.mp3,1618
v06242,vờn,v06242.mp3,4981
v06243,vở,v06243.mp3,1586
v06244,vởi,v06244.mp3,6707
v06245,vởn,v06245.mp3,5260
v06246,vỡ,v06246.mp3,1190
v06247,vợ,v06247.mp3,337
v06248,vợi,v06248.mp3,4796
v06249,vợt,v06249.mp3,3152
v06250,vụ,v06250.mp3,83
v06251,vục,v06251.mp3,5456
v06252,vụn,v06252.mp3,2761
v06253,vụng,v06253.mp3,3194
v06254,vụt,v06254.mp3,3349
v06255,vủ,v06255.mp3,6774
v06256,vức,v06256.mp3,4872
v06257,vứt,v06257.mp3,2113
v06258,vừ,v06258.mp3,4206
v06259,vừa,v06259.mp3,277
v06260,vừng,v06260.mp3,3315
v06261,vửa,v06261.mp3,6264
v06262,vữa,v06262.mp3,3133
v06263,vững,v06263.mp3,956
v06264,vự,v06264.mp3,6526
v06265,vựa,v06265.mp3,3050
v06266,vực,v06266.mp3,265
v06267,vựng,v06267.mp3,3098
v06268,vỳ,v06268.mp3,5554
v06269,vỵ,v06269.mp3,5627
v06270,vỹ,v06270.mp3,2570
v06271,xa,v06271.mp3,684
v06272,xai,v06272.mp3,6325
v06273,xam,v06273.mp3,5788
v06274,xan,v06274.mp3,5663
v06275,xang,v06275.mp3,4801
v06276,xanh,v06276.mp3,755
v06277,xao,v06277.mp3,1925
v06278,xay,v06278.mp3,2343
v06279,xe,v06279.mp3,99
v06280,xem,v06280.mp3,406
v06281,xen,v06281.mp3,2221
v06282,xeng,v06282.mp3,6139
v06283,xeo,v06283.mp3,4997
v06284,xi,v06284.mp3,1778
v06285,xia,v06285.mp3,6379
v06286,xim,v06286.mp3,6456
v06287,xin,v06287.mp3,504
v06288,xinh,v06288.mp3,1351
v06289,xiu,v06289.mp3,5545
v06290,xiêm,v06290.mp3,3294
v06291,xiên,v06291.mp3,3573
v06292,xiêng,v06292.mp3,4833
v06293,xiêu,v06293.mp3,3566
v06294,xiếc,v06294.mp3,2780
v06295,xiết,v06295.mp3,2995
v06296,xiếu,v06296.mp3,6572
v06297,xiềng,v06297.mp3,5327
v06298,xiều,v06298.mp3,5866
v06299,xiển,v06299.mp3,4001
v06300,xiểng,v06300.mp3,6457
v06301,xiệc,v06301.mp3,6704
v06302,xo,v06302.mp3,4112
v06303,xoa,v06303.mp3,2492
v06304,xoan,v06304.mp3,3559
v06305,xoang,v06305.mp3,2969
v06306,xoanh,v06306.mp3,7046
v06307,xoay,v06307.mp3,1671
v06308,xoe,v06308.mp3,4837
v06309,xoi,v06309.mp3,6076
v06310,xom,v06310.mp3,4382
v06311,xon,v06311.mp3,6493
v06312,xong,v06312.mp3,934
v06313,xoong,v06313.mp3,3727
v06314,xoà,v06314.mp3,4117
v06315,xoài,v06315.mp3,2201
v06316,xoàm,v06316.mp3,6948
v06317,xoàn,v06317.mp3,4735
v06318,xoàng,v06318.mp3,5365
v06319,xoành,v06319.mp3,5660
v06320,xoá,v06320.mp3,1557
v06321,xoáy,v06321.mp3,2469
v06322,xoã,v06322.mp3,4650
v06323,xoè,v06323.mp3,3459
v06324,xoăn,v06324.mp3,3584
v06325,xoạc,v06325.mp3,5544
v06326,xoảng,v06326.mp3,5563
v06327,xoẹt,v06327.mp3,5826
v06328,xoọng,v06328.mp3,6492
v06329,xu,v06329.mp3,1195
v06330,xua,v06330.mp3,2885
v06331,xui,v06331.mp3,3446
v06332,xum,v06332.mp3,4607
v06333,xun,v06333.mp3,5929
v06334,xung,v06334.mp3,1029
v06335,xuyên,v06335.mp3,694
v06336,xuyến,v06336.mp3,2968
v06337,xuyết,v06337.mp3,4614
v06338,xuyền,v06338.mp3,5052
v06339,xuyệt,v06339.mp3,5107
v06340,xuân,v06340.mp3,528
v06341,xuê,v06341.mp3,4805
v06342,xuôi,v06342.mp3,2300
v06343,xuông,v06343.mp3,5928
v06344,xuý,v06344.mp3,4741
v06345,xuýt,v06345.mp3,3908
v06346,xuấn,v06346.mp3,7040
v06347,xuất,v06347.mp3,150
v06348,xuẩn,v06348.mp3,5533
v06349,xuống,v06349.mp3,479
v06350,xuốt,v06350.mp3,7037
v06351,xuồng,v06351.mp3,2908
v06352,xy,v06352.mp3,3848
v06353,xà,v06353.mp3,2064
v06354,xài,v06354.mp3,2266
v06355,xàm,v06355.mp3,5729
v06356,xào,v06356.mp3,2218
v06357,xá,v06357.mp3,1738
v06358,xác,v06358.mp3,393
v06359,xách,v06359.mp3,1722
v06360,xái,v06360.mp3,5482
v06361,xám,v06361.mp3,2701
v06362,xán,v06362.mp3,5140
v06363,xáng,v06363.mp3,4323
v06364,xáo,v06364.mp3,2689
v06365,xáp,v06365.mp3,6773
v06366,xát,v06366.mp3,2046
v06367,xáy,v06367.mp3,6950
v06368,xâm,v06368.mp3,1397
v06369,xân,v06369.mp3,6423
v06370,xâu,v06370.mp3,3892
v06371,xây,v06371.mp3,275
v06372,xã,v06372.mp3,148
v06373,xè,v06373.mp3,4998
v06374,xèng,v06374.mp3,5417
v06375,xèo,v06375.mp3,3597
v06376,xé,v06376.mp3,2574
v06377,xéc,v06377.mp3,6824
v06378,xém,v06378.mp3,4066
v06379,xén,v06379.mp3,3447
v06380,xéo,v06380.mp3,3961
v06381,xép,v06381.mp3,4367
v06382,xét,v06382.mp3,380
v06383,xê,v06383.mp3,2551
v06384,xêm,v06384.mp3,6525
v06385,xên,v06385.mp3,5850
v06386,xênh,v06386.mp3,5610
v06387,xì,v06387.mp3,2230
v06388,xìn,v06388.mp3,6033
v06389,xình,v06389.mp3,4565
v06390,xìu,v06390.mp3,5121
v06391,xí,v06391.mp3,2196
v06392,xía,v06392.mp3,5602
v06393,xích,v06393.mp3,2018
v06394,xín,v06394.mp3,4942
v06395,xính,v06395.mp3,4742
v06396,xít,v06396.mp3,3073
v06397,xíu,v06397.mp3,2749
v06398,xòm,v06398.mp3,7044
v06399,xó,v06399.mp3,4275
v06400,xóc,v06400.mp3,3805
v06401,xói,v06401.mp3,3299
v06402,xóm,v06402.mp3,1158
v06403,xót,v06403.mp3,1973
v06404,xô,v06404.mp3,1636
v06405,xôi,v06405.mp3,2077
v06406,xôm,v06406.mp3,4766
v06407,xôn,v06407.mp3,2100
v06408,xông,v06408.mp3,1950
v06409,xù,v06409.mp3,3091
v06410,xùa,v06410.mp3,5659
v06411,xùi,v06411.mp3,6421
v06412,xùm,v06412.mp3,3005
v06413,xú,v06413.mp3,4688
v06414,xúc,v06414.mp3,605
v06415,xúi,v06415.mp3,3785
v06416,xúm,v06416.mp3,3902
v06417,xúng,v06417.mp3,4715
v06418,xúp,v06418.mp3,5220
v06419,xút,v06419.mp3,4923
v06420,xăm,v06420.mp3,2326
v06421,xăn,v06421.mp3,6706
v06422,xăng,v06422.mp3,1016
v06423,xĩnh,v06423.mp3,6823
v06424,xơ,v06424.mp3,1848
v06425,xơi,v06425.mp3,4484
v06426,xơm,v06426.mp3,7042
v06427,xư,v06427.mp3,6263
v06428,xưa,v06428.mp3,1374
v06429,xưng,v06429.mp3,2293
v06430,xương,v06430.mp3,1227
v06431,xước,v06431.mp3,2847
v06432,xướng,v06432.mp3,2445
v06433,xướt,v06433.mp3,6300
v06434,xườn,v06434.mp3,7038
v06435,xường,v06435.mp3,5203
v06436,xưởng,v06436.mp3,1807
v06437,xược,v06437.mp3,5343
v06438,xượt,v06438.mp3,7036
v06439,xạ,v06439.mp3,1774
v06440,xạc,v06440.mp3,5158
v06441,xạch,v06441.mp3,6952
v06442,xạm,v06442.mp3,5682
v06443,xạo,v06443.mp3,5315
v06444,xả,v06444.mp3,1501
v06445,xản,v06445.mp3,6951
v06446,xảnh,v06446.mp3,7049
v06447,xảo,v06447.mp3,2698
v06448,xảy,v06448.mp3,445
v06449,xấc,v06449.mp3,5418
v06450,xấp,v06450.mp3,2557
v06451,xấu,v06451.mp3,983
v06452,xầm,v06452.mp3,5032
v06453,xẩm,v06453.mp3,3438
v06454,xẩu,v06454.mp3,5522
v06455,xẩy,v06455.mp3,4232
v06456,xập,v06456.mp3,3995
v06457,xậy,v06457.mp3,7048
v06458,xắc,v06458.mp3,4825
v06459,xắn,v06459.mp3,2443
v06460,xắp,v06460.mp3,5295
v06461,xắt,v06461.mp3,3567
v06462,xằng,v06462.mp3,6705
v06463,xẵng,v06463.mp3,6825
v06464,xẹc,v06464.mp3,7047
v06465,xẹo,v06465.mp3,6422
v06466,xẹp,v06466.mp3,4233
v06467,xẹt,v06467.mp3,4887
v06468,xẻ,v06468.mp3,2410
v06469,xẻn,v06469.mp3,5427
v06470,xẻng,v06470.mp3,4080
v06471,xẻo,v06471.mp3,3844
v06472,xế,v06472.mp3,1080
v06473,xếch,v06473.mp3,5382
v06474,xếnh,v06474.mp3,6174
v06475,xếp,v06475.mp3,905
v06476,xề,v06476.mp3,5806
v06477,xềnh,v06477.mp3,5770
v06478,xệ,v06478.mp3,3053
v06479,xệch,v06479.mp3,4553
v06480,xện,v06480.mp3,6614
v06481,xỉ,v06481.mp3,2112
v06482,xỉa,v06482.mp3,4575
v06483,xỉn,v06483.mp3,3012
v06484,xỉnh,v06484.mp3,6571
v06485,xỉu,v06485.mp3,2640
v06486,xị,v06486.mp3,4538
v06487,xịch,v06487.mp3,5170
v06488,xịn,v06488.mp3,3227
v06489,xịt,v06489.mp3,2592
v06490,xọp,v06490.mp3,6613
v06491,xỏ,v06491.mp3,3832
v06492,xỏn,v06492.mp3,6898
v06493,xố,v06493.mp3,5294
v06494,xốc,v06494.mp3,4296
v06495,xối,v06495.mp3,3708
v06496,xốm,v06496.mp3,7043
v06497,xốn,v06497.mp3,4916
v06498,xốp,v06498.mp3,2657
v06499,xốt,v06499.mp3,4198
v06500,xồ,v06500.mp3,5706
v06501,xồm,v06501.mp3,5353
v06502,xồng,v06502.mp3,4657
v06503,xổ,v06503.mp3,2268
v06504,xổi,v06504.mp3,4635
v06505,xổm,v06505.mp3,4461
v06506,xổng,v06506.mp3,5543
v06507,xộ,v06507.mp3,5662
v06508,xộc,v06508.mp3,4074
v06509,xộn,v06509.mp3,3007
v06510,xớ,v06510.mp3,6949
v06511,xới,v06511.mp3,3551
v06512,xớt,v06512.mp3,6111
v06513,xờ,v06513.mp3,6822
v06514,xờm,v06514.mp3,6661
v06515,xở,v06515.mp3,3477
v06516,xởi,v06516.mp3,5311
v06517,xợt,v06517.mp3,7041
v06518,xục,v06518.mp3,6821
v06519,xụi,v06519.mp3,6820
v06520,xụp,v06520.mp3,4055
v06521,xủn,v06521.mp3,6703
v06522,xứ,v06522.mp3,1385
v06523,xức,v06523.mp3,5213
v06524,xứng,v06524.mp3,1547
v06525,xừ,v06525.mp3,6003
v06526,xử,v06526.mp3,313
v06527,xửa,v06527.mp3,5426
v06528,xửng,v06528.mp3,5493
v06529,xững,v06529.mp3,6772
v06530,xự,v06530.mp3,5749
v06531,xựng,v06531.mp3,7039
v06532,y,v06532.mp3,401
v06533,yêm,v06533.mp3,5139
v06534,yên,v06534.mp3,697
v06535,yêng,v06535.mp3,5805
v06536,yêu,v06536.mp3,194
v06537,yếm,v06537.mp3,3021
v06538,yến,v06538.mp3,1408
v06539,yết,v06539.mp3,1628
v06540,yếu,v06540.mp3,524
v06541,yều,v06541.mp3,5481
v06542,yểm,v06542.mp3,4281
v06543,yểng,v06543.mp3,6819
v06544,yểu,v06544.mp3,4225
v06545,à,v06545.mp3,2350
v06546,àm,v06546.mp3,7035
v06547,àn,v06547.mp3,7184
v06548,àng,v06548.mp3,7183
v06549,ành,v06549.mp3,5804
v06550,ào,v06550.mp3,2111
v06551,á,v06551.mp3,862
v06552,ác,v06552.mp3,1692
v06553,ách,v06553.mp3,2625
v06554,ái,v06554.mp3,1381
v06555,ám,v06555.mp3,1789
v06556,án,v06556.mp3,122
v06557,áng,v06557.mp3,2684
v06558,ánh,v06558.mp3,768
v06559,áo,v06559.mp3,739
v06560,áp,v06560.mp3,554
v06561,át,v06561.mp3,3243
v06562,áy,v06562.mp3,4014
v06563,âm,v06563.mp3,675
v06564,ân,v06564.mp3,1490
v06565,âng,v06565.mp3,7034
v06566,âu,v06566.mp3,1109
v06567,ây,v06567.mp3,5960
v06568,ã,v06568.mp3,4841
v06569,è,v06569.mp3,5453
v06570,èo,v06570.mp3,4515
v06571,é,v06571.mp3,5359
v06572,éc,v06572.mp3,5976
v06573,ém,v06573.mp3,4195
v06574,én,v06574.mp3,3531
v06575,éo,v06575.mp3,3482
v06576,ép,v06576.mp3,1258
v06577,ét,v06577.mp3,5975
v06578,ê,v06578.mp3,2159
v06579,êm,v06579.mp3,2449
v06580,ên,v06580.mp3,5820
v06581,êu,v06581.mp3,6521
v06582,ì,v06582.mp3,3360
v06583,ình,v06583.mp3,5189
v06584,í,v06584.mp3,4722
v06585,ía,v06585.mp3,6444
v06586,ích,v06586.mp3,853
v06587,ín,v06587.mp3,7140
v06588,ít,v06588.mp3,498
v06589,ò,v06589.mp3,6538
v06590,ó,v06590.mp3,4140
v06591,óc,v06591.mp3,2467
v06592,ói,v06592.mp3,2895
v06593,ón,v06593.mp3,6023
v06594,óng,v06594.mp3,3532
v06595,óp,v06595.mp3,6509
v06596,ót,v06596.mp3,5499
v06597,ô,v06597.mp3,714
v06598,ôi,v06598.mp3,2874
v06599,ôm,v06599.mp3,1292
v06600,ôn,v06600.mp3,1819
v06601,ông,v06601.mp3,35
v06602,õn,v06602.mp3,7103
v06603,õng,v06603.mp3,5859
v06604,ù,v06604.mp3,3996
v06605,ùa,v06605.mp3,3521
v06606,ùm,v06606.mp3,5595
v06607,ùn,v06607.mp3,1623
v06608,ùng,v06608.mp3,5603
v06609,ú,v06609.mp3,3858
v06610,úa,v06610.mp3,4273
v06611,úc,v06611.mp3,1806
v06612,úi,v06612.mp3,6213
v06613,úm,v06613.mp3,5534
v06614,ún,v06614.mp3,6354
v06615,úng,v06615.mp3,2541
v06616,úp,v06616.mp3,2888
v06617,út,v06617.mp3,1802
v06618,ý,v06618.mp3,193
v06619,ăm,v06619.mp3,4561
v06620,ăn,v06620.mp3,198
v06621,ăng,v06621.mp3,4257
v06622,đa,v06622.mp3,519
v06623,đai,v06623.mp3,1600
v06624,đam,v06624.mp3,1345
v06625,đan,v06625.mp3,1793
v06626,đang,v06626.mp3,97
v06627,đanh,v06627.mp3,3811
v06628,đao,v06628.mp3,2763
v06629,đau,v06629.mp3,683
v06630,đay,v06630.mp3,3541
v06631,đe,v06631.mp3,1442
v06632,đem,v06632.mp3,1066
v06633,đen,v06633.mp3,1077
v06634,đeng,v06634.mp3,6206
v06635,đeo,v06635.mp3,1714
v06636,đi,v06636.mp3,72
v06637,đia,v06637.mp3,5531
v06638,đin,v06638.mp3,4884
v06639,đinh,v06639.mp3,1118
v06640,điêm,v06640.mp3,6150
v06641,điên,v06641.mp3,2073
v06642,điêng,v06642.mp3,6807
v06643,điêu,v06643.mp3,2270
v06644,điếc,v06644.mp3,3250
v06645,điếm,v06645.mp3,4299
v06646,điến,v06646.mp3,6086
v06647,điếng,v06647.mp3,4464
v06648,điếp,v06648.mp3,6451
v06649,điếu,v06649.mp3,2881
v06650,điềm,v06650.mp3,2943
v06651,điền,v06651.mp3,1723
v06652,điều,v06652.mp3,66
v06653,điểm,v06653.mp3,139
v06654,điển,v06654.mp3,1298
v06655,điểu,v06655.mp3,2855
v06656,điễn,v06656.mp3,5881
v06657,điệm,v06657.mp3,6565
v06658,điện,v06658.mp3,247
v06659,điệp,v06659.mp3,1467
v06660,điệu,v06660.mp3,1437
v06661,đo,v06661.mp3,1544
v06662,đoa,v06662.mp3,4517
v06663,đoan,v06663.mp3,2214
v06664,đoanh,v06664.mp3,7167
v06665,đom,v06665.mp3,3368
v06666,đon,v06666.mp3,4769
v06667,đong,v06667.mp3,3087
v06668,đoà,v06668.mp3,7168
v06669,đoài,v06669.mp3,4107
v06670,đoàn,v06670.mp3,335
v06671,đoàng,v06671.mp3,5584
v06672,đoá,v06672.mp3,3318
v06673,đoái,v06673.mp3,3870
v06674,đoán,v06674.mp3,1174
v06675,đoòng,v06675.mp3,3187
v06676,đoạ,v06676.mp3,4325
v06677,đoạn,v06677.mp3,503
v06678,đoạt,v06678.mp3,1123
v06679,đoản,v06679.mp3,4256
v06680,đoảng,v06680.mp3,5348
v06681,đu,v06681.mp3,2560
v06682,đua,v06682.mp3,1395
v06683,đui,v06683.mp3,6029
v06684,đun,v06684.mp3,2329
v06685,đung,v06685.mp3,4790
v06686,đuôi,v06686.mp3,1993
v06687,đuông,v06687.mp3,4217
v06688,đuốc,v06688.mp3,4145
v06689,đuối,v06689.mp3,2135
v06690,đuống,v06690.mp3,4896
v06691,đuổi,v06691.mp3,1160
v06692,đà,v06692.mp3,663
v06693,đài,v06693.mp3,910
v06694,đàm,v06694.mp3,1151
v06695,đàn,v06695.mp3,581
v06696,đàng,v06696.mp3,2526
v06697,đành,v06697.mp3,1766
v06698,đào,v06698.mp3,534
v06699,đàu,v06699.mp3,5864
v06700,đày,v06700.mp3,3907
v06701,đá,v06701.mp3,749
v06702,đác,v06702.mp3,3896
v06703,đách,v06703.mp3,6942
v06704,đái,v06704.mp3,2665
v06705,đám,v06705.mp3,982
v06706,đán,v06706.mp3,1982
v06707,đáng,v06707.mp3,600
v06708,đánh,v06708.mp3,323
v06709,đáo,v06709.mp3,1364
v06710,đáp,v06710.mp3,840
v06711,đát,v06711.mp3,3542
v06712,đáu,v06712.mp3,3639
v06713,đáy,v06713.mp3,1996
v06714,đâm,v06714.mp3,1140
v06715,đân,v06715.mp3,6001
v06716,đâu,v06716.mp3,753
v06717,đây,v06717.mp3,115
v06718,đã,v06718.mp3,13
v06719,đãi,v06719.mp3,1291
v06720,đãng,v06720.mp3,2894
v06721,đè,v06721.mp3,2208
v06722,đèm,v06722.mp3,6940
v06723,đèn,v06723.mp3,1262
v06724,đèo,v06724.mp3,2250
v06725,đéc,v06725.mp3,3466
v06726,đém,v06726.mp3,6692
v06727,đén,v06727.mp3,5926
v06728,đét,v06728.mp3,5341
v06729,đê,v06729.mp3,2195
v06730,đêm,v06730.mp3,565
v06731,đên,v06731.mp3,4711
v06732,đênh,v06732.mp3,3880
v06733,đêu,v06733.mp3,6566
v06734,đì,v06734.mp3,5169
v06735,đìa,v06735.mp3,4134
v06736,đình,v06736.mp3,163
v06737,đìu,v06737.mp3,4710
v06738,đía,v06738.mp3,7171
v06739,đích,v06739.mp3,1034
v06740,đính,v06740.mp3,2227
v06741,đíp,v06741.mp3,5624
v06742,đít,v06742.mp3,4964
v06743,đò,v06743.mp3,2558
v06744,đòi,v06744.mp3,1015
v06745,đòn,v06745.mp3,2386
v06746,đòng,v06746.mp3,5024
v06747,đó,v06747.mp3,33
v06748,đóc,v06748.mp3,7166
v06749,đói,v06749.mp3,1707
v06750,đóm,v06750.mp3,3309
v06751,đón,v06751.mp3,831
v06752,đóng,v06752.mp3,521
v06753,đóp,v06753.mp3,6374
v06754,đót,v06754.mp3,5518
v06755,đô,v06755.mp3,661
v06756,đôi,v06756.mp3,668
v06757,đôm,v06757.mp3,5980
v06758,đôn,v06758.mp3,2086
v06759,đông,v06759.mp3,339
v06760,đõ,v06760.mp3,6133
v06761,đù,v06761.mp3,5646
v06762,đùa,v06762.mp3,1874
v06763,đùi,v06763.mp3,2169
v06764,đùm,v06764.mp3,3503
v06765,đùn,v06765.mp3,3905
v06766,đùng,v06766.mp3,3172
v06767,đú,v06767.mp3,5979
v06768,đúa,v06768.mp3,5397
v06769,đúc,v06769.mp3,2025
v06770,đúm,v06770.mp3,4914
v06771,đún,v06771.mp3,6601
v06772,đúng,v06772.mp3,449
v06773,đúp,v06773.mp3,4161
v06774,đút,v06774.mp3,3237
v06775,đăm,v06775.mp3,4472
v06776,đăng,v06776.mp3,497
v06777,đĩ,v06777.mp3,5016
v06778,đĩa,v06778.mp3,1758
v06779,đĩnh,v06779.mp3,4015
v06780,đũa,v06780.mp3,2528
v06781,đũi,v06781.mp3,5821
v06782,đũng,v06782.mp3,5977
v06783,đơ,v06783.mp3,4137
v06784,đơm,v06784.mp3,4354
v06785,đơn,v06785.mp3,287
v06786,đư,v06786.mp3,6257
v06787,đưa,v06787.mp3,236
v06788,đưng,v06788.mp3,5100
v06789,đươi,v06789.mp3,6803
v06790,đương,v06790.mp3,1009
v06791,đước,v06791.mp3,4126
v06792,đưới,v06792.mp3,6108
v06793,đướng,v06793.mp3,7014
v06794,đười,v06794.mp3,5517
v06795,đườn,v06795.mp3,6761
v06796,đường,v06796.mp3,117
v06797,đưỡng,v06797.mp3,6760
v06798,được,v06798.mp3,6
v06799,đượm,v06799.mp3,3980
v06800,đượng,v06800.mp3,6203
v06801,đạ,v06801.mp3,3420
v06802,đạc,v06802.mp3,2093
v06803,đạch,v06803.mp3,6208
v06804,đại,v06804.mp3,108
v06805,đạm,v06805.mp3,1922
v06806,đạn,v06806.mp3,1666
v06807,đạng,v06807.mp3,5847
v06808,đạo,v06808.mp3,239
v06809,đạp,v06809.mp3,1466
v06810,đạt,v06810.mp3,419
v06811,đả,v06811.mp3,2608
v06812,đảm,v06812.mp3,452
v06813,đản,v06813.mp3,3131
v06814,đảng,v06814.mp3,577
v06815,đảnh,v06815.mp3,4568
v06816,đảo,v06816.mp3,646
v06817,đấm,v06817.mp3,2654
v06818,đấng,v06818.mp3,3471
v06819,đất,v06819.mp3,276
v06820,đấu,v06820.mp3,728
v06821,đấy,v06821.mp3,1365
v06822,đầm,v06822.mp3,1860
v06823,đần,v06823.mp3,3626
v06824,đầu,v06824.mp3,46
v06825,đầy,v06825.mp3,637
v06826,đẩm,v06826.mp3,6941
v06827,đẩu,v06827.mp3,3646
v06828,đẩy,v06828.mp3,744
v06829,đẫm,v06829.mp3,2897
v06830,đẫn,v06830.mp3,4829
v06831,đẫy,v06831.mp3,4746
v06832,đậm,v06832.mp3,1535
v06833,đận,v06833.mp3,3867
v06834,đập,v06834.mp3,1257
v06835,đật,v06835.mp3,4828
v06836,đậu,v06836.mp3,1164
v06837,đậy,v06837.mp3,2964
v06838,đắc,v06838.mp3,1587
v06839,đắm,v06839.mp3,2446
v06840,đắn,v06840.mp3,2096
v06841,đắng,v06841.mp3,2178
v06842,đắp,v06842.mp3,1689
v06843,đắt,v06843.mp3,1438
v06844,đằm,v06844.mp3,3703
v06845,đằng,v06845.mp3,1835
v06846,đẳng,v06846.mp3,1157
v06847,đẵng,v06847.mp3,4300
v06848,đặc,v06848.mp3,306
v06849,đặn,v06849.mp3,2222
v06850,đặng,v06850.mp3,1246
v06851,đặp,v06851.mp3,7173
v06852,đặt,v06852.mp3,507
v06853,đẹp,v06853.mp3,405
v06854,đẹt,v06854.mp3,5025
v06855,đẻ,v06855.mp3,1553
v06856,đẻn,v06856.mp3,5747
v06857,đẽ,v06857.mp3,3199
v06858,đẽo,v06858.mp3,4059
v06859,đế,v06859.mp3,2061
v06860,đếm,v06860.mp3,2170
v06861,đến,v06861.mp3,18
v06862,đết,v06862.mp3,7172
v06863,đếu,v06863.mp3,6808
v06864,đề,v06864.mp3,144
v06865,đềm,v06865.mp3,3815
v06866,đền,v06866.mp3,1425
v06867,đều,v06867.mp3,305
v06868,để,v06868.mp3,15
v06869,đểm,v06869.mp3,5905
v06870,đển,v06870.mp3,5412
v06871,đểu,v06871.mp3,3795
v06872,đễ,v06872.mp3,5145
v06873,đễn,v06873.mp3,6889
v06874,đễnh,v06874.mp3,5274
v06875,đệ,v06875.mp3,2281
v06876,đệm,v06876.mp3,2320
v06877,đệp,v06877.mp3,6452
v06878,đỉa,v06878.mp3,3865
v06879,đỉnh,v06879.mp3,1391
v06880,đị,v06880.mp3,6072
v06881,địa,v06881.mp3,235
v06882,địch,v06882.mp3,1865
v06883,định,v06883.mp3,50
v06884,địu,v06884.mp3,4519
v06885,đọ,v06885.mp3,3877
v06886,đọc,v06886.mp3,721
v06887,đọi,v06887.mp3,5637
v06888,đọng,v06888.mp3,2091
v06889,đọt,v06889.mp3,4704
v06890,đỏ,v06890.mp3,863
v06891,đỏi,v06891.mp3,5529
v06892,đỏm,v06892.mp3,6044
v06893,đỏng,v06893.mp3,4852
v06894,đố,v06894.mp3,2821
v06895,đốc,v06895.mp3,505
v06896,đối,v06896.mp3,119
v06897,đốm,v06897.mp3,3224
v06898,đốn,v06898.mp3,2564
v06899,đống,v06899.mp3,1540
v06900,đốp,v06900.mp3,4712
v06901,đốt,v06901.mp3,1468
v06902,đồ,v06902.mp3,615
v06903,đồi,v06903.mp3,1923
v06904,đồm,v06904.mp3,4509
v06905,đồn,v06905.mp3,1342
v06906,đồng,v06906.mp3,30
v06907,đổ,v06907.mp3,861
v06908,đổi,v06908.mp3,274
v06909,đổm,v06909.mp3,5863
v06910,đổng,v06910.mp3,3512
v06911,đỗ,v06911.mp3,965
v06912,đỗi,v06912.mp3,3257
v06913,độ,v06913.mp3,220
v06914,độc,v06914.mp3,594
v06915,đội,v06915.mp3,468
v06916,độn,v06916.mp3,3214
v06917,động,v06917.mp3,64
v06918,độp,v06918.mp3,6204
v06919,đột,v06919.mp3,996
v06920,đớ,v06920.mp3,7169
v06921,đới,v06921.mp3,1992
v06922,đớn,v06922.mp3,1735
v06923,đớp,v06923.mp3,5168
v06924,đớt,v06924.mp3,6319
v06925,đờ,v06925.mp3,3725
v06926,đời,v06926.mp3,459
v06927,đờm,v06927.mp3,3617
v06928,đờn,v06928.mp3,3513
v06929,đở,v06929.mp3,4681
v06930,đởm,v06930.mp3,7165
v06931,đỡ,v06931.mp3,940
v06932,đợ,v06932.mp3,5703
v06933,đợi,v06933.mp3,1165
v06934,đợn,v06934.mp3,6938
v06935,đợt,v06935.mp3,1041
v06936,đục,v06936.mp3,2319
v06937,đụn,v06937.mp3,5340
v06938,đụng,v06938.mp3,2307
v06939,đụp,v06939.mp3,6084
v06940,đụt,v06940.mp3,6883
v06941,đủ,v06941.mp3,413
v06942,đủi,v06942.mp3,4952
v06943,đủng,v06943.mp3,4968
v06944,đứ,v06944.mp3,6420
v06945,đứa,v06945.mp3,823
v06946,đức,v06946.mp3,448
v06947,đứng,v06947.mp3,667
v06948,đứt,v06948.mp3,1954
v06949,đừ,v06949.mp3,5015
v06950,đừng,v06950.mp3,1139
v06951,đự,v06951.mp3,6936
v06952,đựa,v06952.mp3,7163
v06953,đực,v06953.mp3,3017
v06954,đựng,v06954.mp3,1580
v06955,ĩ,v06955.mp3,3328
v06956,ơ,v06956.mp3,2950
v06957,ơi,v06957.mp3,1906
v06958,ơm,v06958.mp3,6080
v06959,ơn,v06959.mp3,1102
v06960,ư,v06960.mp3,2658
v06961,ưa,v06961.mp3,1929
v06962,ưng,v06962.mp3,2569
v06963,ưu,v06963.mp3,800
v06964,ươi,v06964.mp3,4814
v06965,ươm,v06965.mp3,2819
v06966,ươn,v06966.mp3,4457
v06967,ương,v06967.mp3,703
v06968,ước,v06968.mp3,879
v06969,ướm,v06969.mp3,5096
v06970,ướng,v06970.mp3,6382
v06971,ướp,v06971.mp3,2372
v06972,ướt,v06972.mp3,2249
v06973,ười,v06973.mp3,6710
v06974,ườn,v06974.mp3,6494
v06975,ường,v06975.mp3,5912
v06976,ưởng,v06976.mp3,6953
v06977,ược,v06977.mp3,6527
v06978,ượng,v06978.mp3,6458
v06979,ạ,v06979.mp3,2015
v06980,ạch,v06980.mp3,4150
v06981,ại,v06981.mp3,5562
v06982,ạnh,v06982.mp3,6818
v06983,ạt,v06983.mp3,2488
v06984,ả,v06984.mp3,2721
v06985,ải,v06985.mp3,3491
v06986,ảm,v06986.mp3,3415
v06987,ản,v06987.mp3,6378
v06988,ảng,v06988.mp3,5626
v06989,ảnh,v06989.mp3,184
v06990,ảo,v06990.mp3,1688
v06991,ấm,v06991.mp3,1189
v06992,ấn,v06992.mp3,832
v06993,ấp,v06993.mp3,1485
v06994,ất,v06994.mp3,2547
v06995,ấu,v06995.mp3,2756
v06996,ấy,v06996.mp3,454
v06997,ầm,v06997.mp3,2613
v06998,ần,v06998.mp3,6155
v06999,ầng,v06999.mp3,6524
v07000,ầu,v07000.mp3,5649
v07001,ẩm,v07001.mp3,1404
v07002,ẩn,v07002.mp3,1356
v07003,ẩu,v07003.mp3,2606
v07004,ậc,v07004.mp3,6702
v07005,ậm,v07005.mp3,4569
v07006,ập,v07006.mp3,2187
v07007,ắc,v07007.mp3,3952
v07008,ắng,v07008.mp3,3854
v07009,ắp,v07009.mp3,3320
v07010,ắt,v07010.mp3,3769
v07011,ẳng,v07011.mp3,6173
v07012,ẹ,v07012.mp3,6131
v07013,ẹc,v07013.mp3,7159
v07014,ẹo,v07014.mp3,5540
v07015,ẹp,v07015.mp3,4777
v07016,ẹt,v07016.mp3,7156
v07017,ẻm,v07017.mp3,6802
v07018,ẻn,v07018.mp3,6882
v07019,ẻo,v07019.mp3,5503
v07020,ế,v07020.mp3,2723
v07021,ếch,v07021.mp3,2953
v07022,ết,v07022.mp3,7157
v07023,ềnh,v07023.mp3,6560
v07024,ển,v07024.mp3,7158
v07025,ễnh,v07025.mp3,5846
v07026,ệch,v07026.mp3,6759
v07027,ỉ,v07027.mp3,3592
v07028,ỉa,v07028.mp3,5575
v07029,ỉm,v07029.mp3,4817
v07030,ỉn,v07030.mp3,5080
v07031,ỉu,v07031.mp3,5675
v07032,ị,v07032.mp3,5325
v07033,ịch,v07033.mp3,5995
v07034,ọ,v07034.mp3,6187
v07035,ọc,v07035.mp3,5874
v07036,ọp,v07036.mp3,4768
v07037,ỏ,v07037.mp3,5920
v07038,ỏi,v07038.mp3,2677
v07039,ỏm,v07039.mp3,5965
v07040,ỏn,v07040.mp3,5872
v07041,ỏng,v07041.mp3,6398
v07042,ố,v07042.mp3,3866
v07043,ốc,v07043.mp3,1687
v07044,ối,v07044.mp3,3426
v07045,ốm,v07045.mp3,1859
v07046,ống,v07046.mp3,1323
v07047,ốp,v07047.mp3,3432
v07048,ốt,v07048.mp3,3186
v07049,ồ,v07049.mp3,2403
v07050,ồm,v07050.mp3,5830
v07051,ồn,v07051.mp3,2001
v07052,ồng,v07052.mp3,5919
v07053,ổ,v07053.mp3,1894
v07054,ổi,v07054.mp3,3109
v07055,ổn,v07055.mp3,798
v07056,ổng,v07056.mp3,3698
v07057,ộ,v07057.mp3,7104
v07058,ộp,v07058.mp3,5710
v07059,ớ,v07059.mp3,4343
v07060,ới,v07060.mp3,4859
v07061,ớn,v07061.mp3,4291
v07062,ớt,v07062.mp3,1967
v07063,ờ,v07063.mp3,4647
v07064,ời,v07064.mp3,5535
v07065,ờn,v07065.mp3,6981
v07066,ở,v07066.mp3,22
v07067,ợ,v07067.mp3,3991
v07068,ợt,v07068.mp3,6159
v07069,ụ,v07069.mp3,3823
v07070,ục,v07070.mp3,5433
v07071,ụp,v07071.mp3,5640
v07072,ủ,v07072.mp3,2323
v07073,ủa,v07073.mp3,5159
v07074,ủi,v07074.mp3,2338
v07075,ủn,v07075.mp3,6495
v07076,ủng,v07076.mp3,1023
v07077,ứ,v07077.mp3,2342
v07078,ứa,v07078.mp3,3962
v07079,ức,v07079.mp3,1699
v07080,ứng,v07080.mp3,403
v07081,ừ,v07081.mp3,3655
v07082,ừa,v07082.mp3,7052
v07083,ừng,v07083.mp3,5851
v07084,ử,v07084.mp3,6383
v07085,ửng,v07085.mp3,4276
v07086,ự,v07086.mp3,6267
v07087,ực,v07087.mp3,5619
v07088,ỳ,v07088.mp3,4115
v07089,ỷ,v07089.mp3,3277
v07090,ỹ,v07090.mp3,5910
